typ;id;model_id;kod_kreskowy;numer_egzemplarza;stara_nazwa;nowa_nazwa;zmieniono;reguly;status_po;podejrzane_powody
MODEL_OPAKOWANIA;1;1;;;"1 x Monitor 43"" (PANASONIC TH-43CQE1W)";"1 x Monitor 43"" (PANASONIC TH-43CQE1W)";NIE;;OK;
EGZEMPLARZ_OPAKOWANIA;374;1;0100000000334;1;"1 x Monitor 43"" (PANASONIC TH-43CQE1W) 1/1szt Waga: 29.1kg [1]";"1 x Monitor 43"" (PANASONIC TH-43CQE1W) [1]";TAK;usunieto_stan_szt_i_wage | zachowano_numer_egzemplarza;OK;
MODEL_OPAKOWANIA;2;2;;;1 x Pulpit dla tłumaczy Bosch Integrus LBB3222/04 (zestaw 2);1 x Pulpit dla tłumaczy Bosch Integrus LBB3222/04 (zestaw 2);NIE;;OK;
EGZEMPLARZ_OPAKOWANIA;72;2;0100000000091;;1 x Pulpit dla tłumaczy Bosch Integrus LBB3222/04 (zestaw 2) 1/1szt Waga: 8.4kg;1 x Pulpit dla tłumaczy Bosch Integrus LBB3222/04 (zestaw 2);TAK;usunieto_stan_szt_i_wage;OK;
MODEL_OPAKOWANIA;3;3;;;10 x LedBar TRIBAR 400 IR (zestaw 1);10 x LedBar TRIBAR 400 IR (zestaw 1);NIE;;OK;
EGZEMPLARZ_OPAKOWANIA;90;3;0100000000010;;10 x LedBar TRIBAR 400 IR (zestaw 1) 10/10szt Waga: 58kg;10 x LedBar TRIBAR 400 IR (zestaw 1);TAK;usunieto_stan_szt_i_wage;OK;
MODEL_OPAKOWANIA;4;4;;;10 x LedBar TRIBAR 400 IR (zestaw 2);10 x LedBar TRIBAR 400 IR (zestaw 2);NIE;;OK;
EGZEMPLARZ_OPAKOWANIA;11;4;0100000000011;;10 x LedBar TRIBAR 400 IR (zestaw 2) 10/10szt Waga: 58kg;10 x LedBar TRIBAR 400 IR (zestaw 2);TAK;usunieto_stan_szt_i_wage;OK;
MODEL_OPAKOWANIA;5;5;;;10 x LedBar TRIBAR 400 IR (zestaw 3);10 x LedBar TRIBAR 400 IR (zestaw 3);NIE;;OK;
EGZEMPLARZ_OPAKOWANIA;158;5;0100000000012;;10 x LedBar TRIBAR 400 IR (zestaw 3) 10/10szt Waga: 58kg;10 x LedBar TRIBAR 400 IR (zestaw 3);TAK;usunieto_stan_szt_i_wage;OK;
MODEL_OPAKOWANIA;6;6;;;10 x LedBar TRIBAR 400 IR (zestaw 4);10 x LedBar TRIBAR 400 IR (zestaw 4);NIE;;OK;
EGZEMPLARZ_OPAKOWANIA;433;6;0100000000013;;10 x LedBar TRIBAR 400 IR (zestaw 4) 10/10szt Waga: 58kg;10 x LedBar TRIBAR 400 IR (zestaw 4);TAK;usunieto_stan_szt_i_wage;OK;
MODEL_OPAKOWANIA;7;7;;;2 x Aktywna kolumna DAS Audio Action-508A (zestaw 1);2 x Aktywna kolumna DAS Audio Action-508A (zestaw 1);NIE;;OK;
EGZEMPLARZ_OPAKOWANIA;148;7;0100000000092;;2 x Aktywna kolumna DAS Audio Action-508A (zestaw 1) 2/2szt Waga: 40.2kg;2 x Aktywna kolumna DAS Audio Action-508A (zestaw 1);TAK;usunieto_stan_szt_i_wage;OK;
MODEL_OPAKOWANIA;8;8;;;2 x Aktywna kolumna DAS Audio Action-508A (zestaw 2);2 x Aktywna kolumna DAS Audio Action-508A (zestaw 2);NIE;;OK;
EGZEMPLARZ_OPAKOWANIA;220;8;0100000000093;;2 x Aktywna kolumna DAS Audio Action-508A (zestaw 2) 2/2szt Waga: 40.2kg;2 x Aktywna kolumna DAS Audio Action-508A (zestaw 2);TAK;usunieto_stan_szt_i_wage;OK;
MODEL_OPAKOWANIA;9;9;;;2 x Aktywna kolumna Proel WD12A (zestaw 1);2 x Aktywna kolumna Proel WD12A (zestaw 1);NIE;;OK;
EGZEMPLARZ_OPAKOWANIA;123;9;0100000000098;;2 x Aktywna kolumna Proel WD12A (zestaw 1) 2/2szt Waga: 48.6kg;2 x Aktywna kolumna Proel WD12A (zestaw 1);TAK;usunieto_stan_szt_i_wage;OK;
MODEL_OPAKOWANIA;10;10;;;2 x Aktywna kolumna Proel WD12A (zestaw 2);2 x Aktywna kolumna Proel WD12A (zestaw 2);NIE;;OK;
EGZEMPLARZ_OPAKOWANIA;82;10;0100000000099;;2 x Aktywna kolumna Proel WD12A (zestaw 2) 2/2szt Waga: 48.6kg;2 x Aktywna kolumna Proel WD12A (zestaw 2);TAK;usunieto_stan_szt_i_wage;OK;
MODEL_OPAKOWANIA;11;11;;;2 x Aktywna kolumna Turbosound iQ12 (zestaw 1);2 x Aktywna kolumna Turbosound iQ12 (zestaw 1);NIE;;OK;
EGZEMPLARZ_OPAKOWANIA;459;11;0100000000100;;2 x Aktywna kolumna Turbosound iQ12 (zestaw 1) 2/2szt Waga: 63.6kg;2 x Aktywna kolumna Turbosound iQ12 (zestaw 1);TAK;usunieto_stan_szt_i_wage;OK;
MODEL_OPAKOWANIA;12;12;;;2 x Kolumna pasywna L'Acoustics X12 (zestaw 1);2 x Kolumna pasywna L'Acoustics X12 (zestaw 1);NIE;;OK;
EGZEMPLARZ_OPAKOWANIA;221;12;0100000000056;;2 x Kolumna pasywna L'Acoustics X12 (zestaw 1) 2/2szt Waga: 65kg;2 x Kolumna pasywna L'Acoustics X12 (zestaw 1);TAK;usunieto_stan_szt_i_wage;OK;
MODEL_OPAKOWANIA;13;13;;;2 x Kolumna pasywna L'Acoustics X12 (zestaw 2);2 x Kolumna pasywna L'Acoustics X12 (zestaw 2);NIE;;OK;
EGZEMPLARZ_OPAKOWANIA;217;13;0100000000057;;2 x Kolumna pasywna L'Acoustics X12 (zestaw 2) 2/2szt Waga: 65kg;2 x Kolumna pasywna L'Acoustics X12 (zestaw 2);TAK;usunieto_stan_szt_i_wage;OK;
MODEL_OPAKOWANIA;14;14;;;2 x Kolumna pasywna L'Acoustics X8 (zestaw 1);2 x Kolumna pasywna L'Acoustics X8 (zestaw 1);NIE;;OK;
EGZEMPLARZ_OPAKOWANIA;107;14;0100000000054;;2 x Kolumna pasywna L'Acoustics X8 (zestaw 1) 2/2szt Waga: 39.3kg;2 x Kolumna pasywna L'Acoustics X8 (zestaw 1);TAK;usunieto_stan_szt_i_wage;OK;
MODEL_OPAKOWANIA;15;15;;;2 x Kolumna pasywna L'Acoustics X8 (zestaw 2);2 x Kolumna pasywna L'Acoustics X8 (zestaw 2);NIE;;OK;
EGZEMPLARZ_OPAKOWANIA;393;15;0100000000055;;2 x Kolumna pasywna L'Acoustics X8 (zestaw 2) 2/2szt Waga: 39.3kg;2 x Kolumna pasywna L'Acoustics X8 (zestaw 2);TAK;usunieto_stan_szt_i_wage;OK;
MODEL_OPAKOWANIA;16;16;;;2 x LAPTOP DO GŁOSOWAŃ [Lenovo T540p] (zestaw 1);2 x LAPTOP DO GŁOSOWAŃ [Lenovo T540p] (zestaw 1);NIE;;OK;
EGZEMPLARZ_OPAKOWANIA;71;16;0100000000133;2;2 x LAPTOP DO GŁOSOWAŃ [Lenovo T540p] (zestaw 1) 2/2szt Waga: 9.4kg [2];2 x LAPTOP DO GŁOSOWAŃ [Lenovo T540p] (zestaw 1) [2];TAK;usunieto_stan_szt_i_wage | zachowano_numer_egzemplarza;OK;
MODEL_OPAKOWANIA;17;17;;;2 x LAPTOP DO GŁOSOWAŃ [Lenovo T540p] (zestaw 2);2 x LAPTOP DO GŁOSOWAŃ [Lenovo T540p] (zestaw 2);NIE;;OK;
EGZEMPLARZ_OPAKOWANIA;357;17;0100000000134;1;2 x LAPTOP DO GŁOSOWAŃ [Lenovo T540p] (zestaw 2) 2/2szt Waga: 9.4kg [1];2 x LAPTOP DO GŁOSOWAŃ [Lenovo T540p] (zestaw 2) [1];TAK;usunieto_stan_szt_i_wage | zachowano_numer_egzemplarza;OK;
MODEL_OPAKOWANIA;18;18;;;2 x LAPTOP DO GŁOSOWAŃ [Lenovo T540p] (zestaw 3);2 x LAPTOP DO GŁOSOWAŃ [Lenovo T540p] (zestaw 3);NIE;;OK;
EGZEMPLARZ_OPAKOWANIA;137;18;0100000000135;3;2 x LAPTOP DO GŁOSOWAŃ [Lenovo T540p] (zestaw 3) 2/2szt Waga: 9.4kg [3];2 x LAPTOP DO GŁOSOWAŃ [Lenovo T540p] (zestaw 3) [3];TAK;usunieto_stan_szt_i_wage | zachowano_numer_egzemplarza;OK;
MODEL_OPAKOWANIA;19;19;;;2 x LAPTOP POMOCNICZNY [Dell Latitude E5450] (zestaw 1);2 x LAPTOP POMOCNICZNY [Dell Latitude E5450] (zestaw 1);NIE;;OK;
EGZEMPLARZ_OPAKOWANIA;394;19;0100000000144;1;2 x LAPTOP POMOCNICZNY [Dell Latitude E5450] (zestaw 1) 2/2szt Waga: 10.5kg [1];2 x LAPTOP POMOCNICZNY [Dell Latitude E5450] (zestaw 1) [1];TAK;usunieto_stan_szt_i_wage | zachowano_numer_egzemplarza;OK;
MODEL_OPAKOWANIA;20;20;;;2 x LAPTOP POMOCNICZNY [Dell Latitude E5450] (zestaw 10);2 x LAPTOP POMOCNICZNY [Dell Latitude E5450] (zestaw 10);NIE;;OK;
EGZEMPLARZ_OPAKOWANIA;111;20;0100000000139;10;2 x LAPTOP POMOCNICZNY [Dell Latitude E5450] (zestaw 10) 2/2szt Waga: 10.5kg [10];2 x LAPTOP POMOCNICZNY [Dell Latitude E5450] (zestaw 10) [10];TAK;usunieto_stan_szt_i_wage | zachowano_numer_egzemplarza;OK;
MODEL_OPAKOWANIA;21;21;;;2 x LAPTOP POMOCNICZNY [Dell Latitude E5450] (zestaw 2);2 x LAPTOP POMOCNICZNY [Dell Latitude E5450] (zestaw 2);NIE;;OK;
EGZEMPLARZ_OPAKOWANIA;228;21;0100000000142;2;2 x LAPTOP POMOCNICZNY [Dell Latitude E5450] (zestaw 2) 2/2szt Waga: 10.5kg [2];2 x LAPTOP POMOCNICZNY [Dell Latitude E5450] (zestaw 2) [2];TAK;usunieto_stan_szt_i_wage | zachowano_numer_egzemplarza;OK;
MODEL_OPAKOWANIA;22;22;;;2 x LAPTOP POMOCNICZNY [Dell Latitude E5450] (zestaw 3);2 x LAPTOP POMOCNICZNY [Dell Latitude E5450] (zestaw 3);NIE;;OK;
EGZEMPLARZ_OPAKOWANIA;34;22;0100000000138;3;2 x LAPTOP POMOCNICZNY [Dell Latitude E5450] (zestaw 3) 2/2szt Waga: 10.5kg [3];2 x LAPTOP POMOCNICZNY [Dell Latitude E5450] (zestaw 3) [3];TAK;usunieto_stan_szt_i_wage | zachowano_numer_egzemplarza;OK;
MODEL_OPAKOWANIA;23;23;;;2 x LAPTOP POMOCNICZNY [Dell Latitude E5450] (zestaw 4);2 x LAPTOP POMOCNICZNY [Dell Latitude E5450] (zestaw 4);NIE;;OK;
EGZEMPLARZ_OPAKOWANIA;94;23;0100000000145;4;2 x LAPTOP POMOCNICZNY [Dell Latitude E5450] (zestaw 4) 2/2szt Waga: 10.5kg [4];2 x LAPTOP POMOCNICZNY [Dell Latitude E5450] (zestaw 4) [4];TAK;usunieto_stan_szt_i_wage | zachowano_numer_egzemplarza;OK;
MODEL_OPAKOWANIA;24;24;;;2 x LAPTOP POMOCNICZNY [Dell Latitude E5450] (zestaw 5);2 x LAPTOP POMOCNICZNY [Dell Latitude E5450] (zestaw 5);NIE;;OK;
EGZEMPLARZ_OPAKOWANIA;187;24;0100000000140;5;2 x LAPTOP POMOCNICZNY [Dell Latitude E5450] (zestaw 5) 2/2szt Waga: 10.5kg [5];2 x LAPTOP POMOCNICZNY [Dell Latitude E5450] (zestaw 5) [5];TAK;usunieto_stan_szt_i_wage | zachowano_numer_egzemplarza;OK;
MODEL_OPAKOWANIA;25;25;;;2 x LAPTOP POMOCNICZNY [Dell Latitude E5450] (zestaw 6);2 x LAPTOP POMOCNICZNY [Dell Latitude E5450] (zestaw 6);NIE;;OK;
EGZEMPLARZ_OPAKOWANIA;224;25;0100000000141;6;2 x LAPTOP POMOCNICZNY [Dell Latitude E5450] (zestaw 6) 2/2szt Waga: 10.5kg [6];2 x LAPTOP POMOCNICZNY [Dell Latitude E5450] (zestaw 6) [6];TAK;usunieto_stan_szt_i_wage | zachowano_numer_egzemplarza;OK;
MODEL_OPAKOWANIA;26;26;;;2 x LAPTOP POMOCNICZNY [Dell Latitude E5450] (zestaw 7);2 x LAPTOP POMOCNICZNY [Dell Latitude E5450] (zestaw 7);NIE;;OK;
EGZEMPLARZ_OPAKOWANIA;178;26;0100000000143;7;2 x LAPTOP POMOCNICZNY [Dell Latitude E5450] (zestaw 7) 2/2szt Waga: 10.5kg [7];2 x LAPTOP POMOCNICZNY [Dell Latitude E5450] (zestaw 7) [7];TAK;usunieto_stan_szt_i_wage | zachowano_numer_egzemplarza;OK;
MODEL_OPAKOWANIA;27;27;;;2 x LAPTOP POMOCNICZNY [Dell Latitude E5450] (zestaw 8);2 x LAPTOP POMOCNICZNY [Dell Latitude E5450] (zestaw 8);NIE;;OK;
EGZEMPLARZ_OPAKOWANIA;64;27;0100000000137;8;2 x LAPTOP POMOCNICZNY [Dell Latitude E5450] (zestaw 8) 2/2szt Waga: 10.5kg [8];2 x LAPTOP POMOCNICZNY [Dell Latitude E5450] (zestaw 8) [8];TAK;usunieto_stan_szt_i_wage | zachowano_numer_egzemplarza;OK;
MODEL_OPAKOWANIA;28;28;;;2 x LAPTOP POMOCNICZNY [Dell Latitude E5450] (zestaw 9);2 x LAPTOP POMOCNICZNY [Dell Latitude E5450] (zestaw 9);NIE;;OK;
EGZEMPLARZ_OPAKOWANIA;169;28;0100000000136;9;2 x LAPTOP POMOCNICZNY [Dell Latitude E5450] (zestaw 9) 2/2szt Waga: 10.5kg [9];2 x LAPTOP POMOCNICZNY [Dell Latitude E5450] (zestaw 9) [9];TAK;usunieto_stan_szt_i_wage | zachowano_numer_egzemplarza;OK;
MODEL_OPAKOWANIA;29;29;;;2 x LAPTOP REALIZACYJNY [DELL Latitude 5440] (zestaw 4);2 x LAPTOP REALIZACYJNY [DELL Latitude 5440] (zestaw 4);NIE;;OK;
EGZEMPLARZ_OPAKOWANIA;168;29;0100000000146;4;2 x LAPTOP REALIZACYJNY [DELL Latitude 5440] (zestaw 4) 2/2szt Waga: 9.5kg [4];2 x LAPTOP REALIZACYJNY [DELL Latitude 5440] (zestaw 4) [4];TAK;usunieto_stan_szt_i_wage | zachowano_numer_egzemplarza;OK;
MODEL_OPAKOWANIA;30;30;;;2 x LAPTOP REALIZACYJNY [DELL PRO PLUS 14] (zestaw 1);2 x LAPTOP REALIZACYJNY [DELL PRO PLUS 14] (zestaw 1);NIE;;OK;
EGZEMPLARZ_OPAKOWANIA;174;30;0100000000489;1;2 x LAPTOP REALIZACYJNY [DELL PRO PLUS 14] (zestaw 1) 2/2szt Waga: 4.4kg [1];2 x LAPTOP REALIZACYJNY [DELL PRO PLUS 14] (zestaw 1) [1];TAK;usunieto_stan_szt_i_wage | zachowano_numer_egzemplarza;OK;
MODEL_OPAKOWANIA;31;31;;;2 x LAPTOP REALIZACYJNY [DELL PRO PLUS 14] (zestaw 10);2 x LAPTOP REALIZACYJNY [DELL PRO PLUS 14] (zestaw 10);NIE;;OK;
EGZEMPLARZ_OPAKOWANIA;356;31;0100000000498;10;2 x LAPTOP REALIZACYJNY [DELL PRO PLUS 14] (zestaw 10) 2/2szt Waga: 4.4kg [10];2 x LAPTOP REALIZACYJNY [DELL PRO PLUS 14] (zestaw 10) [10];TAK;usunieto_stan_szt_i_wage | zachowano_numer_egzemplarza;OK;
MODEL_OPAKOWANIA;32;32;;;2 x LAPTOP REALIZACYJNY [DELL PRO PLUS 14] (zestaw 2);2 x LAPTOP REALIZACYJNY [DELL PRO PLUS 14] (zestaw 2);NIE;;OK;
EGZEMPLARZ_OPAKOWANIA;52;32;0100000000490;2;2 x LAPTOP REALIZACYJNY [DELL PRO PLUS 14] (zestaw 2) 2/2szt Waga: 4.4kg [2];2 x LAPTOP REALIZACYJNY [DELL PRO PLUS 14] (zestaw 2) [2];TAK;usunieto_stan_szt_i_wage | zachowano_numer_egzemplarza;OK;
MODEL_OPAKOWANIA;33;33;;;2 x LAPTOP REALIZACYJNY [DELL PRO PLUS 14] (zestaw 3);2 x LAPTOP REALIZACYJNY [DELL PRO PLUS 14] (zestaw 3);NIE;;OK;
EGZEMPLARZ_OPAKOWANIA;179;33;0100000000491;3;2 x LAPTOP REALIZACYJNY [DELL PRO PLUS 14] (zestaw 3) 2/2szt Waga: 4.4kg [3];2 x LAPTOP REALIZACYJNY [DELL PRO PLUS 14] (zestaw 3) [3];TAK;usunieto_stan_szt_i_wage | zachowano_numer_egzemplarza;OK;
MODEL_OPAKOWANIA;34;34;;;2 x LAPTOP REALIZACYJNY [DELL PRO PLUS 14] (zestaw 4);2 x LAPTOP REALIZACYJNY [DELL PRO PLUS 14] (zestaw 4);NIE;;OK;
EGZEMPLARZ_OPAKOWANIA;389;34;0100000000492;4;2 x LAPTOP REALIZACYJNY [DELL PRO PLUS 14] (zestaw 4) 2/2szt Waga: 4.4kg [4];2 x LAPTOP REALIZACYJNY [DELL PRO PLUS 14] (zestaw 4) [4];TAK;usunieto_stan_szt_i_wage | zachowano_numer_egzemplarza;OK;
MODEL_OPAKOWANIA;35;35;;;2 x LAPTOP REALIZACYJNY [DELL PRO PLUS 14] (zestaw 5);2 x LAPTOP REALIZACYJNY [DELL PRO PLUS 14] (zestaw 5);NIE;;OK;
EGZEMPLARZ_OPAKOWANIA;360;35;0100000000493;5;2 x LAPTOP REALIZACYJNY [DELL PRO PLUS 14] (zestaw 5) 2/2szt Waga: 4.4kg [5];2 x LAPTOP REALIZACYJNY [DELL PRO PLUS 14] (zestaw 5) [5];TAK;usunieto_stan_szt_i_wage | zachowano_numer_egzemplarza;OK;
MODEL_OPAKOWANIA;36;36;;;2 x LAPTOP REALIZACYJNY [DELL PRO PLUS 14] (zestaw 6);2 x LAPTOP REALIZACYJNY [DELL PRO PLUS 14] (zestaw 6);NIE;;OK;
EGZEMPLARZ_OPAKOWANIA;232;36;0100000000494;6;2 x LAPTOP REALIZACYJNY [DELL PRO PLUS 14] (zestaw 6) 2/2szt Waga: 4.4kg [6];2 x LAPTOP REALIZACYJNY [DELL PRO PLUS 14] (zestaw 6) [6];TAK;usunieto_stan_szt_i_wage | zachowano_numer_egzemplarza;OK;
MODEL_OPAKOWANIA;37;37;;;2 x LAPTOP REALIZACYJNY [DELL PRO PLUS 14] (zestaw 7);2 x LAPTOP REALIZACYJNY [DELL PRO PLUS 14] (zestaw 7);NIE;;OK;
EGZEMPLARZ_OPAKOWANIA;46;37;0100000000495;7;2 x LAPTOP REALIZACYJNY [DELL PRO PLUS 14] (zestaw 7) 2/2szt Waga: 4.4kg [7];2 x LAPTOP REALIZACYJNY [DELL PRO PLUS 14] (zestaw 7) [7];TAK;usunieto_stan_szt_i_wage | zachowano_numer_egzemplarza;OK;
MODEL_OPAKOWANIA;38;38;;;2 x LAPTOP REALIZACYJNY [DELL PRO PLUS 14] (zestaw 8);2 x LAPTOP REALIZACYJNY [DELL PRO PLUS 14] (zestaw 8);NIE;;OK;
EGZEMPLARZ_OPAKOWANIA;121;38;0100000000496;8;2 x LAPTOP REALIZACYJNY [DELL PRO PLUS 14] (zestaw 8) 2/2szt Waga: 4.4kg [8];2 x LAPTOP REALIZACYJNY [DELL PRO PLUS 14] (zestaw 8) [8];TAK;usunieto_stan_szt_i_wage | zachowano_numer_egzemplarza;OK;
MODEL_OPAKOWANIA;39;39;;;2 x LAPTOP REALIZACYJNY [DELL PRO PLUS 14] (zestaw 9);2 x LAPTOP REALIZACYJNY [DELL PRO PLUS 14] (zestaw 9);NIE;;OK;
EGZEMPLARZ_OPAKOWANIA;161;39;0100000000497;9;2 x LAPTOP REALIZACYJNY [DELL PRO PLUS 14] (zestaw 9) 2/2szt Waga: 4.4kg [9];2 x LAPTOP REALIZACYJNY [DELL PRO PLUS 14] (zestaw 9) [9];TAK;usunieto_stan_szt_i_wage | zachowano_numer_egzemplarza;OK;
MODEL_OPAKOWANIA;40;40;;;2 x LAPTOP REALIZACYJNY [Dell Latitude 5440] (zestaw 1);2 x LAPTOP REALIZACYJNY [Dell Latitude 5440] (zestaw 1);NIE;;OK;
EGZEMPLARZ_OPAKOWANIA;355;40;0100000000103;1;2 x LAPTOP REALIZACYJNY [Dell Latitude 5440] (zestaw 1) 2/2szt Waga: 9.2kg [1];2 x LAPTOP REALIZACYJNY [Dell Latitude 5440] (zestaw 1) [1];TAK;usunieto_stan_szt_i_wage | zachowano_numer_egzemplarza;OK;
MODEL_OPAKOWANIA;41;41;;;2 x LAPTOP REALIZACYJNY [Dell Latitude 5440] (zestaw 10);2 x LAPTOP REALIZACYJNY [Dell Latitude 5440] (zestaw 10);NIE;;OK;
EGZEMPLARZ_OPAKOWANIA;323;41;0100000000166;10;2 x LAPTOP REALIZACYJNY [Dell Latitude 5440] (zestaw 10) 0/2szt Waga: 4.30kg [10];2 x LAPTOP REALIZACYJNY [Dell Latitude 5440] (zestaw 10) [10];TAK;usunieto_stan_szt_i_wage | zachowano_numer_egzemplarza;OK;
MODEL_OPAKOWANIA;42;42;;;2 x LAPTOP REALIZACYJNY [Dell Latitude 5440] (zestaw 11);2 x LAPTOP REALIZACYJNY [Dell Latitude 5440] (zestaw 11);NIE;;OK;
EGZEMPLARZ_OPAKOWANIA;385;42;0100000000164;11;2 x LAPTOP REALIZACYJNY [Dell Latitude 5440] (zestaw 11) 2/2szt Waga: 8.5kg [11];2 x LAPTOP REALIZACYJNY [Dell Latitude 5440] (zestaw 11) [11];TAK;usunieto_stan_szt_i_wage | zachowano_numer_egzemplarza;OK;
MODEL_OPAKOWANIA;43;43;;;2 x LAPTOP REALIZACYJNY [Dell Latitude 5440] (zestaw 12);2 x LAPTOP REALIZACYJNY [Dell Latitude 5440] (zestaw 12);NIE;;OK;
EGZEMPLARZ_OPAKOWANIA;427;43;0100000000171;12;2 x LAPTOP REALIZACYJNY [Dell Latitude 5440] (zestaw 12) 2/2szt Waga: 8.5kg [12];2 x LAPTOP REALIZACYJNY [Dell Latitude 5440] (zestaw 12) [12];TAK;usunieto_stan_szt_i_wage | zachowano_numer_egzemplarza;OK;
MODEL_OPAKOWANIA;44;44;;;2 x LAPTOP REALIZACYJNY [Dell Latitude 5440] (zestaw 13);2 x LAPTOP REALIZACYJNY [Dell Latitude 5440] (zestaw 13);NIE;;OK;
EGZEMPLARZ_OPAKOWANIA;162;44;0100000000167;13;2 x LAPTOP REALIZACYJNY [Dell Latitude 5440] (zestaw 13) 3/2szt Waga: 8.5kg [13];2 x LAPTOP REALIZACYJNY [Dell Latitude 5440] (zestaw 13) [13];TAK;usunieto_stan_szt_i_wage | zachowano_numer_egzemplarza;OK;
MODEL_OPAKOWANIA;45;45;;;2 x LAPTOP REALIZACYJNY [Dell Latitude 5440] (zestaw 14);2 x LAPTOP REALIZACYJNY [Dell Latitude 5440] (zestaw 14);NIE;;OK;
EGZEMPLARZ_OPAKOWANIA;198;45;0100000000168;14;2 x LAPTOP REALIZACYJNY [Dell Latitude 5440] (zestaw 14) 2/2szt Waga: 8.5kg [14];2 x LAPTOP REALIZACYJNY [Dell Latitude 5440] (zestaw 14) [14];TAK;usunieto_stan_szt_i_wage | zachowano_numer_egzemplarza;OK;
MODEL_OPAKOWANIA;46;46;;;2 x LAPTOP REALIZACYJNY [Dell Latitude 5440] (zestaw 15);2 x LAPTOP REALIZACYJNY [Dell Latitude 5440] (zestaw 15);NIE;;OK;
EGZEMPLARZ_OPAKOWANIA;415;46;0100000000172;15;2 x LAPTOP REALIZACYJNY [Dell Latitude 5440] (zestaw 15) 2/2szt Waga: 8.5kg [15];2 x LAPTOP REALIZACYJNY [Dell Latitude 5440] (zestaw 15) [15];TAK;usunieto_stan_szt_i_wage | zachowano_numer_egzemplarza;OK;
MODEL_OPAKOWANIA;47;47;;;2 x LAPTOP REALIZACYJNY [Dell Latitude 5440] (zestaw 2);2 x LAPTOP REALIZACYJNY [Dell Latitude 5440] (zestaw 2);NIE;;OK;
EGZEMPLARZ_OPAKOWANIA;210;47;0100000000104;2;2 x LAPTOP REALIZACYJNY [Dell Latitude 5440] (zestaw 2) 2/2szt Waga: 9.2kg [2];2 x LAPTOP REALIZACYJNY [Dell Latitude 5440] (zestaw 2) [2];TAK;usunieto_stan_szt_i_wage | zachowano_numer_egzemplarza;OK;
MODEL_OPAKOWANIA;48;48;;;2 x LAPTOP REALIZACYJNY [Dell Latitude 5440] (zestaw 3);2 x LAPTOP REALIZACYJNY [Dell Latitude 5440] (zestaw 3);NIE;;OK;
EGZEMPLARZ_OPAKOWANIA;395;48;0100000000105;3;2 x LAPTOP REALIZACYJNY [Dell Latitude 5440] (zestaw 3) 2/2szt Waga: 9.2kg [3];2 x LAPTOP REALIZACYJNY [Dell Latitude 5440] (zestaw 3) [3];TAK;usunieto_stan_szt_i_wage | zachowano_numer_egzemplarza;OK;
MODEL_OPAKOWANIA;49;49;;;2 x LAPTOP REALIZACYJNY [Dell Latitude 5440] (zestaw 5);2 x LAPTOP REALIZACYJNY [Dell Latitude 5440] (zestaw 5);NIE;;OK;
EGZEMPLARZ_OPAKOWANIA;3;49;0100000000107;5;2 x LAPTOP REALIZACYJNY [Dell Latitude 5440] (zestaw 5) 2/2szt Waga: 9.2kg [5];2 x LAPTOP REALIZACYJNY [Dell Latitude 5440] (zestaw 5) [5];TAK;usunieto_stan_szt_i_wage | zachowano_numer_egzemplarza;OK;
MODEL_OPAKOWANIA;50;50;;;2 x LAPTOP REALIZACYJNY [Dell Latitude 5440] (zestaw 6);2 x LAPTOP REALIZACYJNY [Dell Latitude 5440] (zestaw 6);NIE;;OK;
EGZEMPLARZ_OPAKOWANIA;149;50;0100000000163;6;2 x LAPTOP REALIZACYJNY [Dell Latitude 5440] (zestaw 6) 2/2szt Waga: 8.5kg [6];2 x LAPTOP REALIZACYJNY [Dell Latitude 5440] (zestaw 6) [6];TAK;usunieto_stan_szt_i_wage | zachowano_numer_egzemplarza;OK;
MODEL_OPAKOWANIA;51;51;;;2 x LAPTOP REALIZACYJNY [Dell Latitude 5440] (zestaw 7);2 x LAPTOP REALIZACYJNY [Dell Latitude 5440] (zestaw 7);NIE;;OK;
EGZEMPLARZ_OPAKOWANIA;468;51;0100000000170;7;2 x LAPTOP REALIZACYJNY [Dell Latitude 5440] (zestaw 7) 0/2szt Waga: 4.30kg [7];2 x LAPTOP REALIZACYJNY [Dell Latitude 5440] (zestaw 7) [7];TAK;usunieto_stan_szt_i_wage | zachowano_numer_egzemplarza;OK;
MODEL_OPAKOWANIA;52;52;;;2 x LAPTOP REALIZACYJNY [Dell Latitude 5440] (zestaw 8);2 x LAPTOP REALIZACYJNY [Dell Latitude 5440] (zestaw 8);NIE;;OK;
EGZEMPLARZ_OPAKOWANIA;101;52;0100000000165;8;2 x LAPTOP REALIZACYJNY [Dell Latitude 5440] (zestaw 8) 0/2szt Waga: 4.30kg [8];2 x LAPTOP REALIZACYJNY [Dell Latitude 5440] (zestaw 8) [8];TAK;usunieto_stan_szt_i_wage | zachowano_numer_egzemplarza;OK;
MODEL_OPAKOWANIA;53;53;;;2 x LAPTOP REALIZACYJNY [Dell Latitude 5440] (zestaw 9);2 x LAPTOP REALIZACYJNY [Dell Latitude 5440] (zestaw 9);NIE;;OK;
EGZEMPLARZ_OPAKOWANIA;366;53;0100000000169;9;2 x LAPTOP REALIZACYJNY [Dell Latitude 5440] (zestaw 9) 0/2szt Waga: 4.30kg [9];2 x LAPTOP REALIZACYJNY [Dell Latitude 5440] (zestaw 9) [9];TAK;usunieto_stan_szt_i_wage | zachowano_numer_egzemplarza;OK;
MODEL_OPAKOWANIA;54;54;;;2 x Laptop REALIZACYJNY [Dell Precision 3520] (zestaw 1);2 x Laptop REALIZACYJNY [Dell Precision 3520] (zestaw 1);NIE;;OK;
EGZEMPLARZ_OPAKOWANIA;371;54;0100000000108;;2 x Laptop REALIZACYJNY [Dell Precision 3520] (zestaw 1) 2/2szt Waga: 9.6kg;2 x Laptop REALIZACYJNY [Dell Precision 3520] (zestaw 1);TAK;usunieto_stan_szt_i_wage;OK;
MODEL_OPAKOWANIA;55;55;;;2 x Laptop REALIZACYJNY [Dell Precision 3520] (zestaw 10);2 x Laptop REALIZACYJNY [Dell Precision 3520] (zestaw 10);NIE;;OK;
EGZEMPLARZ_OPAKOWANIA;37;55;0100000000159;10;2 x Laptop REALIZACYJNY [Dell Precision 3520] (zestaw 10) 2/2szt Waga: 8.7kg [10];2 x Laptop REALIZACYJNY [Dell Precision 3520] (zestaw 10) [10];TAK;usunieto_stan_szt_i_wage | zachowano_numer_egzemplarza;OK;
MODEL_OPAKOWANIA;56;56;;;2 x Laptop REALIZACYJNY [Dell Precision 3520] (zestaw 2);2 x Laptop REALIZACYJNY [Dell Precision 3520] (zestaw 2);NIE;;OK;
EGZEMPLARZ_OPAKOWANIA;410;56;0100000000109;;2 x Laptop REALIZACYJNY [Dell Precision 3520] (zestaw 2) 2/2szt Waga: 9.6kg;2 x Laptop REALIZACYJNY [Dell Precision 3520] (zestaw 2);TAK;usunieto_stan_szt_i_wage;OK;
MODEL_OPAKOWANIA;57;57;;;2 x Laptop REALIZACYJNY [Dell Precision 3520] (zestaw 3);2 x Laptop REALIZACYJNY [Dell Precision 3520] (zestaw 3);NIE;;OK;
EGZEMPLARZ_OPAKOWANIA;183;57;0100000000110;;2 x Laptop REALIZACYJNY [Dell Precision 3520] (zestaw 3) 2/2szt Waga: 9.6kg;2 x Laptop REALIZACYJNY [Dell Precision 3520] (zestaw 3);TAK;usunieto_stan_szt_i_wage;OK;
MODEL_OPAKOWANIA;58;58;;;2 x Laptop REALIZACYJNY [Dell Precision 3520] (zestaw 4);2 x Laptop REALIZACYJNY [Dell Precision 3520] (zestaw 4);NIE;;OK;
EGZEMPLARZ_OPAKOWANIA;113;58;0100000000161;4;2 x Laptop REALIZACYJNY [Dell Precision 3520] (zestaw 4) 2/2szt Waga: 8.7kg [4];2 x Laptop REALIZACYJNY [Dell Precision 3520] (zestaw 4) [4];TAK;usunieto_stan_szt_i_wage | zachowano_numer_egzemplarza;OK;
MODEL_OPAKOWANIA;59;59;;;2 x Laptop REALIZACYJNY [Dell Precision 3520] (zestaw 5);2 x Laptop REALIZACYJNY [Dell Precision 3520] (zestaw 5);NIE;;OK;
EGZEMPLARZ_OPAKOWANIA;478;59;0100000000156;5;2 x Laptop REALIZACYJNY [Dell Precision 3520] (zestaw 5) 2/2szt Waga: 8.7kg [5];2 x Laptop REALIZACYJNY [Dell Precision 3520] (zestaw 5) [5];TAK;usunieto_stan_szt_i_wage | zachowano_numer_egzemplarza;OK;
MODEL_OPAKOWANIA;60;60;;;2 x Laptop REALIZACYJNY [Dell Precision 3520] (zestaw 6);2 x Laptop REALIZACYJNY [Dell Precision 3520] (zestaw 6);NIE;;OK;
EGZEMPLARZ_OPAKOWANIA;78;60;0100000000158;6;2 x Laptop REALIZACYJNY [Dell Precision 3520] (zestaw 6) 2/2szt Waga: 8.7kg [6];2 x Laptop REALIZACYJNY [Dell Precision 3520] (zestaw 6) [6];TAK;usunieto_stan_szt_i_wage | zachowano_numer_egzemplarza;OK;
MODEL_OPAKOWANIA;61;61;;;2 x Laptop REALIZACYJNY [Dell Precision 3520] (zestaw 7);2 x Laptop REALIZACYJNY [Dell Precision 3520] (zestaw 7);NIE;;OK;
EGZEMPLARZ_OPAKOWANIA;102;61;0100000000157;7;2 x Laptop REALIZACYJNY [Dell Precision 3520] (zestaw 7) 2/2szt Waga: 8.7kg [7];2 x Laptop REALIZACYJNY [Dell Precision 3520] (zestaw 7) [7];TAK;usunieto_stan_szt_i_wage | zachowano_numer_egzemplarza;OK;
MODEL_OPAKOWANIA;62;62;;;2 x Laptop REALIZACYJNY [Dell Precision 3520] (zestaw 8);2 x Laptop REALIZACYJNY [Dell Precision 3520] (zestaw 8);NIE;;OK;
EGZEMPLARZ_OPAKOWANIA;83;62;0100000000162;8;2 x Laptop REALIZACYJNY [Dell Precision 3520] (zestaw 8) 2/2szt Waga: 8.7kg [8];2 x Laptop REALIZACYJNY [Dell Precision 3520] (zestaw 8) [8];TAK;usunieto_stan_szt_i_wage | zachowano_numer_egzemplarza;OK;
MODEL_OPAKOWANIA;63;63;;;2 x Laptop REALIZACYJNY [Dell Precision 3520] (zestaw 9);2 x Laptop REALIZACYJNY [Dell Precision 3520] (zestaw 9);NIE;;OK;
EGZEMPLARZ_OPAKOWANIA;91;63;0100000000160;9;2 x Laptop REALIZACYJNY [Dell Precision 3520] (zestaw 9) 2/2szt Waga: 8.7kg [9];2 x Laptop REALIZACYJNY [Dell Precision 3520] (zestaw 9) [9];TAK;usunieto_stan_szt_i_wage | zachowano_numer_egzemplarza;OK;
MODEL_OPAKOWANIA;64;64;;;2 x Laptop REALIZACYJNY [MacBook Pro 14 cali M4] (zestaw 1);2 x Laptop REALIZACYJNY [MacBook Pro 14 cali M4] (zestaw 1);NIE;;OK;
EGZEMPLARZ_OPAKOWANIA;435;64;0100000000531;1;2 x Laptop REALIZACYJNY [MacBook Pro 14 cali M4] (zestaw 1) 2/2szt Waga: 8.4kg [1];2 x Laptop REALIZACYJNY [MacBook Pro 14 cali M4] (zestaw 1) [1];TAK;usunieto_stan_szt_i_wage | zachowano_numer_egzemplarza;OK;
MODEL_OPAKOWANIA;65;65;;;2 x Laptop REALIZACYJNY [MacBook Pro 14 cali M4] (zestaw 2);2 x Laptop REALIZACYJNY [MacBook Pro 14 cali M4] (zestaw 2);NIE;;OK;
EGZEMPLARZ_OPAKOWANIA;119;65;0100000000532;2;2 x Laptop REALIZACYJNY [MacBook Pro 14 cali M4] (zestaw 2) 2/2szt Waga: 8.4kg [2];2 x Laptop REALIZACYJNY [MacBook Pro 14 cali M4] (zestaw 2) [2];TAK;usunieto_stan_szt_i_wage | zachowano_numer_egzemplarza;OK;
MODEL_OPAKOWANIA;66;66;;;2 x Martin MAC Quantum Profile (zestaw 1);2 x Martin MAC Quantum Profile (zestaw 1);NIE;;OK;
EGZEMPLARZ_OPAKOWANIA;480;66;0100000000080;;2 x Martin MAC Quantum Profile (zestaw 1) 2/2szt Waga: 88.8kg;2 x Martin MAC Quantum Profile (zestaw 1);TAK;usunieto_stan_szt_i_wage;OK;
MODEL_OPAKOWANIA;67;67;;;2 x Martin MAC Quantum Profile (zestaw 2);2 x Martin MAC Quantum Profile (zestaw 2);NIE;;OK;
EGZEMPLARZ_OPAKOWANIA;390;67;0100000000084;;2 x Martin MAC Quantum Profile (zestaw 2) 2/2szt Waga: 88.8kg;2 x Martin MAC Quantum Profile (zestaw 2);TAK;usunieto_stan_szt_i_wage;OK;
MODEL_OPAKOWANIA;68;68;;;"2 x Monitor 32"" (zestaw 1)";"2 x Monitor 32"" (zestaw 1)";NIE;;OK;
EGZEMPLARZ_OPAKOWANIA;441;68;0100000000044;;"2 x Monitor 32"" (zestaw 1) 2/2szt Waga: 39.6kg";"2 x Monitor 32"" (zestaw 1)";TAK;usunieto_stan_szt_i_wage;OK;
MODEL_OPAKOWANIA;69;69;;;"2 x Monitor 32"" (zestaw 2)";"2 x Monitor 32"" (zestaw 2)";NIE;;OK;
EGZEMPLARZ_OPAKOWANIA;199;69;0100000000045;;"2 x Monitor 32"" (zestaw 2) 2/2szt Waga: 39.6kg";"2 x Monitor 32"" (zestaw 2)";TAK;usunieto_stan_szt_i_wage;OK;
MODEL_OPAKOWANIA;70;70;;;"2 x Monitor 32"" (zestaw 3)";"2 x Monitor 32"" (zestaw 3)";NIE;;OK;
EGZEMPLARZ_OPAKOWANIA;41;70;0100000000046;;"2 x Monitor 32"" (zestaw 3) 2/2szt Waga: 39.6kg";"2 x Monitor 32"" (zestaw 3)";TAK;usunieto_stan_szt_i_wage;OK;
MODEL_OPAKOWANIA;71;71;;;"2 x Monitor 43"" (zestaw 1)";"2 x Monitor 43"" (zestaw 1)";NIE;;OK;
EGZEMPLARZ_OPAKOWANIA;405;71;0100000000124;1;"2 x Monitor 43"" (zestaw 1) 2/2szt Waga: 43kg [1]";"2 x Monitor 43"" (zestaw 1) [1]";TAK;usunieto_stan_szt_i_wage | zachowano_numer_egzemplarza;OK;
MODEL_OPAKOWANIA;72;72;;;"2 x Monitor 43"" (zestaw 2)";"2 x Monitor 43"" (zestaw 2)";NIE;;OK;
EGZEMPLARZ_OPAKOWANIA;133;72;0100000000125;2;"2 x Monitor 43"" (zestaw 2) 2/2szt Waga: 43kg [2]";"2 x Monitor 43"" (zestaw 2) [2]";TAK;usunieto_stan_szt_i_wage | zachowano_numer_egzemplarza;OK;
MODEL_OPAKOWANIA;73;73;;;"2 x Monitor 43"" (zestaw 3)";"2 x Monitor 43"" (zestaw 3)";NIE;;OK;
EGZEMPLARZ_OPAKOWANIA;391;73;0100000000126;3;"2 x Monitor 43"" (zestaw 3) 2/2szt Waga: 43kg [3]";"2 x Monitor 43"" (zestaw 3) [3]";TAK;usunieto_stan_szt_i_wage | zachowano_numer_egzemplarza;OK;
MODEL_OPAKOWANIA;74;74;;;2 x Monitor 55'' (zestaw 1);2 x Monitor 55'' (zestaw 1);NIE;;OK;
EGZEMPLARZ_OPAKOWANIA;103;74;0100000000037;;2 x Monitor 55'' (zestaw 1) 2/2szt Waga: 75.2kg;2 x Monitor 55'' (zestaw 1);TAK;usunieto_stan_szt_i_wage;OK;
MODEL_OPAKOWANIA;75;75;;;2 x Monitor 55'' (zestaw 2);2 x Monitor 55'' (zestaw 2);NIE;;OK;
EGZEMPLARZ_OPAKOWANIA;66;75;0100000000038;;2 x Monitor 55'' (zestaw 2) 2/2szt Waga: 75.2kg;2 x Monitor 55'' (zestaw 2);TAK;usunieto_stan_szt_i_wage;OK;
MODEL_OPAKOWANIA;76;76;;;2 x Monitor 55'' (zestaw 3);2 x Monitor 55'' (zestaw 3);NIE;;OK;
EGZEMPLARZ_OPAKOWANIA;417;76;0100000000039;;2 x Monitor 55'' (zestaw 3) 2/2szt Waga: 75.2kg;2 x Monitor 55'' (zestaw 3);TAK;usunieto_stan_szt_i_wage;OK;
MODEL_OPAKOWANIA;77;77;;;2 x Monitor 55'' (zestaw 4);2 x Monitor 55'' (zestaw 4);NIE;;OK;
EGZEMPLARZ_OPAKOWANIA;408;77;0100000000040;;2 x Monitor 55'' (zestaw 4) 2/2szt Waga: 75.2kg;2 x Monitor 55'' (zestaw 4);TAK;usunieto_stan_szt_i_wage;OK;
MODEL_OPAKOWANIA;78;78;;;2 x Monitor 55'' (zestaw 5);2 x Monitor 55'' (zestaw 5);NIE;;OK;
EGZEMPLARZ_OPAKOWANIA;443;78;0100000000041;;2 x Monitor 55'' (zestaw 5) 2/2szt Waga: 75.2kg;2 x Monitor 55'' (zestaw 5);TAK;usunieto_stan_szt_i_wage;OK;
MODEL_OPAKOWANIA;79;79;;;2 x Monitor 55'' (zestaw 6);2 x Monitor 55'' (zestaw 6);NIE;;OK;
EGZEMPLARZ_OPAKOWANIA;424;79;0100000000042;;2 x Monitor 55'' (zestaw 6) 2/2szt Waga: 75.2kg;2 x Monitor 55'' (zestaw 6);TAK;usunieto_stan_szt_i_wage;OK;
MODEL_OPAKOWANIA;80;80;;;2 x Monitor 55'' (zestaw 7);2 x Monitor 55'' (zestaw 7);NIE;;OK;
EGZEMPLARZ_OPAKOWANIA;134;80;0100000000043;;2 x Monitor 55'' (zestaw 7) 2/2szt Waga: 75.2kg;2 x Monitor 55'' (zestaw 7);TAK;usunieto_stan_szt_i_wage;OK;
MODEL_OPAKOWANIA;81;81;;;"2 x Monitor Iiyama 22"" (zestaw 1)";"2 x Monitor Iiyama 22"" (zestaw 1)";NIE;;OK;
EGZEMPLARZ_OPAKOWANIA;115;81;0100000000022;;"2 x Monitor Iiyama 22"" (zestaw 1) 2/2szt Waga: 14.2kg";"2 x Monitor Iiyama 22"" (zestaw 1)";TAK;usunieto_stan_szt_i_wage;OK;
MODEL_OPAKOWANIA;82;82;;;"2 x Monitor Iiyama 22"" (zestaw 2)";"2 x Monitor Iiyama 22"" (zestaw 2)";NIE;;OK;
EGZEMPLARZ_OPAKOWANIA;436;82;0100000000023;;"2 x Monitor Iiyama 22"" (zestaw 2) 2/2szt Waga: 14.2kg";"2 x Monitor Iiyama 22"" (zestaw 2)";TAK;usunieto_stan_szt_i_wage;OK;
MODEL_OPAKOWANIA;83;83;;;"2 x Monitor Iiyama 22"" (zestaw 3)";"2 x Monitor Iiyama 22"" (zestaw 3)";NIE;;OK;
EGZEMPLARZ_OPAKOWANIA;483;83;0100000000024;;"2 x Monitor Iiyama 22"" (zestaw 3) 2/2szt Waga: 14.2kg";"2 x Monitor Iiyama 22"" (zestaw 3)";TAK;usunieto_stan_szt_i_wage;OK;
MODEL_OPAKOWANIA;84;84;;;"2 x Monitor Iiyama 22"" (zestaw 4)";"2 x Monitor Iiyama 22"" (zestaw 4)";NIE;;OK;
EGZEMPLARZ_OPAKOWANIA;412;84;0100000000025;;"2 x Monitor Iiyama 22"" (zestaw 4) 2/2szt Waga: 14.2kg";"2 x Monitor Iiyama 22"" (zestaw 4)";TAK;usunieto_stan_szt_i_wage;OK;
MODEL_OPAKOWANIA;85;85;;;"2 x Monitor Iiyama 22"" (zestaw 5)";"2 x Monitor Iiyama 22"" (zestaw 5)";NIE;;OK;
EGZEMPLARZ_OPAKOWANIA;98;85;0100000000026;;"2 x Monitor Iiyama 22"" (zestaw 5) 2/2szt Waga: 14.2kg";"2 x Monitor Iiyama 22"" (zestaw 5)";TAK;usunieto_stan_szt_i_wage;OK;
MODEL_OPAKOWANIA;86;86;;;"2 x Monitor Iiyama 24"" (zestaw 1)";"2 x Monitor Iiyama 24"" (zestaw 1)";NIE;;OK;
EGZEMPLARZ_OPAKOWANIA;122;86;0100000000027;1;"2 x Monitor Iiyama 24"" (zestaw 1) 2/2szt Waga: 15kg [1]";"2 x Monitor Iiyama 24"" (zestaw 1) [1]";TAK;usunieto_stan_szt_i_wage | zachowano_numer_egzemplarza;OK;
MODEL_OPAKOWANIA;87;87;;;"2 x Monitor Iiyama 24"" (zestaw 10)";"2 x Monitor Iiyama 24"" (zestaw 10)";NIE;;OK;
EGZEMPLARZ_OPAKOWANIA;5;87;0100000000383;10;"2 x Monitor Iiyama 24"" (zestaw 10) 2/2szt Waga: 15kg [10]";"2 x Monitor Iiyama 24"" (zestaw 10) [10]";TAK;usunieto_stan_szt_i_wage | zachowano_numer_egzemplarza;OK;
MODEL_OPAKOWANIA;88;88;;;"2 x Monitor Iiyama 24"" (zestaw 2)";"2 x Monitor Iiyama 24"" (zestaw 2)";NIE;;OK;
EGZEMPLARZ_OPAKOWANIA;448;88;0100000000028;2;"2 x Monitor Iiyama 24"" (zestaw 2) 2/2szt Waga: 15kg [2]";"2 x Monitor Iiyama 24"" (zestaw 2) [2]";TAK;usunieto_stan_szt_i_wage | zachowano_numer_egzemplarza;OK;
MODEL_OPAKOWANIA;89;89;;;"2 x Monitor Iiyama 24"" (zestaw 3)";"2 x Monitor Iiyama 24"" (zestaw 3)";NIE;;OK;
EGZEMPLARZ_OPAKOWANIA;317;89;0100000000029;3;"2 x Monitor Iiyama 24"" (zestaw 3) 2/2szt Waga: 15kg [3]";"2 x Monitor Iiyama 24"" (zestaw 3) [3]";TAK;usunieto_stan_szt_i_wage | zachowano_numer_egzemplarza;OK;
MODEL_OPAKOWANIA;90;90;;;"2 x Monitor Iiyama 24"" (zestaw 4)";"2 x Monitor Iiyama 24"" (zestaw 4)";NIE;;OK;
EGZEMPLARZ_OPAKOWANIA;84;90;0100000000030;4;"2 x Monitor Iiyama 24"" (zestaw 4) 2/2szt Waga: 15kg [4]";"2 x Monitor Iiyama 24"" (zestaw 4) [4]";TAK;usunieto_stan_szt_i_wage | zachowano_numer_egzemplarza;OK;
MODEL_OPAKOWANIA;91;91;;;"2 x Monitor Iiyama 24"" (zestaw 5)";"2 x Monitor Iiyama 24"" (zestaw 5)";NIE;;OK;
EGZEMPLARZ_OPAKOWANIA;451;91;0100000000031;5;"2 x Monitor Iiyama 24"" (zestaw 5) 2/2szt Waga: 15kg [5]";"2 x Monitor Iiyama 24"" (zestaw 5) [5]";TAK;usunieto_stan_szt_i_wage | zachowano_numer_egzemplarza;OK;
MODEL_OPAKOWANIA;92;92;;;"2 x Monitor Iiyama 24"" (zestaw 6)";"2 x Monitor Iiyama 24"" (zestaw 6)";NIE;;OK;
EGZEMPLARZ_OPAKOWANIA;229;92;0100000000379;6;"2 x Monitor Iiyama 24"" (zestaw 6) 2/2szt Waga: 15kg [6]";"2 x Monitor Iiyama 24"" (zestaw 6) [6]";TAK;usunieto_stan_szt_i_wage | zachowano_numer_egzemplarza;OK;
MODEL_OPAKOWANIA;93;93;;;"2 x Monitor Iiyama 24"" (zestaw 7)";"2 x Monitor Iiyama 24"" (zestaw 7)";NIE;;OK;
EGZEMPLARZ_OPAKOWANIA;155;93;0100000000380;7;"2 x Monitor Iiyama 24"" (zestaw 7) 2/2szt Waga: 15kg [7]";"2 x Monitor Iiyama 24"" (zestaw 7) [7]";TAK;usunieto_stan_szt_i_wage | zachowano_numer_egzemplarza;OK;
MODEL_OPAKOWANIA;94;94;;;"2 x Monitor Iiyama 24"" (zestaw 8)";"2 x Monitor Iiyama 24"" (zestaw 8)";NIE;;OK;
EGZEMPLARZ_OPAKOWANIA;463;94;0100000000381;8;"2 x Monitor Iiyama 24"" (zestaw 8) 2/2szt Waga: 15kg [8]";"2 x Monitor Iiyama 24"" (zestaw 8) [8]";TAK;usunieto_stan_szt_i_wage | zachowano_numer_egzemplarza;OK;
MODEL_OPAKOWANIA;95;95;;;"2 x Monitor Iiyama 24"" (zestaw 9)";"2 x Monitor Iiyama 24"" (zestaw 9)";NIE;;OK;
EGZEMPLARZ_OPAKOWANIA;9;95;0100000000382;9;"2 x Monitor Iiyama 24"" (zestaw 9) 2/2szt Waga: 15kg [9]";"2 x Monitor Iiyama 24"" (zestaw 9) [9]";TAK;usunieto_stan_szt_i_wage | zachowano_numer_egzemplarza;OK;
MODEL_OPAKOWANIA;96;96;;;"2 x Monitor dotykowy Iiyama 55"" (zestaw 1)";"2 x Monitor dotykowy Iiyama 55"" (zestaw 1)";NIE;;OK;
EGZEMPLARZ_OPAKOWANIA;362;96;0100000000032;;"2 x Monitor dotykowy Iiyama 55"" (zestaw 1) 2/2szt Waga: 86kg";"2 x Monitor dotykowy Iiyama 55"" (zestaw 1)";TAK;usunieto_stan_szt_i_wage;OK;
MODEL_OPAKOWANIA;97;97;;;"2 x Monitor dotykowy Iiyama 55"" (zestaw 2)";"2 x Monitor dotykowy Iiyama 55"" (zestaw 2)";NIE;;OK;
EGZEMPLARZ_OPAKOWANIA;432;97;0100000000033;;"2 x Monitor dotykowy Iiyama 55"" (zestaw 2) 2/2szt Waga: 86kg";"2 x Monitor dotykowy Iiyama 55"" (zestaw 2)";TAK;usunieto_stan_szt_i_wage;OK;
MODEL_OPAKOWANIA;98;98;;;"2 x Monitory Iiyama 65"" (zestaw 1)";"2 x Monitory Iiyama 65"" (zestaw 1)";NIE;;OK;
EGZEMPLARZ_OPAKOWANIA;104;98;0100000000049;;"2 x Monitory Iiyama 65"" (zestaw 1) 2/2szt Waga: 121kg";"2 x Monitory Iiyama 65"" (zestaw 1)";TAK;usunieto_stan_szt_i_wage;OK;
MODEL_OPAKOWANIA;99;99;;;"2 x Monitory Panasonic 65"" (zestaw 1)";"2 x Monitory Panasonic 65"" (zestaw 1)";NIE;;OK;
EGZEMPLARZ_OPAKOWANIA;124;99;0100000000048;;"2 x Monitory Panasonic 65"" (zestaw 1) 2/2szt Waga: 121kg";"2 x Monitory Panasonic 65"" (zestaw 1)";TAK;usunieto_stan_szt_i_wage;OK;
MODEL_OPAKOWANIA;100;100;;;2 x Naświetlacz Brighter ATOM R+ (zestaw 4);2 x Naświetlacz Brighter ATOM R+ (zestaw 4);NIE;;OK;
EGZEMPLARZ_OPAKOWANIA;350;100;0100000000073;;2 x Naświetlacz Brighter ATOM R+ (zestaw 4) 2/2szt Waga: 37kg;2 x Naświetlacz Brighter ATOM R+ (zestaw 4);TAK;usunieto_stan_szt_i_wage;OK;
MODEL_OPAKOWANIA;101;101;;;2 x Naświetlacz LIGHT GO! (zestaw 3);2 x Naświetlacz LIGHT GO! (zestaw 3);NIE;;OK;
EGZEMPLARZ_OPAKOWANIA;328;101;0100000000076;;2 x Naświetlacz LIGHT GO! (zestaw 3) 2/2szt Waga: 36.8kg;2 x Naświetlacz LIGHT GO! (zestaw 3);TAK;usunieto_stan_szt_i_wage;OK;
MODEL_OPAKOWANIA;102;102;;;2 x Pulpit dla tłumaczy Bosch Integrus LBB3222/04 (zestaw 1);2 x Pulpit dla tłumaczy Bosch Integrus LBB3222/04 (zestaw 1);NIE;;OK;
EGZEMPLARZ_OPAKOWANIA;132;102;0100000000090;;2 x Pulpit dla tłumaczy Bosch Integrus LBB3222/04 (zestaw 1) 2/2szt Waga: 16.2kg;2 x Pulpit dla tłumaczy Bosch Integrus LBB3222/04 (zestaw 1);TAK;usunieto_stan_szt_i_wage;OK;
MODEL_OPAKOWANIA;103;103;;;2 x Statyw korbowy AdamHall 4m (zestaw 1) 6/szt;2 x Statyw korbowy AdamHall 4m (zestaw 1);TAK;usunieto_stan_szt_i_wage;OK;
EGZEMPLARZ_OPAKOWANIA;445;103;0100000000014;1;2 x Statyw korbowy AdamHall 4m (zestaw 1) 6/szt Waga: 94.9kg [1];2 x Statyw korbowy AdamHall 4m (zestaw 1) [1];TAK;usunieto_stan_szt_i_wage | zachowano_numer_egzemplarza;OK;
MODEL_OPAKOWANIA;104;104;;;2 x Statyw korbowy AdamHall 4m (zestaw 2) 6/szt;2 x Statyw korbowy AdamHall 4m (zestaw 2);TAK;usunieto_stan_szt_i_wage;OK;
EGZEMPLARZ_OPAKOWANIA;455;104;0100000000015;2;2 x Statyw korbowy AdamHall 4m (zestaw 2) 6/szt Waga: 94.9kg [2];2 x Statyw korbowy AdamHall 4m (zestaw 2) [2];TAK;usunieto_stan_szt_i_wage | zachowano_numer_egzemplarza;OK;
MODEL_OPAKOWANIA;105;105;;;2 x Statyw korbowy AdamHall 4m (zestaw 3) 6/szt;2 x Statyw korbowy AdamHall 4m (zestaw 3);TAK;usunieto_stan_szt_i_wage;OK;
EGZEMPLARZ_OPAKOWANIA;176;105;0100000000016;3;2 x Statyw korbowy AdamHall 4m (zestaw 3) 6/szt Waga: 94.9kg [3];2 x Statyw korbowy AdamHall 4m (zestaw 3) [3];TAK;usunieto_stan_szt_i_wage | zachowano_numer_egzemplarza;OK;
MODEL_OPAKOWANIA;106;106;;;2 x X-Dot Brighter Wash IP (zestaw 1);2 x X-Dot Brighter Wash IP (zestaw 1);NIE;;OK;
EGZEMPLARZ_OPAKOWANIA;387;106;0100000000077;;2 x X-Dot Brighter Wash IP (zestaw 1) 2/2szt Waga: 53.4kg;2 x X-Dot Brighter Wash IP (zestaw 1);TAK;usunieto_stan_szt_i_wage;OK;
MODEL_OPAKOWANIA;107;107;;;2 x X-Dot Brighter Wash IP (zestaw 2);2 x X-Dot Brighter Wash IP (zestaw 2);NIE;;OK;
EGZEMPLARZ_OPAKOWANIA;131;107;0100000000078;;2 x X-Dot Brighter Wash IP (zestaw 2) 2/2szt Waga: 53.4kg;2 x X-Dot Brighter Wash IP (zestaw 2);TAK;usunieto_stan_szt_i_wage;OK;
MODEL_OPAKOWANIA;108;108;;;2 x X-Dot Brighter Wash IP (zestaw 3);2 x X-Dot Brighter Wash IP (zestaw 3);NIE;;OK;
EGZEMPLARZ_OPAKOWANIA;50;108;0100000000079;;2 x X-Dot Brighter Wash IP (zestaw 3) 2/2szt Waga: 53.4kg;2 x X-Dot Brighter Wash IP (zestaw 3);TAK;usunieto_stan_szt_i_wage;OK;
MODEL_OPAKOWANIA;109;109;;;"2x Monitor 75"" (zestaw 1)";"2x Monitor 75"" (zestaw 1)";NIE;;OK;
EGZEMPLARZ_OPAKOWANIA;382;109;0100000000332;1;"2x Monitor 75"" (zestaw 1) 2/2szt Waga: 150kg [1]";"2x Monitor 75"" (zestaw 1) [1]";TAK;usunieto_stan_szt_i_wage | zachowano_numer_egzemplarza;OK;
MODEL_OPAKOWANIA;110;110;;;"2x Monitor 75"" (zestaw 2)";"2x Monitor 75"" (zestaw 2)";NIE;;OK;
EGZEMPLARZ_OPAKOWANIA;423;110;0100000000330;2;"2x Monitor 75"" (zestaw 2) 2/2szt Waga: 150kg [2]";"2x Monitor 75"" (zestaw 2) [2]";TAK;usunieto_stan_szt_i_wage | zachowano_numer_egzemplarza;OK;
MODEL_OPAKOWANIA;111;111;;;"2x Monitor 75"" (zestaw 3)";"2x Monitor 75"" (zestaw 3)";NIE;;OK;
EGZEMPLARZ_OPAKOWANIA;28;111;0100000000331;3;"2x Monitor 75"" (zestaw 3) 2/2szt Waga: 150kg [3]";"2x Monitor 75"" (zestaw 3) [3]";TAK;usunieto_stan_szt_i_wage | zachowano_numer_egzemplarza;OK;
MODEL_OPAKOWANIA;112;112;;;"2x Monitor 75"" (zestaw 4)";"2x Monitor 75"" (zestaw 4)";NIE;;OK;
EGZEMPLARZ_OPAKOWANIA;380;112;0100000000329;4;"2x Monitor 75"" (zestaw 4) 2/2szt Waga: 150kg [4]";"2x Monitor 75"" (zestaw 4) [4]";TAK;usunieto_stan_szt_i_wage | zachowano_numer_egzemplarza;OK;
MODEL_OPAKOWANIA;113;113;;;4 x Aktywna kolumna DAS Audio Action-508A (zestaw 3);4 x Aktywna kolumna DAS Audio Action-508A (zestaw 3);NIE;;OK;
EGZEMPLARZ_OPAKOWANIA;202;113;0100000000094;;4 x Aktywna kolumna DAS Audio Action-508A (zestaw 3) 4/4szt Waga: 76.4kg;4 x Aktywna kolumna DAS Audio Action-508A (zestaw 3);TAK;usunieto_stan_szt_i_wage;OK;
MODEL_OPAKOWANIA;114;114;;;4 x Aktywna kolumna DAS Audio Action-508A (zestaw 4);4 x Aktywna kolumna DAS Audio Action-508A (zestaw 4);NIE;;OK;
EGZEMPLARZ_OPAKOWANIA;379;114;0100000000095;;4 x Aktywna kolumna DAS Audio Action-508A (zestaw 4) 4/4szt Waga: 76.4kg;4 x Aktywna kolumna DAS Audio Action-508A (zestaw 4);TAK;usunieto_stan_szt_i_wage;OK;
MODEL_OPAKOWANIA;115;115;;;4 x Aktywna kolumna DAS Audio Action-508A (zestaw 5);4 x Aktywna kolumna DAS Audio Action-508A (zestaw 5);NIE;;OK;
EGZEMPLARZ_OPAKOWANIA;206;115;0100000000096;;4 x Aktywna kolumna DAS Audio Action-508A (zestaw 5) 4/4szt Waga: 76.4kg;4 x Aktywna kolumna DAS Audio Action-508A (zestaw 5);TAK;usunieto_stan_szt_i_wage;OK;
MODEL_OPAKOWANIA;116;116;;;4 x Aktywna kolumna DAS Audio Action-508A (zestaw 6);4 x Aktywna kolumna DAS Audio Action-508A (zestaw 6);NIE;;OK;
EGZEMPLARZ_OPAKOWANIA;151;116;0100000000097;;4 x Aktywna kolumna DAS Audio Action-508A (zestaw 6) 4/4szt Waga: 76.4kg;4 x Aktywna kolumna DAS Audio Action-508A (zestaw 6);TAK;usunieto_stan_szt_i_wage;OK;
MODEL_OPAKOWANIA;117;117;;;4 x Biały reflektor teatralny Cameo CL200 (zestaw 1- STARA SERIA (z kołami));4 x Biały reflektor teatralny Cameo CL200 (zestaw 1- STARA SERIA (z kołami));NIE;;OK;
EGZEMPLARZ_OPAKOWANIA;108;117;0100000000058;;4 x Biały reflektor teatralny Cameo CL200 (zestaw 1- STARA SERIA (z kołami)) 4/4szt Waga: 24.8kg;4 x Biały reflektor teatralny Cameo CL200 (zestaw 1- STARA SERIA (z kołami));TAK;usunieto_stan_szt_i_wage;OK;
MODEL_OPAKOWANIA;118;118;;;4 x Biały reflektor teatralny Cameo CL200 (zestaw 2 - STARA SERIA);4 x Biały reflektor teatralny Cameo CL200 (zestaw 2 - STARA SERIA);NIE;;OK;
EGZEMPLARZ_OPAKOWANIA;399;118;0100000000059;;4 x Biały reflektor teatralny Cameo CL200 (zestaw 2 - STARA SERIA) 4/4szt Waga: 24.8kg;4 x Biały reflektor teatralny Cameo CL200 (zestaw 2 - STARA SERIA);TAK;usunieto_stan_szt_i_wage;OK;
MODEL_OPAKOWANIA;119;119;;;4 x Biały reflektor teatralny Cameo CL200 (zestaw 3 - NOWA SERIA (z kołami));4 x Biały reflektor teatralny Cameo CL200 (zestaw 3 - NOWA SERIA (z kołami));NIE;;OK;
EGZEMPLARZ_OPAKOWANIA;139;119;0100000000060;;4 x Biały reflektor teatralny Cameo CL200 (zestaw 3 - NOWA SERIA (z kołami)) 4/4szt Waga: 44kg;4 x Biały reflektor teatralny Cameo CL200 (zestaw 3 - NOWA SERIA (z kołami));TAK;usunieto_stan_szt_i_wage;OK;
MODEL_OPAKOWANIA;120;120;;;4 x Biały reflektor teatralny Cameo CL200 (zestaw 4 - NOWA SERIA);4 x Biały reflektor teatralny Cameo CL200 (zestaw 4 - NOWA SERIA);NIE;;OK;
EGZEMPLARZ_OPAKOWANIA;95;120;0100000000061;;4 x Biały reflektor teatralny Cameo CL200 (zestaw 4 - NOWA SERIA) 4/4szt Waga: 39.2kg;4 x Biały reflektor teatralny Cameo CL200 (zestaw 4 - NOWA SERIA);TAK;usunieto_stan_szt_i_wage;OK;
MODEL_OPAKOWANIA;121;121;;;4 x Biały reflektor teatralny Cameo CL200 (zestaw 5 - NOWA SERIA (z kołami));4 x Biały reflektor teatralny Cameo CL200 (zestaw 5 - NOWA SERIA (z kołami));NIE;;OK;
EGZEMPLARZ_OPAKOWANIA;222;121;0100000000062;;4 x Biały reflektor teatralny Cameo CL200 (zestaw 5 - NOWA SERIA (z kołami)) 4/4szt Waga: 24.8kg;4 x Biały reflektor teatralny Cameo CL200 (zestaw 5 - NOWA SERIA (z kołami));TAK;usunieto_stan_szt_i_wage;OK;
MODEL_OPAKOWANIA;122;122;;;4 x Biały reflektor teatralny Cameo CL200 (zestaw 6 - NOWA SERIA);4 x Biały reflektor teatralny Cameo CL200 (zestaw 6 - NOWA SERIA);NIE;;OK;
EGZEMPLARZ_OPAKOWANIA;147;122;0100000000063;;4 x Biały reflektor teatralny Cameo CL200 (zestaw 6 - NOWA SERIA) 4/4szt Waga: 24.8kg;4 x Biały reflektor teatralny Cameo CL200 (zestaw 6 - NOWA SERIA);TAK;usunieto_stan_szt_i_wage;OK;
MODEL_OPAKOWANIA;123;123;;;4 x Martin MAC Aura XIP (zestaw 1);4 x Martin MAC Aura XIP (zestaw 1);NIE;;OK;
EGZEMPLARZ_OPAKOWANIA;10;123;0100000000085;1;4 x Martin MAC Aura XIP (zestaw 1) 4/4szt Waga: 90kg [1];4 x Martin MAC Aura XIP (zestaw 1) [1];TAK;usunieto_stan_szt_i_wage | zachowano_numer_egzemplarza;OK;
MODEL_OPAKOWANIA;124;124;;;4 x Martin MAC Aura XIP (zestaw 2);4 x Martin MAC Aura XIP (zestaw 2);NIE;;OK;
EGZEMPLARZ_OPAKOWANIA;227;124;0100000000086;2;4 x Martin MAC Aura XIP (zestaw 2) 4/4szt Waga: 90kg [2];4 x Martin MAC Aura XIP (zestaw 2) [2];TAK;usunieto_stan_szt_i_wage | zachowano_numer_egzemplarza;OK;
MODEL_OPAKOWANIA;125;125;;;4 x Martin MAC Aura XIP (zestaw 3);4 x Martin MAC Aura XIP (zestaw 3);NIE;;OK;
EGZEMPLARZ_OPAKOWANIA;143;125;0100000000502;3;4 x Martin MAC Aura XIP (zestaw 3) 4/4szt Waga: 90kg [3];4 x Martin MAC Aura XIP (zestaw 3) [3];TAK;usunieto_stan_szt_i_wage | zachowano_numer_egzemplarza;OK;
MODEL_OPAKOWANIA;126;126;;;"4 x Monitor Iiyama 22"" (zestaw 1)";"4 x Monitor Iiyama 22"" (zestaw 1)";NIE;;OK;
EGZEMPLARZ_OPAKOWANIA;193;126;0100000000017;;"4 x Monitor Iiyama 22"" (zestaw 1) 4/4szt Waga: 27.2kg";"4 x Monitor Iiyama 22"" (zestaw 1)";TAK;usunieto_stan_szt_i_wage;OK;
MODEL_OPAKOWANIA;127;127;;;"4 x Monitor Iiyama 22"" (zestaw 2)";"4 x Monitor Iiyama 22"" (zestaw 2)";NIE;;OK;
EGZEMPLARZ_OPAKOWANIA;14;127;0100000000018;;"4 x Monitor Iiyama 22"" (zestaw 2) 4/4szt Waga: 27.2kg";"4 x Monitor Iiyama 22"" (zestaw 2)";TAK;usunieto_stan_szt_i_wage;OK;
MODEL_OPAKOWANIA;128;128;;;"4 x Monitor Iiyama 22"" (zestaw 3)";"4 x Monitor Iiyama 22"" (zestaw 3)";NIE;;OK;
EGZEMPLARZ_OPAKOWANIA;411;128;0100000000019;;"4 x Monitor Iiyama 22"" (zestaw 3) 4/4szt Waga: 31.2kg";"4 x Monitor Iiyama 22"" (zestaw 3)";TAK;usunieto_stan_szt_i_wage;OK;
MODEL_OPAKOWANIA;129;129;;;"4 x Monitor Iiyama 22"" (zestaw 4)";"4 x Monitor Iiyama 22"" (zestaw 4)";NIE;;OK;
EGZEMPLARZ_OPAKOWANIA;194;129;0100000000021;;"4 x Monitor Iiyama 22"" (zestaw 4) 4/4szt Waga: 31.2kg";"4 x Monitor Iiyama 22"" (zestaw 4)";TAK;usunieto_stan_szt_i_wage;OK;
MODEL_OPAKOWANIA;130;130;;;4 x Naświetlacz Brighter ATOM R+ (zestaw 1);4 x Naświetlacz Brighter ATOM R+ (zestaw 1);NIE;;OK;
EGZEMPLARZ_OPAKOWANIA;156;130;0100000000070;;4 x Naświetlacz Brighter ATOM R+ (zestaw 1) 4/4szt Waga: 76.4kg;4 x Naświetlacz Brighter ATOM R+ (zestaw 1);TAK;usunieto_stan_szt_i_wage;OK;
MODEL_OPAKOWANIA;131;131;;;4 x Naświetlacz Brighter ATOM R+ (zestaw 2);4 x Naświetlacz Brighter ATOM R+ (zestaw 2);NIE;;OK;
EGZEMPLARZ_OPAKOWANIA;112;131;0100000000071;;4 x Naświetlacz Brighter ATOM R+ (zestaw 2) 4/4szt Waga: 76.4kg;4 x Naświetlacz Brighter ATOM R+ (zestaw 2);TAK;usunieto_stan_szt_i_wage;OK;
MODEL_OPAKOWANIA;132;132;;;4 x Naświetlacz Brighter ATOM R+ (zestaw 3);4 x Naświetlacz Brighter ATOM R+ (zestaw 3);NIE;;OK;
EGZEMPLARZ_OPAKOWANIA;324;132;0100000000072;;4 x Naświetlacz Brighter ATOM R+ (zestaw 3) 4/4szt Waga: 76.4kg;4 x Naświetlacz Brighter ATOM R+ (zestaw 3);TAK;usunieto_stan_szt_i_wage;OK;
MODEL_OPAKOWANIA;133;133;;;4 x Naświetlacz LIGHT GO! (zestaw 1);4 x Naświetlacz LIGHT GO! (zestaw 1);NIE;;OK;
EGZEMPLARZ_OPAKOWANIA;175;133;0100000000074;;4 x Naświetlacz LIGHT GO! (zestaw 1) 4/4szt Waga: 76kg;4 x Naświetlacz LIGHT GO! (zestaw 1);TAK;usunieto_stan_szt_i_wage;OK;
MODEL_OPAKOWANIA;134;134;;;4 x Naświetlacz LIGHT GO! (zestaw 2);4 x Naświetlacz LIGHT GO! (zestaw 2);NIE;;OK;
EGZEMPLARZ_OPAKOWANIA;418;134;0100000000075;;4 x Naświetlacz LIGHT GO! (zestaw 2) 4/4szt Waga: 76kg;4 x Naświetlacz LIGHT GO! (zestaw 2);TAK;usunieto_stan_szt_i_wage;OK;
MODEL_OPAKOWANIA;135;135;;;4 x Robe 600X (zestaw 1);4 x Robe 600X (zestaw 1);NIE;;OK;
EGZEMPLARZ_OPAKOWANIA;205;135;0100000000087;;4 x Robe 600X (zestaw 1) 4/4szt Waga: 94.6kg;4 x Robe 600X (zestaw 1);TAK;usunieto_stan_szt_i_wage;OK;
MODEL_OPAKOWANIA;136;136;;;4 x Robe 600X (zestaw 2);4 x Robe 600X (zestaw 2);NIE;;OK;
EGZEMPLARZ_OPAKOWANIA;444;136;0100000000088;;4 x Robe 600X (zestaw 2) 4/4szt Waga: 94.6kg;4 x Robe 600X (zestaw 2);TAK;usunieto_stan_szt_i_wage;OK;
MODEL_OPAKOWANIA;137;137;;;4 x Robe 600X (zestaw 3);4 x Robe 600X (zestaw 3);NIE;;OK;
EGZEMPLARZ_OPAKOWANIA;100;137;0100000000089;;4 x Robe 600X (zestaw 3) 4/4szt Waga: 94.6kg;4 x Robe 600X (zestaw 3);TAK;usunieto_stan_szt_i_wage;OK;
MODEL_OPAKOWANIA;138;138;;;5 x LedPar Cameo CLPST64TRI3W (zestaw 1);5 x LedPar Cameo CLPST64TRI3W (zestaw 1);NIE;;OK;
EGZEMPLARZ_OPAKOWANIA;209;138;0100000000101;;5 x LedPar Cameo CLPST64TRI3W (zestaw 1) 5/5szt Waga: 57kg;5 x LedPar Cameo CLPST64TRI3W (zestaw 1);TAK;usunieto_stan_szt_i_wage;OK;
MODEL_OPAKOWANIA;139;139;;;6X KABINET ABSEN PL2.5 V2 CORNER (case 1);6X KABINET ABSEN PL2.5 V2 CORNER (case 1);NIE;;OK;
EGZEMPLARZ_OPAKOWANIA;437;139;0100000000384;1;6X KABINET ABSEN PL2.5 V2 CORNER (case 1) 6/6szt Waga: 66kg [1];6X KABINET ABSEN PL2.5 V2 CORNER (case 1) [1];TAK;usunieto_stan_szt_i_wage | zachowano_numer_egzemplarza;OK;
MODEL_OPAKOWANIA;140;140;;;6X KABINET ABSEN PL2.5 V2 CORNER (case 2);6X KABINET ABSEN PL2.5 V2 CORNER (case 2);NIE;;OK;
EGZEMPLARZ_OPAKOWANIA;440;140;0100000000385;2;6X KABINET ABSEN PL2.5 V2 CORNER (case 2) 6/6szt Waga: 66kg [2];6X KABINET ABSEN PL2.5 V2 CORNER (case 2) [2];TAK;usunieto_stan_szt_i_wage | zachowano_numer_egzemplarza;OK;
MODEL_OPAKOWANIA;141;141;;;6X KABINET ABSEN PL2.5 V2 CORNER (case 3);6X KABINET ABSEN PL2.5 V2 CORNER (case 3);NIE;;OK;
EGZEMPLARZ_OPAKOWANIA;384;141;0100000000386;3;6X KABINET ABSEN PL2.5 V2 CORNER (case 3) 6/6szt Waga: 66kg [3];6X KABINET ABSEN PL2.5 V2 CORNER (case 3) [3];TAK;usunieto_stan_szt_i_wage | zachowano_numer_egzemplarza;OK;
MODEL_OPAKOWANIA;142;142;;;6X KABINET ABSEN PL2.5 V2 CORNER (case 4);6X KABINET ABSEN PL2.5 V2 CORNER (case 4);NIE;;OK;
EGZEMPLARZ_OPAKOWANIA;392;142;0100000000387;4;6X KABINET ABSEN PL2.5 V2 CORNER (case 4) 6/6szt Waga: 66kg [4];6X KABINET ABSEN PL2.5 V2 CORNER (case 4) [4];TAK;usunieto_stan_szt_i_wage | zachowano_numer_egzemplarza;OK;
MODEL_OPAKOWANIA;143;143;;;6X KABINET ABSEN PL2.5 V2 CORNER (case 5);6X KABINET ABSEN PL2.5 V2 CORNER (case 5);NIE;;OK;
EGZEMPLARZ_OPAKOWANIA;177;143;0100000000388;5;6X KABINET ABSEN PL2.5 V2 CORNER (case 5) 6/6szt Waga: 66kg [5];6X KABINET ABSEN PL2.5 V2 CORNER (case 5) [5];TAK;usunieto_stan_szt_i_wage | zachowano_numer_egzemplarza;OK;
MODEL_OPAKOWANIA;144;144;;;6X KABINET ABSEN PL2.5 V2 CORNER (case 6);6X KABINET ABSEN PL2.5 V2 CORNER (case 6);NIE;;OK;
EGZEMPLARZ_OPAKOWANIA;225;144;0100000000389;6;6X KABINET ABSEN PL2.5 V2 CORNER (case 6) 6/6szt Waga: 66kg [6];6X KABINET ABSEN PL2.5 V2 CORNER (case 6) [6];TAK;usunieto_stan_szt_i_wage | zachowano_numer_egzemplarza;OK;
MODEL_OPAKOWANIA;145;145;;;6X KABINET ABSEN PL2.5 V2 CORNER (case 7);6X KABINET ABSEN PL2.5 V2 CORNER (case 7);NIE;;OK;
EGZEMPLARZ_OPAKOWANIA;476;145;0100000000390;7;6X KABINET ABSEN PL2.5 V2 CORNER (case 7) 6/6szt Waga: 66kg [7];6X KABINET ABSEN PL2.5 V2 CORNER (case 7) [7];TAK;usunieto_stan_szt_i_wage | zachowano_numer_egzemplarza;OK;
MODEL_OPAKOWANIA;146;146;;;6X KABINET ABSEN PL2.5 V2 CORNER (case 8);6X KABINET ABSEN PL2.5 V2 CORNER (case 8);NIE;;OK;
EGZEMPLARZ_OPAKOWANIA;167;146;0100000000391;8;6X KABINET ABSEN PL2.5 V2 CORNER (case 8) 6/6szt Waga: 66kg [8];6X KABINET ABSEN PL2.5 V2 CORNER (case 8) [8];TAK;usunieto_stan_szt_i_wage | zachowano_numer_egzemplarza;OK;
MODEL_OPAKOWANIA;147;147;;;7 x LedPar Cameo CLPST64Q8W (zestaw 1);7 x LedPar Cameo CLPST64Q8W (zestaw 1);NIE;;OK;
EGZEMPLARZ_OPAKOWANIA;456;147;0100000000102;;7 x LedPar Cameo CLPST64Q8W (zestaw 1) 7/7szt Waga: 67.2kg;7 x LedPar Cameo CLPST64Q8W (zestaw 1);TAK;usunieto_stan_szt_i_wage;OK;
MODEL_OPAKOWANIA;148;148;;;8 x LedBar (zestaw 1);8 x LedBar (zestaw 1);NIE;;OK;
EGZEMPLARZ_OPAKOWANIA;74;148;0100000000064;;8 x LedBar (zestaw 1) 8/8szt Waga: 75kg;8 x LedBar (zestaw 1);TAK;usunieto_stan_szt_i_wage;OK;
MODEL_OPAKOWANIA;149;149;;;8 x LedBar (zestaw 2);8 x LedBar (zestaw 2);NIE;;OK;
EGZEMPLARZ_OPAKOWANIA;73;149;0100000000065;;8 x LedBar (zestaw 2) 8/8szt Waga: 75kg;8 x LedBar (zestaw 2);TAK;usunieto_stan_szt_i_wage;OK;
MODEL_OPAKOWANIA;150;150;;;8 x LedBar (zestaw 3);8 x LedBar (zestaw 3);NIE;;OK;
EGZEMPLARZ_OPAKOWANIA;164;150;0100000000066;;8 x LedBar (zestaw 3) 8/8szt Waga: 75kg;8 x LedBar (zestaw 3);TAK;usunieto_stan_szt_i_wage;OK;
MODEL_OPAKOWANIA;151;151;;;8 x LedBar (zestaw 4);8 x LedBar (zestaw 4);NIE;;OK;
EGZEMPLARZ_OPAKOWANIA;425;151;0100000000067;;8 x LedBar (zestaw 4) 8/8szt Waga: 75kg;8 x LedBar (zestaw 4);TAK;usunieto_stan_szt_i_wage;OK;
MODEL_OPAKOWANIA;152;152;;;8 x LedBar (zestaw 5);8 x LedBar (zestaw 5);NIE;;OK;
EGZEMPLARZ_OPAKOWANIA;126;152;0100000000068;;8 x LedBar (zestaw 5) 8/8szt Waga: 75kg;8 x LedBar (zestaw 5);TAK;usunieto_stan_szt_i_wage;OK;
MODEL_OPAKOWANIA;153;153;;;8 x LedBar (zestaw 6);8 x LedBar (zestaw 6);NIE;;OK;
EGZEMPLARZ_OPAKOWANIA;4;153;0100000000069;;8 x LedBar (zestaw 6) 8/8szt Waga: 75kg;8 x LedBar (zestaw 6);TAK;usunieto_stan_szt_i_wage;OK;
MODEL_OPAKOWANIA;154;154;;;8 x LedPar Ignition (zestaw 1);8 x LedPar Ignition (zestaw 1);NIE;;OK;
EGZEMPLARZ_OPAKOWANIA;473;154;0100000000528;1;8 x LedPar Ignition (zestaw 1) 8/8szt Waga: 67kg [1];8 x LedPar Ignition (zestaw 1) [1];TAK;usunieto_stan_szt_i_wage | zachowano_numer_egzemplarza;OK;
MODEL_OPAKOWANIA;155;155;;;8 x LedPar Ignition (zestaw 2);8 x LedPar Ignition (zestaw 2);NIE;;OK;
EGZEMPLARZ_OPAKOWANIA;396;155;0100000000529;2;8 x LedPar Ignition (zestaw 2) 8/8szt Waga: 67kg [2];8 x LedPar Ignition (zestaw 2) [2];TAK;usunieto_stan_szt_i_wage | zachowano_numer_egzemplarza;OK;
MODEL_OPAKOWANIA;156;156;;;8 x LedPar Ignition (zestaw 3);8 x LedPar Ignition (zestaw 3);NIE;;OK;
EGZEMPLARZ_OPAKOWANIA;233;156;0100000000530;3;8 x LedPar Ignition (zestaw 3) 8/8szt Waga: 67kg [3];8 x LedPar Ignition (zestaw 3) [3];TAK;usunieto_stan_szt_i_wage | zachowano_numer_egzemplarza;OK;
MODEL_OPAKOWANIA;157;157;;;AYRTON Stradale Profile (CASE 1);AYRTON Stradale Profile (CASE 1);NIE;;OK;
EGZEMPLARZ_OPAKOWANIA;42;157;0100000000522;1;AYRTON Stradale Profile (CASE 1) 2/2szt Waga: 90kg [1];AYRTON Stradale Profile (CASE 1) [1];TAK;usunieto_stan_szt_i_wage | zachowano_numer_egzemplarza;OK;
MODEL_OPAKOWANIA;158;158;;;AYRTON Stradale Profile (CASE 2);AYRTON Stradale Profile (CASE 2);NIE;;OK;
EGZEMPLARZ_OPAKOWANIA;428;158;0100000000523;2;AYRTON Stradale Profile (CASE 2) 2/2szt Waga: 90kg [2];AYRTON Stradale Profile (CASE 2) [2];TAK;usunieto_stan_szt_i_wage | zachowano_numer_egzemplarza;OK;
MODEL_OPAKOWANIA;159;159;;;AYRTON Stradale Profile (CASE 3);AYRTON Stradale Profile (CASE 3);NIE;;OK;
EGZEMPLARZ_OPAKOWANIA;172;159;0100000000524;3;AYRTON Stradale Profile (CASE 3) 2/2szt Waga: 90kg [3];AYRTON Stradale Profile (CASE 3) [3];TAK;usunieto_stan_szt_i_wage | zachowano_numer_egzemplarza;OK;
MODEL_OPAKOWANIA;160;160;;;AYRTON Stradale Profile (CASE 4);AYRTON Stradale Profile (CASE 4);NIE;;OK;
EGZEMPLARZ_OPAKOWANIA;475;160;0100000000525;4;AYRTON Stradale Profile (CASE 4) 2/2szt Waga: 90kg [4];AYRTON Stradale Profile (CASE 4) [4];TAK;usunieto_stan_szt_i_wage | zachowano_numer_egzemplarza;OK;
MODEL_OPAKOWANIA;161;161;;;Chamsys USB + Stairville RJ45 DMX (zestaw 1) 2/szt;Chamsys USB + Stairville RJ45 DMX (zestaw 1);TAK;usunieto_stan_szt_i_wage;OK;
EGZEMPLARZ_OPAKOWANIA;462;161;0100000000118;1;Chamsys USB + Stairville RJ45 DMX (zestaw 1) 2/szt Waga: 0.6kg [1];Chamsys USB + Stairville RJ45 DMX (zestaw 1) [1];TAK;usunieto_stan_szt_i_wage | zachowano_numer_egzemplarza;OK;
MODEL_OPAKOWANIA;162;162;;;Kablarka [10] 0/szt;Kablarka [10];TAK;usunieto_stan_szt_i_wage;OK;
EGZEMPLARZ_OPAKOWANIA;438;162;0100000000242;10;Kablarka [10] 0/szt Waga: 23.00kg [10];Kablarka [10];TAK;usunieto_stan_szt_i_wage;OK;
MODEL_OPAKOWANIA;163;163;;;Kablarka [11] 0/szt;Kablarka [11];TAK;usunieto_stan_szt_i_wage;OK;
EGZEMPLARZ_OPAKOWANIA;184;163;0100000000250;11;Kablarka [11] 0/szt Waga: 23.00kg [11];Kablarka [11];TAK;usunieto_stan_szt_i_wage;OK;
MODEL_OPAKOWANIA;164;164;;;Kablarka [12] 0/szt;Kablarka [12];TAK;usunieto_stan_szt_i_wage;OK;
EGZEMPLARZ_OPAKOWANIA;159;164;0100000000243;12;Kablarka [12] 0/szt Waga: 23.00kg [12];Kablarka [12];TAK;usunieto_stan_szt_i_wage;OK;
MODEL_OPAKOWANIA;165;165;;;Kablarka [13] 0/szt;Kablarka [13];TAK;usunieto_stan_szt_i_wage;OK;
EGZEMPLARZ_OPAKOWANIA;231;165;0100000000248;13;Kablarka [13] 0/szt Waga: 23.00kg [13];Kablarka [13];TAK;usunieto_stan_szt_i_wage;OK;
MODEL_OPAKOWANIA;166;166;;;Kablarka [14] 0/szt;Kablarka [14];TAK;usunieto_stan_szt_i_wage;OK;
EGZEMPLARZ_OPAKOWANIA;213;166;0100000000245;14;Kablarka [14] 0/szt Waga: 23.00kg [14];Kablarka [14];TAK;usunieto_stan_szt_i_wage;OK;
MODEL_OPAKOWANIA;167;167;;;Kablarka [15] 0/szt;Kablarka [15];TAK;usunieto_stan_szt_i_wage;OK;
EGZEMPLARZ_OPAKOWANIA;365;167;0100000000249;15;Kablarka [15] 0/szt Waga: 23.00kg [15];Kablarka [15];TAK;usunieto_stan_szt_i_wage;OK;
MODEL_OPAKOWANIA;168;168;;;Kablarka [16] 0/szt;Kablarka [16];TAK;usunieto_stan_szt_i_wage;OK;
EGZEMPLARZ_OPAKOWANIA;368;168;0100000000246;16;Kablarka [16] 0/szt Waga: 23.00kg [16];Kablarka [16];TAK;usunieto_stan_szt_i_wage;OK;
MODEL_OPAKOWANIA;169;169;;;Kablarka [17] 0/szt;Kablarka [17];TAK;usunieto_stan_szt_i_wage;OK;
EGZEMPLARZ_OPAKOWANIA;449;169;0100000000247;17;Kablarka [17] 0/szt Waga: 23.00kg [17];Kablarka [17];TAK;usunieto_stan_szt_i_wage;OK;
MODEL_OPAKOWANIA;170;170;;;Kablarka [18] 0/szt;Kablarka [18];TAK;usunieto_stan_szt_i_wage;OK;
EGZEMPLARZ_OPAKOWANIA;352;170;0100000000244;18;Kablarka [18] 0/szt Waga: 23.00kg [18];Kablarka [18];TAK;usunieto_stan_szt_i_wage;OK;
MODEL_OPAKOWANIA;171;171;;;Kablarka [19] 0/szt;Kablarka [19];TAK;usunieto_stan_szt_i_wage;OK;
EGZEMPLARZ_OPAKOWANIA;218;171;0100000000499;19;Kablarka [19] 0/szt Waga: 23.00kg [19];Kablarka [19];TAK;usunieto_stan_szt_i_wage;OK;
MODEL_OPAKOWANIA;172;172;;;Kablarka [1] 0/szt;Kablarka [1];TAK;usunieto_stan_szt_i_wage;OK;
EGZEMPLARZ_OPAKOWANIA;211;172;0100000000252;1;Kablarka [1] 0/szt Waga: 20.00kg [1];Kablarka [1];TAK;usunieto_stan_szt_i_wage;OK;
MODEL_OPAKOWANIA;173;173;;;Kablarka [20] 0/szt;Kablarka [20];TAK;usunieto_stan_szt_i_wage;OK;
EGZEMPLARZ_OPAKOWANIA;419;173;0100000000501;20;Kablarka [20] 0/szt Waga: 23.00kg [20];Kablarka [20];TAK;usunieto_stan_szt_i_wage;OK;
MODEL_OPAKOWANIA;174;174;;;Kablarka [21] 0/szt;Kablarka [21];TAK;usunieto_stan_szt_i_wage;OK;
EGZEMPLARZ_OPAKOWANIA;146;174;0100000000513;21;Kablarka [21] 0/szt Waga: 23.00kg [21];Kablarka [21];TAK;usunieto_stan_szt_i_wage;OK;
MODEL_OPAKOWANIA;175;175;;;Kablarka [22] 0/szt;Kablarka [22];TAK;usunieto_stan_szt_i_wage;OK;
EGZEMPLARZ_OPAKOWANIA;327;175;0100000000514;22;Kablarka [22] 0/szt Waga: 23.00kg [22];Kablarka [22];TAK;usunieto_stan_szt_i_wage;OK;
MODEL_OPAKOWANIA;176;176;;;Kablarka [23] 0/szt;Kablarka [23];TAK;usunieto_stan_szt_i_wage;OK;
EGZEMPLARZ_OPAKOWANIA;472;176;0100000000515;23;Kablarka [23] 0/szt Waga: 23.00kg [23];Kablarka [23];TAK;usunieto_stan_szt_i_wage;OK;
MODEL_OPAKOWANIA;177;177;;;Kablarka [24] 0/szt;Kablarka [24];TAK;usunieto_stan_szt_i_wage;OK;
EGZEMPLARZ_OPAKOWANIA;409;177;0100000000516;24;Kablarka [24] 0/szt Waga: 23.00kg [24];Kablarka [24];TAK;usunieto_stan_szt_i_wage;OK;
MODEL_OPAKOWANIA;178;178;;;Kablarka [25] 0/szt;Kablarka [25];TAK;usunieto_stan_szt_i_wage;OK;
EGZEMPLARZ_OPAKOWANIA;454;178;0100000000517;25;Kablarka [25] 0/szt Waga: 23.00kg [25];Kablarka [25];TAK;usunieto_stan_szt_i_wage;OK;
MODEL_OPAKOWANIA;179;179;;;Kablarka [26] 0/szt;Kablarka [26];TAK;usunieto_stan_szt_i_wage;OK;
EGZEMPLARZ_OPAKOWANIA;140;179;0100000000518;26;Kablarka [26] 0/szt Waga: 23.00kg [26];Kablarka [26];TAK;usunieto_stan_szt_i_wage;OK;
MODEL_OPAKOWANIA;180;180;;;Kablarka [27] 0/szt;Kablarka [27];TAK;usunieto_stan_szt_i_wage;OK;
EGZEMPLARZ_OPAKOWANIA;414;180;0100000000519;27;Kablarka [27] 0/szt Waga: 23.00kg [27];Kablarka [27];TAK;usunieto_stan_szt_i_wage;OK;
MODEL_OPAKOWANIA;181;181;;;Kablarka [28] 0/szt;Kablarka [28];TAK;usunieto_stan_szt_i_wage;OK;
EGZEMPLARZ_OPAKOWANIA;153;181;0100000000520;28;Kablarka [28] 0/szt Waga: 23.00kg [28];Kablarka [28];TAK;usunieto_stan_szt_i_wage;OK;
MODEL_OPAKOWANIA;182;182;;;Kablarka [29] 0/szt;Kablarka [29];TAK;usunieto_stan_szt_i_wage;OK;
EGZEMPLARZ_OPAKOWANIA;354;182;0100000000521;29;Kablarka [29] 0/szt Waga: 23.00kg [29];Kablarka [29];TAK;usunieto_stan_szt_i_wage;OK;
MODEL_OPAKOWANIA;183;183;;;Kablarka [2] 0/szt;Kablarka [2];TAK;usunieto_stan_szt_i_wage;OK;
EGZEMPLARZ_OPAKOWANIA;116;183;0100000000257;2;Kablarka [2] 0/szt Waga: 20.00kg [2];Kablarka [2];TAK;usunieto_stan_szt_i_wage;OK;
MODEL_OPAKOWANIA;184;184;;;Kablarka [3] 0/szt;Kablarka [3];TAK;usunieto_stan_szt_i_wage;OK;
EGZEMPLARZ_OPAKOWANIA;325;184;0100000000254;3;Kablarka [3] 0/szt Waga: 38.00kg [3];Kablarka [3];TAK;usunieto_stan_szt_i_wage;OK;
MODEL_OPAKOWANIA;185;185;;;Kablarka [4] 0/szt;Kablarka [4];TAK;usunieto_stan_szt_i_wage;OK;
EGZEMPLARZ_OPAKOWANIA;398;185;0100000000241;4;Kablarka [4] 0/szt Waga: 40.00kg [4];Kablarka [4];TAK;usunieto_stan_szt_i_wage;OK;
MODEL_OPAKOWANIA;186;186;;;Kablarka [5] 0/szt;Kablarka [5];TAK;usunieto_stan_szt_i_wage;OK;
EGZEMPLARZ_OPAKOWANIA;45;186;0100000000500;5;Kablarka [5] 0/szt Waga: 18.00kg [5];Kablarka [5];TAK;usunieto_stan_szt_i_wage;OK;
MODEL_OPAKOWANIA;187;187;;;Kablarka [6] 0/szt;Kablarka [6];TAK;usunieto_stan_szt_i_wage;OK;
EGZEMPLARZ_OPAKOWANIA;465;187;0100000000253;6;Kablarka [6] 0/szt Waga: 23.00kg [6];Kablarka [6];TAK;usunieto_stan_szt_i_wage;OK;
MODEL_OPAKOWANIA;188;188;;;Kablarka [7] 0/szt;Kablarka [7];TAK;usunieto_stan_szt_i_wage;OK;
EGZEMPLARZ_OPAKOWANIA;230;188;0100000000256;7;Kablarka [7] 0/szt Waga: 23.00kg [7];Kablarka [7];TAK;usunieto_stan_szt_i_wage;OK;
MODEL_OPAKOWANIA;189;189;;;Kablarka [8] 0/szt;Kablarka [8];TAK;usunieto_stan_szt_i_wage;OK;
EGZEMPLARZ_OPAKOWANIA;182;189;0100000000255;8;Kablarka [8] 0/szt Waga: 23.00kg [8];Kablarka [8];TAK;usunieto_stan_szt_i_wage;OK;
MODEL_OPAKOWANIA;190;190;;;Kablarka [9] 0/szt;Kablarka [9];TAK;usunieto_stan_szt_i_wage;OK;
EGZEMPLARZ_OPAKOWANIA;63;190;0100000000251;9;Kablarka [9] 0/szt Waga: 23.00kg [9];Kablarka [9];TAK;usunieto_stan_szt_i_wage;OK;
MODEL_OPAKOWANIA;191;191;;;Mediaserwer (Vmix, Resolume) [1] 19/szt;Mediaserwer (Vmix, Resolume) [1];TAK;usunieto_stan_szt_i_wage;OK;
EGZEMPLARZ_OPAKOWANIA;130;191;0100000000173;1;Mediaserwer (Vmix, Resolume) [1] 19/szt Waga: 51.9kg [1];Mediaserwer (Vmix, Resolume) [1];TAK;usunieto_stan_szt_i_wage;OK;
MODEL_OPAKOWANIA;192;192;;;Mediaserwer (Vmix, Resolume) [2] 19/szt;Mediaserwer (Vmix, Resolume) [2];TAK;usunieto_stan_szt_i_wage;OK;
EGZEMPLARZ_OPAKOWANIA;181;192;0100000000174;2;Mediaserwer (Vmix, Resolume) [2] 19/szt Waga: 54.9kg [2];Mediaserwer (Vmix, Resolume) [2];TAK;usunieto_stan_szt_i_wage;OK;
MODEL_OPAKOWANIA;193;193;;;Mediaserwer (Vmix, Resolume) [3] 19/szt;Mediaserwer (Vmix, Resolume) [3];TAK;usunieto_stan_szt_i_wage;OK;
EGZEMPLARZ_OPAKOWANIA;208;193;0100000000175;3;Mediaserwer (Vmix, Resolume) [3] 19/szt Waga: 54.9kg [3];Mediaserwer (Vmix, Resolume) [3];TAK;usunieto_stan_szt_i_wage;OK;
MODEL_OPAKOWANIA;194;194;;;Mediaserwer (Vmix, Resolume) [4] 19/szt;Mediaserwer (Vmix, Resolume) [4];TAK;usunieto_stan_szt_i_wage;OK;
EGZEMPLARZ_OPAKOWANIA;36;194;0100000000177;4;Mediaserwer (Vmix, Resolume) [4] 19/szt Waga: 54.9kg [4];Mediaserwer (Vmix, Resolume) [4];TAK;usunieto_stan_szt_i_wage;OK;
MODEL_OPAKOWANIA;195;195;;;Mediaserwer (Vmix, Resolume) [5] 17/szt;Mediaserwer (Vmix, Resolume) [5];TAK;usunieto_stan_szt_i_wage;OK;
EGZEMPLARZ_OPAKOWANIA;75;195;0100000000176;5;Mediaserwer (Vmix, Resolume) [5] 17/szt Waga: 53.7kg [5];Mediaserwer (Vmix, Resolume) [5];TAK;usunieto_stan_szt_i_wage;OK;
MODEL_OPAKOWANIA;196;196;;;Mediaserwer (Vmix, Resolume) [6] 17/szt;Mediaserwer (Vmix, Resolume) [6];TAK;usunieto_stan_szt_i_wage;OK;
EGZEMPLARZ_OPAKOWANIA;57;196;0100000000178;6;Mediaserwer (Vmix, Resolume) [6] 17/szt Waga: 53.7kg [6];Mediaserwer (Vmix, Resolume) [6];TAK;usunieto_stan_szt_i_wage;OK;
MODEL_OPAKOWANIA;197;197;;;Mediaserwer (Vmix, Resolume) [7] 19/szt;Mediaserwer (Vmix, Resolume) [7];TAK;usunieto_stan_szt_i_wage;OK;
EGZEMPLARZ_OPAKOWANIA;135;197;0100000000179;7;Mediaserwer (Vmix, Resolume) [7] 19/szt Waga: 50.4kg [7];Mediaserwer (Vmix, Resolume) [7];TAK;usunieto_stan_szt_i_wage;OK;
MODEL_OPAKOWANIA;198;198;;;Mikser wizyjny Barco S3 [1] 16/szt;Mikser wizyjny Barco S3 [1];TAK;usunieto_stan_szt_i_wage;OK;
EGZEMPLARZ_OPAKOWANIA;361;198;0100000000180;1;Mikser wizyjny Barco S3 [1] 16/szt Waga: 61.8kg [1];Mikser wizyjny Barco S3 [1];TAK;usunieto_stan_szt_i_wage;OK;
MODEL_OPAKOWANIA;199;199;;;Odsłuch douszny Shure PSM 300 [1] 2/szt;Odsłuch douszny Shure PSM 300 [1];TAK;usunieto_stan_szt_i_wage;OK;
EGZEMPLARZ_OPAKOWANIA;442;199;0100000000535;1;Odsłuch douszny Shure PSM 300 [1] 2/szt Waga: 3.3kg [1];Odsłuch douszny Shure PSM 300 [1];TAK;usunieto_stan_szt_i_wage;OK;
MODEL_OPAKOWANIA;200;200;;;Odsłuch douszny Shure PSM 300 [2] 2/szt;Odsłuch douszny Shure PSM 300 [2];TAK;usunieto_stan_szt_i_wage;OK;
EGZEMPLARZ_OPAKOWANIA;219;200;0100000000536;2;Odsłuch douszny Shure PSM 300 [2] 2/szt Waga: 3.3kg [2];Odsłuch douszny Shure PSM 300 [2];TAK;usunieto_stan_szt_i_wage;OK;
MODEL_OPAKOWANIA;201;201;;;Projektor Panasonic PT-EW640, 5800 lum., WXGA [1] 2/szt;Projektor Panasonic PT-EW640, 5800 lum., WXGA [1];TAK;usunieto_stan_szt_i_wage;OK;
EGZEMPLARZ_OPAKOWANIA;358;201;0100000000218;1;Projektor Panasonic PT-EW640, 5800 lum., WXGA [1] 2/szt Waga: 19.4kg [1];Projektor Panasonic PT-EW640, 5800 lum., WXGA [1];TAK;usunieto_stan_szt_i_wage;OK;
MODEL_OPAKOWANIA;202;202;;;Projektor Panasonic PT-EW640, 5800 lum., WXGA [2] 2/szt;Projektor Panasonic PT-EW640, 5800 lum., WXGA [2];TAK;usunieto_stan_szt_i_wage;OK;
EGZEMPLARZ_OPAKOWANIA;68;202;0100000000219;2;Projektor Panasonic PT-EW640, 5800 lum., WXGA [2] 2/szt Waga: 19.4kg [2];Projektor Panasonic PT-EW640, 5800 lum., WXGA [2];TAK;usunieto_stan_szt_i_wage;OK;
MODEL_OPAKOWANIA;203;203;;;Projektor Panasonic PT-EW730, 7000 lum., WXGA [1] 2/szt;Projektor Panasonic PT-EW730, 7000 lum., WXGA [1];TAK;usunieto_stan_szt_i_wage;OK;
EGZEMPLARZ_OPAKOWANIA;347;203;0100000000221;1;Projektor Panasonic PT-EW730, 7000 lum., WXGA [1] 2/szt Waga: 18.6kg [1];Projektor Panasonic PT-EW730, 7000 lum., WXGA [1];TAK;usunieto_stan_szt_i_wage;OK;
MODEL_OPAKOWANIA;204;204;;;Projektor Panasonic PT-EW730, 7000 lum., WXGA [2] 2/szt;Projektor Panasonic PT-EW730, 7000 lum., WXGA [2];TAK;usunieto_stan_szt_i_wage;OK;
EGZEMPLARZ_OPAKOWANIA;180;204;0100000000220;2;Projektor Panasonic PT-EW730, 7000 lum., WXGA [2] 2/szt Waga: 18.6kg [2];Projektor Panasonic PT-EW730, 7000 lum., WXGA [2];TAK;usunieto_stan_szt_i_wage;OK;
MODEL_OPAKOWANIA;205;205;;;RACK 2x Laptop MacBook Air M1 [1];RACK 2x Laptop MacBook Air M1 [1];NIE;;OK;
EGZEMPLARZ_OPAKOWANIA;461;205;0100000000526;1;RACK 2x Laptop MacBook Air M1 [1] 2/2szt Waga: 7.6kg [1];RACK 2x Laptop MacBook Air M1 [1];TAK;usunieto_stan_szt_i_wage;OK;
MODEL_OPAKOWANIA;206;206;;;RACK 2x Laptop MacBook Air M1 [2];RACK 2x Laptop MacBook Air M1 [2];NIE;;OK;
EGZEMPLARZ_OPAKOWANIA;85;206;0100000000527;2;RACK 2x Laptop MacBook Air M1 [2] 2/2szt Waga: 7.6kg [2];RACK 2x Laptop MacBook Air M1 [2];TAK;usunieto_stan_szt_i_wage;OK;
MODEL_OPAKOWANIA;207;207;;;"RACK Infokiosk 55"" [01] 11/szt";"RACK Infokiosk 55"" [01]";TAK;usunieto_stan_szt_i_wage;OK;
EGZEMPLARZ_OPAKOWANIA;152;207;0100000000375;1;"RACK Infokiosk 55"" [01] 11/szt Waga: 169.7kg [1]";"RACK Infokiosk 55"" [01] [1]";TAK;usunieto_stan_szt_i_wage | zachowano_numer_egzemplarza;OK;
MODEL_OPAKOWANIA;208;208;;;"RACK Infokiosk 55"" [02] 11/szt";"RACK Infokiosk 55"" [02]";TAK;usunieto_stan_szt_i_wage;OK;
EGZEMPLARZ_OPAKOWANIA;192;208;0100000000376;2;"RACK Infokiosk 55"" [02] 11/szt Waga: 169.7kg [2]";"RACK Infokiosk 55"" [02] [2]";TAK;usunieto_stan_szt_i_wage | zachowano_numer_egzemplarza;OK;
MODEL_OPAKOWANIA;209;209;;;"RACK Infokiosk 55"" [03] 11/szt";"RACK Infokiosk 55"" [03]";TAK;usunieto_stan_szt_i_wage;OK;
EGZEMPLARZ_OPAKOWANIA;15;209;0100000000377;3;"RACK Infokiosk 55"" [03] 11/szt Waga: 169.7kg [3]";"RACK Infokiosk 55"" [03] [3]";TAK;usunieto_stan_szt_i_wage | zachowano_numer_egzemplarza;OK;
MODEL_OPAKOWANIA;210;210;;;"RACK Infokiosk 55"" [04] 11/szt";"RACK Infokiosk 55"" [04]";TAK;usunieto_stan_szt_i_wage;OK;
EGZEMPLARZ_OPAKOWANIA;67;210;0100000000378;4;"RACK Infokiosk 55"" [04] 11/szt Waga: 169.7kg [4]";"RACK Infokiosk 55"" [04] [4]";TAK;usunieto_stan_szt_i_wage | zachowano_numer_egzemplarza;OK;
MODEL_OPAKOWANIA;211;211;;;RACK Ipad + AP Mikrotik [1] 2/szt;RACK Ipad + AP Mikrotik [1];TAK;usunieto_stan_szt_i_wage;OK;
EGZEMPLARZ_OPAKOWANIA;170;211;0100000000234;1;RACK Ipad + AP Mikrotik [1] 2/szt Waga: 1.8kg [1];RACK Ipad + AP Mikrotik [1];TAK;usunieto_stan_szt_i_wage;OK;
MODEL_OPAKOWANIA;212;212;;;RACK Ipad + AP Mikrotik [2] 2/szt;RACK Ipad + AP Mikrotik [2];TAK;usunieto_stan_szt_i_wage;OK;
EGZEMPLARZ_OPAKOWANIA;429;212;0100000000235;2;RACK Ipad + AP Mikrotik [2] 2/szt Waga: 2.8kg [2];RACK Ipad + AP Mikrotik [2];TAK;usunieto_stan_szt_i_wage;OK;
MODEL_OPAKOWANIA;213;213;;;RACK Ipad + AP Mikrotik [3] 2/szt;RACK Ipad + AP Mikrotik [3];TAK;usunieto_stan_szt_i_wage;OK;
EGZEMPLARZ_OPAKOWANIA;157;213;0100000000236;3;RACK Ipad + AP Mikrotik [3] 2/szt Waga: 2.8kg [3];RACK Ipad + AP Mikrotik [3];TAK;usunieto_stan_szt_i_wage;OK;
MODEL_OPAKOWANIA;214;214;;;RACK Kamera Black Magic PRO 4K [01] 23/szt;RACK Kamera Black Magic PRO 4K [01];TAK;usunieto_stan_szt_i_wage;OK;
EGZEMPLARZ_OPAKOWANIA;150;214;0100000000363;1;RACK Kamera Black Magic PRO 4K [01] 23/szt Waga: 19.5kg [1];RACK Kamera Black Magic PRO 4K [01] [1];TAK;usunieto_stan_szt_i_wage | zachowano_numer_egzemplarza;OK;
MODEL_OPAKOWANIA;215;215;;;RACK Kamera Black Magic PRO 4K [02] 22/szt;RACK Kamera Black Magic PRO 4K [02];TAK;usunieto_stan_szt_i_wage;OK;
EGZEMPLARZ_OPAKOWANIA;430;215;0100000000364;2;RACK Kamera Black Magic PRO 4K [02] 22/szt Waga: 18.3kg [2];RACK Kamera Black Magic PRO 4K [02] [2];TAK;usunieto_stan_szt_i_wage | zachowano_numer_egzemplarza;OK;
MODEL_OPAKOWANIA;216;216;;;RACK Kamera Black Magic PRO 4K [03] 22/szt;RACK Kamera Black Magic PRO 4K [03];TAK;usunieto_stan_szt_i_wage;OK;
EGZEMPLARZ_OPAKOWANIA;482;216;0100000000365;3;RACK Kamera Black Magic PRO 4K [03] 22/szt Waga: 18.3kg [3];RACK Kamera Black Magic PRO 4K [03] [3];TAK;usunieto_stan_szt_i_wage | zachowano_numer_egzemplarza;OK;
MODEL_OPAKOWANIA;217;217;;;RACK Kamera Black Magic PRO 4K [04] 21/szt;RACK Kamera Black Magic PRO 4K [04];TAK;usunieto_stan_szt_i_wage;OK;
EGZEMPLARZ_OPAKOWANIA;76;217;0100000000366;4;RACK Kamera Black Magic PRO 4K [04] 21/szt Waga: 17.9kg [4];RACK Kamera Black Magic PRO 4K [04] [4];TAK;usunieto_stan_szt_i_wage | zachowano_numer_egzemplarza;OK;
MODEL_OPAKOWANIA;218;218;;;RACK Kamera Black Magic PRO 4K [05] 21/szt;RACK Kamera Black Magic PRO 4K [05];TAK;usunieto_stan_szt_i_wage;OK;
EGZEMPLARZ_OPAKOWANIA;13;218;0100000000367;5;RACK Kamera Black Magic PRO 4K [05] 21/szt Waga: 17.9kg [5];RACK Kamera Black Magic PRO 4K [05] [5];TAK;usunieto_stan_szt_i_wage | zachowano_numer_egzemplarza;OK;
MODEL_OPAKOWANIA;219;219;;;RACK Kamera Sony FX6 (zestaw 1) 17/szt;RACK Kamera Sony FX6 (zestaw 1);TAK;usunieto_stan_szt_i_wage;OK;
EGZEMPLARZ_OPAKOWANIA;388;219;0100000000503;1;RACK Kamera Sony FX6 (zestaw 1) 17/szt Waga: 18.4kg [1];RACK Kamera Sony FX6 (zestaw 1) [1];TAK;usunieto_stan_szt_i_wage | zachowano_numer_egzemplarza;OK;
MODEL_OPAKOWANIA;220;220;;;RACK Kamera Sony FX6 (zestaw 2) 17/szt;RACK Kamera Sony FX6 (zestaw 2);TAK;usunieto_stan_szt_i_wage;OK;
EGZEMPLARZ_OPAKOWANIA;144;220;0100000000506;2;RACK Kamera Sony FX6 (zestaw 2) 17/szt Waga: 18.4kg [2];RACK Kamera Sony FX6 (zestaw 2) [2];TAK;usunieto_stan_szt_i_wage | zachowano_numer_egzemplarza;OK;
MODEL_OPAKOWANIA;221;221;;;RACK Komputer produkcyjny DELL Precision 3440 SFF [01] 11/szt;RACK Komputer produkcyjny DELL Precision 3440 SFF [01];TAK;usunieto_stan_szt_i_wage;OK;
EGZEMPLARZ_OPAKOWANIA;466;221;0100000000368;1;RACK Komputer produkcyjny DELL Precision 3440 SFF [01] 11/szt Waga: 17.8kg [1];RACK Komputer produkcyjny DELL Precision 3440 SFF [01] [1];TAK;usunieto_stan_szt_i_wage | zachowano_numer_egzemplarza;OK;
MODEL_OPAKOWANIA;222;222;;;RACK Komputer produkcyjny DELL Precision 3440 SFF [02] 11/szt;RACK Komputer produkcyjny DELL Precision 3440 SFF [02];TAK;usunieto_stan_szt_i_wage;OK;
EGZEMPLARZ_OPAKOWANIA;138;222;0100000000369;2;RACK Komputer produkcyjny DELL Precision 3440 SFF [02] 11/szt Waga: 17.8kg [2];RACK Komputer produkcyjny DELL Precision 3440 SFF [02] [2];TAK;usunieto_stan_szt_i_wage | zachowano_numer_egzemplarza;OK;
MODEL_OPAKOWANIA;223;223;;;RACK Komputer produkcyjny DELL Precision 3440 SFF [03] 11/szt;RACK Komputer produkcyjny DELL Precision 3440 SFF [03];TAK;usunieto_stan_szt_i_wage;OK;
EGZEMPLARZ_OPAKOWANIA;92;223;0100000000370;3;RACK Komputer produkcyjny DELL Precision 3440 SFF [03] 11/szt Waga: 17.8kg [3];RACK Komputer produkcyjny DELL Precision 3440 SFF [03] [3];TAK;usunieto_stan_szt_i_wage | zachowano_numer_egzemplarza;OK;
MODEL_OPAKOWANIA;224;224;;;RACK Komputer produkcyjny DELL Precision 3440 SFF [04] 11/szt;RACK Komputer produkcyjny DELL Precision 3440 SFF [04];TAK;usunieto_stan_szt_i_wage;OK;
EGZEMPLARZ_OPAKOWANIA;190;224;0100000000371;4;RACK Komputer produkcyjny DELL Precision 3440 SFF [04] 11/szt Waga: 17.8kg [4];RACK Komputer produkcyjny DELL Precision 3440 SFF [04] [4];TAK;usunieto_stan_szt_i_wage | zachowano_numer_egzemplarza;OK;
MODEL_OPAKOWANIA;225;225;;;RACK Mac Studio M1 Max [01] 16/szt;RACK Mac Studio M1 Max [01];TAK;usunieto_stan_szt_i_wage;OK;
EGZEMPLARZ_OPAKOWANIA;96;225;0100000000359;1;RACK Mac Studio M1 Max [01] 16/szt Waga: 17.1kg [1];RACK Mac Studio M1 Max [01] [1];TAK;usunieto_stan_szt_i_wage | zachowano_numer_egzemplarza;OK;
MODEL_OPAKOWANIA;226;226;;;RACK Mac Studio M1 Max [02] 16/szt;RACK Mac Studio M1 Max [02];TAK;usunieto_stan_szt_i_wage;OK;
EGZEMPLARZ_OPAKOWANIA;87;226;0100000000360;2;RACK Mac Studio M1 Max [02] 16/szt Waga: 17.1kg [2];RACK Mac Studio M1 Max [02] [2];TAK;usunieto_stan_szt_i_wage | zachowano_numer_egzemplarza;OK;
MODEL_OPAKOWANIA;227;227;;;RACK Mac Studio M1 Max [03] 16/szt;RACK Mac Studio M1 Max [03];TAK;usunieto_stan_szt_i_wage;OK;
EGZEMPLARZ_OPAKOWANIA;16;227;0100000000361;3;RACK Mac Studio M1 Max [03] 16/szt Waga: 17.1kg [3];RACK Mac Studio M1 Max [03] [3];TAK;usunieto_stan_szt_i_wage | zachowano_numer_egzemplarza;OK;
MODEL_OPAKOWANIA;228;228;;;RACK Mac Studio M1 Max [04] 16/szt;RACK Mac Studio M1 Max [04];TAK;usunieto_stan_szt_i_wage;OK;
EGZEMPLARZ_OPAKOWANIA;479;228;0100000000362;4;RACK Mac Studio M1 Max [04] 16/szt Waga: 17.1kg [4];RACK Mac Studio M1 Max [04] [4];TAK;usunieto_stan_szt_i_wage | zachowano_numer_egzemplarza;OK;
MODEL_OPAKOWANIA;229;229;;;RACK Projektor PT-MZ882B, 8200 lum., WUXGA, laserowy, LCD [1] 3/szt;RACK Projektor PT-MZ882B, 8200 lum., WUXGA, laserowy, LCD [1];TAK;usunieto_stan_szt_i_wage;OK;
EGZEMPLARZ_OPAKOWANIA;39;229;0100000000196;1;RACK Projektor PT-MZ882B, 8200 lum., WUXGA, laserowy, LCD [1] 3/szt Waga: 37.5kg [1];RACK Projektor PT-MZ882B, 8200 lum., WUXGA, laserowy, LCD [1];TAK;usunieto_stan_szt_i_wage;OK;
MODEL_OPAKOWANIA;230;230;;;RACK Projektor PT-MZ882B, 8200 lum., WUXGA, laserowy, LCD [2] 3/szt;RACK Projektor PT-MZ882B, 8200 lum., WUXGA, laserowy, LCD [2];TAK;usunieto_stan_szt_i_wage;OK;
EGZEMPLARZ_OPAKOWANIA;481;230;0100000000199;2;RACK Projektor PT-MZ882B, 8200 lum., WUXGA, laserowy, LCD [2] 3/szt Waga: 37.5kg [2];RACK Projektor PT-MZ882B, 8200 lum., WUXGA, laserowy, LCD [2];TAK;usunieto_stan_szt_i_wage;OK;
MODEL_OPAKOWANIA;231;231;;;RACK Projektor Panasonic PT-EW540, 5000 lum., WXGA [1] 2/szt;RACK Projektor Panasonic PT-EW540, 5000 lum., WXGA [1];TAK;usunieto_stan_szt_i_wage;OK;
EGZEMPLARZ_OPAKOWANIA;77;231;0100000000217;1;RACK Projektor Panasonic PT-EW540, 5000 lum., WXGA [1] 2/szt Waga: 18.3kg [1];RACK Projektor Panasonic PT-EW540, 5000 lum., WXGA [1];TAK;usunieto_stan_szt_i_wage;OK;
MODEL_OPAKOWANIA;232;232;;;RACK Projektor Panasonic PT-MZ880B, 8000 lum., WUXGA, laserowy, LCD [1] 4/szt;RACK Projektor Panasonic PT-MZ880B, 8000 lum., WUXGA, laserowy, LCD [1];TAK;usunieto_stan_szt_i_wage;OK;
EGZEMPLARZ_OPAKOWANIA;421;232;0100000000197;1;RACK Projektor Panasonic PT-MZ880B, 8000 lum., WUXGA, laserowy, LCD [1] 4/szt Waga: 37.5kg [1];RACK Projektor Panasonic PT-MZ880B, 8000 lum., WUXGA, laserowy, LCD [1];TAK;usunieto_stan_szt_i_wage;OK;
MODEL_OPAKOWANIA;233;233;;;RACK Projektor Panasonic PT-MZ880B, 8000 lum., WUXGA, laserowy, LCD [2] 4/szt;RACK Projektor Panasonic PT-MZ880B, 8000 lum., WUXGA, laserowy, LCD [2];TAK;usunieto_stan_szt_i_wage;OK;
EGZEMPLARZ_OPAKOWANIA;367;233;0100000000198;2;RACK Projektor Panasonic PT-MZ880B, 8000 lum., WUXGA, laserowy, LCD [2] 4/szt Waga: 37.5kg [2];RACK Projektor Panasonic PT-MZ880B, 8000 lum., WUXGA, laserowy, LCD [2];TAK;usunieto_stan_szt_i_wage;OK;
MODEL_OPAKOWANIA;234;234;;;RACK Projektor Panasonic PT-RZ970, 9400 lum., WUXGA, laserowy, DLP [1] 3/szt;RACK Projektor Panasonic PT-RZ970, 9400 lum., WUXGA, laserowy, DLP [1];TAK;usunieto_stan_szt_i_wage;OK;
EGZEMPLARZ_OPAKOWANIA;191;234;0100000000200;1;RACK Projektor Panasonic PT-RZ970, 9400 lum., WUXGA, laserowy, DLP [1] 3/szt Waga: 77.2kg [1];RACK Projektor Panasonic PT-RZ970, 9400 lum., WUXGA, laserowy, DLP [1];TAK;usunieto_stan_szt_i_wage;OK;
MODEL_OPAKOWANIA;235;235;;;RACK SYVA (kable) [3/3] 0/szt;RACK SYVA (kable) [3/3];TAK;usunieto_stan_szt_i_wage;OK;
EGZEMPLARZ_OPAKOWANIA;386;235;0100000000512;1;RACK SYVA (kable) [3/3] 0/szt Waga: 1.00kg [1];RACK SYVA (kable) [3/3] [1];TAK;usunieto_stan_szt_i_wage | zachowano_numer_egzemplarza;OK;
MODEL_OPAKOWANIA;236;236;;;RACK SYVA LOW+BASE [1/3] 4/szt;RACK SYVA LOW+BASE [1/3];TAK;usunieto_stan_szt_i_wage;OK;
EGZEMPLARZ_OPAKOWANIA;110;236;0100000000510;1;RACK SYVA LOW+BASE [1/3] 4/szt Waga: 78.2kg [1];RACK SYVA LOW+BASE [1/3] [1];TAK;usunieto_stan_szt_i_wage | zachowano_numer_egzemplarza;OK;
MODEL_OPAKOWANIA;237;237;;;RACK mikser kamerowy + monitor [1] 2/szt;RACK mikser kamerowy + monitor [1];TAK;usunieto_stan_szt_i_wage;OK;
EGZEMPLARZ_OPAKOWANIA;197;237;0100000000123;1;RACK mikser kamerowy + monitor [1] 2/szt Waga: 34.4kg [1];RACK mikser kamerowy + monitor [1];TAK;usunieto_stan_szt_i_wage;OK;
MODEL_OPAKOWANIA;238;238;;;RACK spliter DMX + bramka artnet [1] 5/szt;RACK spliter DMX + bramka artnet [1];TAK;usunieto_stan_szt_i_wage;OK;
EGZEMPLARZ_OPAKOWANIA;129;238;0100000000120;1;RACK spliter DMX + bramka artnet [1] 5/szt Waga: 19.7kg [1];RACK spliter DMX + bramka artnet [1];TAK;usunieto_stan_szt_i_wage;OK;
MODEL_OPAKOWANIA;239;239;;;Rack 2x Mikrofon bezprzewodowy Shure SLXD [1] 18/szt;Rack 2x Mikrofon bezprzewodowy Shure SLXD [1];TAK;usunieto_stan_szt_i_wage;OK;
EGZEMPLARZ_OPAKOWANIA;420;239;0100000000207;1;Rack 2x Mikrofon bezprzewodowy Shure SLXD [1] 18/szt Waga: 15.2kg [1];Rack 2x Mikrofon bezprzewodowy Shure SLXD [1];TAK;usunieto_stan_szt_i_wage;OK;
MODEL_OPAKOWANIA;240;240;;;Rack 2x Mikrofon bezprzewodowy Shure SLXD [2] 18/szt;Rack 2x Mikrofon bezprzewodowy Shure SLXD [2];TAK;usunieto_stan_szt_i_wage;OK;
EGZEMPLARZ_OPAKOWANIA;142;240;0100000000206;2;Rack 2x Mikrofon bezprzewodowy Shure SLXD [2] 18/szt Waga: 15.2kg [2];Rack 2x Mikrofon bezprzewodowy Shure SLXD [2];TAK;usunieto_stan_szt_i_wage;OK;
MODEL_OPAKOWANIA;241;241;;;Rack 2x Mikrofon bezprzewodowy Shure SLXD [3] 18/szt;Rack 2x Mikrofon bezprzewodowy Shure SLXD [3];TAK;usunieto_stan_szt_i_wage;OK;
EGZEMPLARZ_OPAKOWANIA;200;241;0100000000205;3;Rack 2x Mikrofon bezprzewodowy Shure SLXD [3] 18/szt Waga: 15.2kg [3];Rack 2x Mikrofon bezprzewodowy Shure SLXD [3];TAK;usunieto_stan_szt_i_wage;OK;
MODEL_OPAKOWANIA;242;242;;;Rack 2x Mikrofon bezprzewodowy Shure SLXD [4] 18/szt;Rack 2x Mikrofon bezprzewodowy Shure SLXD [4];TAK;usunieto_stan_szt_i_wage;OK;
EGZEMPLARZ_OPAKOWANIA;207;242;0100000000210;4;Rack 2x Mikrofon bezprzewodowy Shure SLXD [4] 18/szt Waga: 15.2kg [4];Rack 2x Mikrofon bezprzewodowy Shure SLXD [4];TAK;usunieto_stan_szt_i_wage;OK;
MODEL_OPAKOWANIA;243;243;;;Rack 2x Mikrofon bezprzewodowy Shure SLXD [5] 18/szt;Rack 2x Mikrofon bezprzewodowy Shure SLXD [5];TAK;usunieto_stan_szt_i_wage;OK;
EGZEMPLARZ_OPAKOWANIA;402;243;0100000000208;5;Rack 2x Mikrofon bezprzewodowy Shure SLXD [5] 18/szt Waga: 15.2kg [5];Rack 2x Mikrofon bezprzewodowy Shure SLXD [5];TAK;usunieto_stan_szt_i_wage;OK;
MODEL_OPAKOWANIA;244;244;;;Rack 2x Mikrofon bezprzewodowy Shure SLXD [6] 18/szt;Rack 2x Mikrofon bezprzewodowy Shure SLXD [6];TAK;usunieto_stan_szt_i_wage;OK;
EGZEMPLARZ_OPAKOWANIA;38;244;0100000000209;6;Rack 2x Mikrofon bezprzewodowy Shure SLXD [6] 18/szt Waga: 15.2kg [6];Rack 2x Mikrofon bezprzewodowy Shure SLXD [6];TAK;usunieto_stan_szt_i_wage;OK;
MODEL_OPAKOWANIA;245;245;;;Rack 3x Radiotelefon Motorola [1] 15/szt;Rack 3x Radiotelefon Motorola [1];TAK;usunieto_stan_szt_i_wage;OK;
EGZEMPLARZ_OPAKOWANIA;8;245;0100000000223;1;Rack 3x Radiotelefon Motorola [1] 15/szt Waga: 6.6kg [1];Rack 3x Radiotelefon Motorola [1];TAK;usunieto_stan_szt_i_wage;OK;
MODEL_OPAKOWANIA;246;246;;;Rack 3x Radiotelefon Motorola [2] 15/szt;Rack 3x Radiotelefon Motorola [2];TAK;usunieto_stan_szt_i_wage;OK;
EGZEMPLARZ_OPAKOWANIA;196;246;0100000000222;2;Rack 3x Radiotelefon Motorola [2] 15/szt Waga: 6.6kg [2];Rack 3x Radiotelefon Motorola [2];TAK;usunieto_stan_szt_i_wage;OK;
MODEL_OPAKOWANIA;247;247;;;Rack 3x Radiotelefon Motorola [3] 15/szt;Rack 3x Radiotelefon Motorola [3];TAK;usunieto_stan_szt_i_wage;OK;
EGZEMPLARZ_OPAKOWANIA;53;247;0100000000225;3;Rack 3x Radiotelefon Motorola [3] 15/szt Waga: 6.6kg [3];Rack 3x Radiotelefon Motorola [3];TAK;usunieto_stan_szt_i_wage;OK;
MODEL_OPAKOWANIA;248;248;;;Rack 3x Radiotelefon Motorola [4] 15/szt;Rack 3x Radiotelefon Motorola [4];TAK;usunieto_stan_szt_i_wage;OK;
EGZEMPLARZ_OPAKOWANIA;49;248;0100000000224;4;Rack 3x Radiotelefon Motorola [4] 15/szt Waga: 6.6kg [4];Rack 3x Radiotelefon Motorola [4];TAK;usunieto_stan_szt_i_wage;OK;
MODEL_OPAKOWANIA;249;249;;;Rack 4x Mikrofon bezprzewodowy Sennheiser G3 EW100 [1] 18/szt;Rack 4x Mikrofon bezprzewodowy Sennheiser G3 EW100 [1];TAK;usunieto_stan_szt_i_wage;OK;
EGZEMPLARZ_OPAKOWANIA;48;249;0100000000195;1;Rack 4x Mikrofon bezprzewodowy Sennheiser G3 EW100 [1] 18/szt Waga: 23.4kg [1];Rack 4x Mikrofon bezprzewodowy Sennheiser G3 EW100 [1];TAK;usunieto_stan_szt_i_wage;OK;
MODEL_OPAKOWANIA;250;250;;;Rack 4x Mikrofon bezprzewodowy Sennheiser SL [1] 12/szt;Rack 4x Mikrofon bezprzewodowy Sennheiser SL [1];TAK;usunieto_stan_szt_i_wage;OK;
EGZEMPLARZ_OPAKOWANIA;120;250;0100000000203;1;Rack 4x Mikrofon bezprzewodowy Sennheiser SL [1] 12/szt Waga: 20.8kg [1];Rack 4x Mikrofon bezprzewodowy Sennheiser SL [1];TAK;usunieto_stan_szt_i_wage;OK;
MODEL_OPAKOWANIA;251;251;;;Rack 4x Mikrofon bezprzewodowy Sennheiser SL [2] 12/szt;Rack 4x Mikrofon bezprzewodowy Sennheiser SL [2];TAK;usunieto_stan_szt_i_wage;OK;
EGZEMPLARZ_OPAKOWANIA;376;251;0100000000204;2;Rack 4x Mikrofon bezprzewodowy Sennheiser SL [2] 12/szt Waga: 20.8kg [2];Rack 4x Mikrofon bezprzewodowy Sennheiser SL [2];TAK;usunieto_stan_szt_i_wage;OK;
MODEL_OPAKOWANIA;252;252;;;Rack 4x Mikrofon bezprzewodowy Sennheiser XS [1] 12/szt;Rack 4x Mikrofon bezprzewodowy Sennheiser XS [1];TAK;usunieto_stan_szt_i_wage;OK;
EGZEMPLARZ_OPAKOWANIA;447;252;0100000000194;1;Rack 4x Mikrofon bezprzewodowy Sennheiser XS [1] 12/szt Waga: 8.8kg [1];Rack 4x Mikrofon bezprzewodowy Sennheiser XS [1];TAK;usunieto_stan_szt_i_wage;OK;
MODEL_OPAKOWANIA;253;253;;;Rack 4x Mikrofon bezprzewodowy Sennheiser XS [2] 12/szt;Rack 4x Mikrofon bezprzewodowy Sennheiser XS [2];TAK;usunieto_stan_szt_i_wage;OK;
EGZEMPLARZ_OPAKOWANIA;381;253;0100000000193;2;Rack 4x Mikrofon bezprzewodowy Sennheiser XS [2] 12/szt Waga: 8.8kg [2];Rack 4x Mikrofon bezprzewodowy Sennheiser XS [2];TAK;usunieto_stan_szt_i_wage;OK;
MODEL_OPAKOWANIA;254;254;;;Rack 4x Mikrofon bezprzewodowy Shure BLX [1] 31/szt;Rack 4x Mikrofon bezprzewodowy Shure BLX [1];TAK;usunieto_stan_szt_i_wage;OK;
EGZEMPLARZ_OPAKOWANIA;383;254;0100000000191;1;Rack 4x Mikrofon bezprzewodowy Shure BLX [1] 31/szt Waga: 18kg [1];Rack 4x Mikrofon bezprzewodowy Shure BLX [1];TAK;usunieto_stan_szt_i_wage;OK;
MODEL_OPAKOWANIA;255;255;;;Rack 4x Mikrofon bezprzewodowy Shure BLX [2] 49/szt;Rack 4x Mikrofon bezprzewodowy Shure BLX [2];TAK;usunieto_stan_szt_i_wage;OK;
EGZEMPLARZ_OPAKOWANIA;373;255;0100000000192;2;Rack 4x Mikrofon bezprzewodowy Shure BLX [2] 49/szt Waga: 38.4kg [2];Rack 4x Mikrofon bezprzewodowy Shure BLX [2];TAK;usunieto_stan_szt_i_wage;OK;
MODEL_OPAKOWANIA;256;256;;;Rack 4x Mikrofon bezprzewodowy Shure QLXD [1] 48/szt;Rack 4x Mikrofon bezprzewodowy Shure QLXD [1];TAK;usunieto_stan_szt_i_wage;OK;
EGZEMPLARZ_OPAKOWANIA;469;256;0100000000211;1;Rack 4x Mikrofon bezprzewodowy Shure QLXD [1] 48/szt Waga: 43.6kg [1];Rack 4x Mikrofon bezprzewodowy Shure QLXD [1];TAK;usunieto_stan_szt_i_wage;OK;
MODEL_OPAKOWANIA;257;257;;;Rack 4x Mikrofon bezprzewodowy Shure QLXD [2] 48/szt;Rack 4x Mikrofon bezprzewodowy Shure QLXD [2];TAK;usunieto_stan_szt_i_wage;OK;
EGZEMPLARZ_OPAKOWANIA;464;257;0100000000212;2;Rack 4x Mikrofon bezprzewodowy Shure QLXD [2] 48/szt Waga: 43.6kg [2];Rack 4x Mikrofon bezprzewodowy Shure QLXD [2];TAK;usunieto_stan_szt_i_wage;OK;
MODEL_OPAKOWANIA;258;258;;;Rack 4x Mikrofon bezprzewodowy Shure QLXD [3] 48/szt;Rack 4x Mikrofon bezprzewodowy Shure QLXD [3];TAK;usunieto_stan_szt_i_wage;OK;
EGZEMPLARZ_OPAKOWANIA;434;258;0100000000216;3;Rack 4x Mikrofon bezprzewodowy Shure QLXD [3] 48/szt Waga: 43.6kg [3];Rack 4x Mikrofon bezprzewodowy Shure QLXD [3];TAK;usunieto_stan_szt_i_wage;OK;
MODEL_OPAKOWANIA;259;259;;;Rack 4x Mikrofon bezprzewodowy Shure QLXD [4] 48/szt;Rack 4x Mikrofon bezprzewodowy Shure QLXD [4];TAK;usunieto_stan_szt_i_wage;OK;
EGZEMPLARZ_OPAKOWANIA;212;259;0100000000215;4;Rack 4x Mikrofon bezprzewodowy Shure QLXD [4] 48/szt Waga: 43.6kg [4];Rack 4x Mikrofon bezprzewodowy Shure QLXD [4];TAK;usunieto_stan_szt_i_wage;OK;
MODEL_OPAKOWANIA;260;260;;;Rack 4x Mikrofon bezprzewodowy Shure QLXD [5] 48/szt;Rack 4x Mikrofon bezprzewodowy Shure QLXD [5];TAK;usunieto_stan_szt_i_wage;OK;
EGZEMPLARZ_OPAKOWANIA;353;260;0100000000213;5;Rack 4x Mikrofon bezprzewodowy Shure QLXD [5] 48/szt Waga: 43.6kg [5];Rack 4x Mikrofon bezprzewodowy Shure QLXD [5];TAK;usunieto_stan_szt_i_wage;OK;
MODEL_OPAKOWANIA;261;261;;;Rack 4x Mikrofon bezprzewodowy Shure QLXD [6] 45/szt;Rack 4x Mikrofon bezprzewodowy Shure QLXD [6];TAK;usunieto_stan_szt_i_wage;OK;
EGZEMPLARZ_OPAKOWANIA;188;261;0100000000214;6;Rack 4x Mikrofon bezprzewodowy Shure QLXD [6] 45/szt Waga: 42.8kg [6];Rack 4x Mikrofon bezprzewodowy Shure QLXD [6];TAK;usunieto_stan_szt_i_wage;OK;
MODEL_OPAKOWANIA;262;262;;;Rack MDG Atme [01] 5/szt;Rack MDG Atme [01];TAK;usunieto_stan_szt_i_wage;OK;
EGZEMPLARZ_OPAKOWANIA;318;262;0100000000372;1;Rack MDG Atme [01] 5/szt Waga: 89.8kg [1];Rack MDG Atme [01] [1];TAK;usunieto_stan_szt_i_wage | zachowano_numer_egzemplarza;OK;
MODEL_OPAKOWANIA;263;263;;;"Rack Monitor dotykowy 98"" + statyw [01]";"Rack Monitor dotykowy 98"" + statyw [01]";NIE;;OK;
EGZEMPLARZ_OPAKOWANIA;109;263;0100000000373;1;"Rack Monitor dotykowy 98"" + statyw [01] 2/0szt Waga: 267kg [1]";"Rack Monitor dotykowy 98"" + statyw [01] [1]";TAK;usunieto_stan_szt_i_wage | zachowano_numer_egzemplarza;OK;
MODEL_OPAKOWANIA;264;264;;;"Rack Monitor dotykowy 98"" + statyw [02]";"Rack Monitor dotykowy 98"" + statyw [02]";NIE;;OK;
EGZEMPLARZ_OPAKOWANIA;453;264;0100000000374;2;"Rack Monitor dotykowy 98"" + statyw [02] 2/0szt Waga: 267kg [2]";"Rack Monitor dotykowy 98"" + statyw [02] [2]";TAK;usunieto_stan_szt_i_wage | zachowano_numer_egzemplarza;OK;
MODEL_OPAKOWANIA;265;265;;;Rack SYVA [2/3] 5/szt;Rack SYVA [2/3];TAK;usunieto_stan_szt_i_wage;OK;
EGZEMPLARZ_OPAKOWANIA;105;265;0100000000511;1;Rack SYVA [2/3] 5/szt Waga: 44kg [1];Rack SYVA [2/3] [1];TAK;usunieto_stan_szt_i_wage | zachowano_numer_egzemplarza;OK;
MODEL_OPAKOWANIA;266;266;;;Rack mównica BIAŁA [1] 5/szt;Rack mównica BIAŁA [1];TAK;usunieto_stan_szt_i_wage;OK;
EGZEMPLARZ_OPAKOWANIA;114;266;0100000000181;1;Rack mównica BIAŁA [1] 5/szt Waga: 70kg [1];Rack mównica BIAŁA [1];TAK;usunieto_stan_szt_i_wage;OK;
MODEL_OPAKOWANIA;267;267;;;Rack mównica BIAŁA [2] 5/szt;Rack mównica BIAŁA [2];TAK;usunieto_stan_szt_i_wage;OK;
EGZEMPLARZ_OPAKOWANIA;452;267;0100000000182;2;Rack mównica BIAŁA [2] 5/szt Waga: 70kg [2];Rack mównica BIAŁA [2];TAK;usunieto_stan_szt_i_wage;OK;
MODEL_OPAKOWANIA;268;268;;;Rack mównica BIAŁA [3] 5/szt;Rack mównica BIAŁA [3];TAK;usunieto_stan_szt_i_wage;OK;
EGZEMPLARZ_OPAKOWANIA;351;268;0100000000188;3;Rack mównica BIAŁA [3] 5/szt Waga: 70kg [3];Rack mównica BIAŁA [3];TAK;usunieto_stan_szt_i_wage;OK;
MODEL_OPAKOWANIA;269;269;;;Rack mównica BIAŁA [4] 5/szt;Rack mównica BIAŁA [4];TAK;usunieto_stan_szt_i_wage;OK;
EGZEMPLARZ_OPAKOWANIA;117;269;0100000000183;4;Rack mównica BIAŁA [4] 5/szt Waga: 70kg [4];Rack mównica BIAŁA [4];TAK;usunieto_stan_szt_i_wage;OK;
MODEL_OPAKOWANIA;270;270;;;Rack mównica BIAŁA [5] 5/szt;Rack mównica BIAŁA [5];TAK;usunieto_stan_szt_i_wage;OK;
EGZEMPLARZ_OPAKOWANIA;125;270;0100000000184;5;Rack mównica BIAŁA [5] 5/szt Waga: 70kg [5];Rack mównica BIAŁA [5];TAK;usunieto_stan_szt_i_wage;OK;
MODEL_OPAKOWANIA;271;271;;;Rack mównica BIAŁA [6] 5/szt;Rack mównica BIAŁA [6];TAK;usunieto_stan_szt_i_wage;OK;
EGZEMPLARZ_OPAKOWANIA;215;271;0100000000189;6;Rack mównica BIAŁA [6] 5/szt Waga: 70kg [6];Rack mównica BIAŁA [6];TAK;usunieto_stan_szt_i_wage;OK;
MODEL_OPAKOWANIA;272;272;;;Rack mównica BIAŁA [7] 5/szt;Rack mównica BIAŁA [7];TAK;usunieto_stan_szt_i_wage;OK;
EGZEMPLARZ_OPAKOWANIA;118;272;0100000000185;7;Rack mównica BIAŁA [7] 5/szt Waga: 70kg [7];Rack mównica BIAŁA [7];TAK;usunieto_stan_szt_i_wage;OK;
MODEL_OPAKOWANIA;273;273;;;Rack mównica BIAŁA [8] 5/szt;Rack mównica BIAŁA [8];TAK;usunieto_stan_szt_i_wage;OK;
EGZEMPLARZ_OPAKOWANIA;359;273;0100000000186;8;Rack mównica BIAŁA [8] 5/szt Waga: 70.4kg [8];Rack mównica BIAŁA [8];TAK;usunieto_stan_szt_i_wage;OK;
MODEL_OPAKOWANIA;274;274;;;Rack mównica CZARNA [10] 5/szt;Rack mównica CZARNA [10];TAK;usunieto_stan_szt_i_wage;OK;
EGZEMPLARZ_OPAKOWANIA;484;274;0100000000190;10;Rack mównica CZARNA [10] 5/szt Waga: 70kg [10];Rack mównica CZARNA [10];TAK;usunieto_stan_szt_i_wage;OK;
MODEL_OPAKOWANIA;275;275;;;Rack mównica CZARNA [9] 5/szt;Rack mównica CZARNA [9];TAK;usunieto_stan_szt_i_wage;OK;
EGZEMPLARZ_OPAKOWANIA;201;275;0100000000187;9;Rack mównica CZARNA [9] 5/szt Waga: 70kg [9];Rack mównica CZARNA [9];TAK;usunieto_stan_szt_i_wage;OK;
MODEL_OPAKOWANIA;276;276;;;Set stereo 2x mikrofonów pojemnościowych Austrian Audio CC8 (zestaw 1);Set stereo 2x mikrofonów pojemnościowych Austrian Audio CC8 (zestaw 1);NIE;;OK;
EGZEMPLARZ_OPAKOWANIA;467;276;0100000000111;;Set stereo 2x mikrofonów pojemnościowych Austrian Audio CC8 (zestaw 1) 2/2szt Waga: 1.5kg;Set stereo 2x mikrofonów pojemnościowych Austrian Audio CC8 (zestaw 1);TAK;usunieto_stan_szt_i_wage;OK;
MODEL_OPAKOWANIA;277;277;;;Set stereo 2x mikrofonów pojemnościowych Austrian Audio CC8 (zestaw 2);Set stereo 2x mikrofonów pojemnościowych Austrian Audio CC8 (zestaw 2);NIE;;OK;
EGZEMPLARZ_OPAKOWANIA;320;277;0100000000112;;Set stereo 2x mikrofonów pojemnościowych Austrian Audio CC8 (zestaw 2) 2/2szt Waga: 1.5kg;Set stereo 2x mikrofonów pojemnościowych Austrian Audio CC8 (zestaw 2);TAK;usunieto_stan_szt_i_wage;OK;
MODEL_OPAKOWANIA;278;278;;;Stagebox Midas DL16 + Stagebox Behringer S16 [1] 2/szt;Stagebox Midas DL16 + Stagebox Behringer S16 [1];TAK;usunieto_stan_szt_i_wage;OK;
EGZEMPLARZ_OPAKOWANIA;93;278;0100000000119;1;Stagebox Midas DL16 + Stagebox Behringer S16 [1] 2/szt Waga: 17.6kg [1];Stagebox Midas DL16 + Stagebox Behringer S16 [1];TAK;usunieto_stan_szt_i_wage;OK;
MODEL_OPAKOWANIA;279;279;;;W-DMX (zestaw 1) 3/szt;W-DMX (zestaw 1);TAK;usunieto_stan_szt_i_wage;OK;
EGZEMPLARZ_OPAKOWANIA;58;279;0100000000508;1;W-DMX (zestaw 1) 3/szt Waga: 3.7kg [1];W-DMX (zestaw 1) [1];TAK;usunieto_stan_szt_i_wage | zachowano_numer_egzemplarza;OK;
MODEL_OPAKOWANIA;280;280;;;W-DMX (zestaw 2) 3/szt;W-DMX (zestaw 2);TAK;usunieto_stan_szt_i_wage;OK;
EGZEMPLARZ_OPAKOWANIA;370;280;0100000000509;2;W-DMX (zestaw 2) 3/szt Waga: 3.7kg [2];W-DMX (zestaw 2) [2];TAK;usunieto_stan_szt_i_wage | zachowano_numer_egzemplarza;OK;
MODEL_OPAKOWANIA;281;281;;;Walizka z mikrofonami [1] 7/szt;Walizka z mikrofonami [1];TAK;usunieto_stan_szt_i_wage;OK;
EGZEMPLARZ_OPAKOWANIA;86;281;0100000000116;1;Walizka z mikrofonami [1] 7/szt Waga: 6.4kg [1];Walizka z mikrofonami [1];TAK;usunieto_stan_szt_i_wage;OK;
MODEL_OPAKOWANIA;282;282;;;Walizka z mikrofonami [2] 6/szt;Walizka z mikrofonami [2];TAK;usunieto_stan_szt_i_wage;OK;
EGZEMPLARZ_OPAKOWANIA;56;282;0100000000117;2;Walizka z mikrofonami [2] 6/szt Waga: 6.8kg [2];Walizka z mikrofonami [2];TAK;usunieto_stan_szt_i_wage;OK;
MODEL_OPAKOWANIA;283;283;;;[1] 4x Zestaw słuchawkowy Intercom Vokkero;[1] 4x Zestaw słuchawkowy Intercom Vokkero;NIE;;OK;
EGZEMPLARZ_OPAKOWANIA;47;283;0100000000232;1;[1] 4x Zestaw słuchawkowy Intercom Vokkero 4/4szt Waga: 15.2kg [1];[1] 4x Zestaw słuchawkowy Intercom Vokkero [1];TAK;usunieto_stan_szt_i_wage | zachowano_numer_egzemplarza;OK;
MODEL_OPAKOWANIA;284;284;;;[2] 4x Zestaw słuchawkowy Intercom Vokkero;[2] 4x Zestaw słuchawkowy Intercom Vokkero;NIE;;OK;
EGZEMPLARZ_OPAKOWANIA;54;284;0100000000233;2;[2] 4x Zestaw słuchawkowy Intercom Vokkero 4/4szt Waga: 15.2kg [2];[2] 4x Zestaw słuchawkowy Intercom Vokkero [2];TAK;usunieto_stan_szt_i_wage | zachowano_numer_egzemplarza;OK;
MODEL_OPAKOWANIA;285;285;;;[Case uniwersalny (przed update) 10] KABINET ABSEN NT3.9W V2 0,5 x 1m;KABINET ABSEN NT3.9W V2 0,5 x 1m;TAK;usunieto_legacy_prefix;OK;
EGZEMPLARZ_OPAKOWANIA;321;285;0100000000546;10;[Case uniwersalny (przed update) 10] KABINET ABSEN NT3.9W V2 0,5 x 1m 4/4szt Waga: 46.12kg [10];KABINET ABSEN NT3.9W V2 0,5 x 1m [10];TAK;usunieto_legacy_prefix | usunieto_stan_szt_i_wage | zachowano_numer_egzemplarza;OK;
MODEL_OPAKOWANIA;286;286;;;[Case uniwersalny (przed update) 11] KABINET ABSEN NT3.9W V2 0,5 x 1m;KABINET ABSEN NT3.9W V2 0,5 x 1m;TAK;usunieto_legacy_prefix;OK;
EGZEMPLARZ_OPAKOWANIA;326;286;0100000000547;11;[Case uniwersalny (przed update) 11] KABINET ABSEN NT3.9W V2 0,5 x 1m 4/4szt Waga: 46.12kg [11];KABINET ABSEN NT3.9W V2 0,5 x 1m [11];TAK;usunieto_legacy_prefix | usunieto_stan_szt_i_wage | zachowano_numer_egzemplarza;OK;
MODEL_OPAKOWANIA;287;287;;;[Case uniwersalny (przed update) 12] KABINET ABSEN NT3.9W V2 0,5 x 1m;KABINET ABSEN NT3.9W V2 0,5 x 1m;TAK;usunieto_legacy_prefix;OK;
EGZEMPLARZ_OPAKOWANIA;189;287;0100000000548;12;[Case uniwersalny (przed update) 12] KABINET ABSEN NT3.9W V2 0,5 x 1m 4/4szt Waga: 46.12kg [12];KABINET ABSEN NT3.9W V2 0,5 x 1m [12];TAK;usunieto_legacy_prefix | usunieto_stan_szt_i_wage | zachowano_numer_egzemplarza;OK;
MODEL_OPAKOWANIA;288;288;;;[Case uniwersalny (przed update) 13] KABINET ABSEN NT3.9W V2 0,5 x 1m;KABINET ABSEN NT3.9W V2 0,5 x 1m;TAK;usunieto_legacy_prefix;OK;
EGZEMPLARZ_OPAKOWANIA;70;288;0100000000549;13;[Case uniwersalny (przed update) 13] KABINET ABSEN NT3.9W V2 0,5 x 1m 4/4szt Waga: 46.12kg [13];KABINET ABSEN NT3.9W V2 0,5 x 1m [13];TAK;usunieto_legacy_prefix | usunieto_stan_szt_i_wage | zachowano_numer_egzemplarza;OK;
MODEL_OPAKOWANIA;289;289;;;[Case uniwersalny (przed update) 14] KABINET ABSEN NT3.9W V2 0,5 x 1m;KABINET ABSEN NT3.9W V2 0,5 x 1m;TAK;usunieto_legacy_prefix;OK;
EGZEMPLARZ_OPAKOWANIA;141;289;0100000000550;14;[Case uniwersalny (przed update) 14] KABINET ABSEN NT3.9W V2 0,5 x 1m 4/4szt Waga: 46.12kg [14];KABINET ABSEN NT3.9W V2 0,5 x 1m [14];TAK;usunieto_legacy_prefix | usunieto_stan_szt_i_wage | zachowano_numer_egzemplarza;OK;
MODEL_OPAKOWANIA;290;290;;;[Case uniwersalny (przed update) 15] KABINET ABSEN NT3.9W V2 0,5 x 1m;KABINET ABSEN NT3.9W V2 0,5 x 1m;TAK;usunieto_legacy_prefix;OK;
EGZEMPLARZ_OPAKOWANIA;446;290;0100000000551;15;[Case uniwersalny (przed update) 15] KABINET ABSEN NT3.9W V2 0,5 x 1m 4/4szt Waga: 46.12kg [15];KABINET ABSEN NT3.9W V2 0,5 x 1m [15];TAK;usunieto_legacy_prefix | usunieto_stan_szt_i_wage | zachowano_numer_egzemplarza;OK;
MODEL_OPAKOWANIA;291;291;;;[Case uniwersalny (przed update) 16] KABINET ABSEN NT3.9W V2 0,5 x 1m;KABINET ABSEN NT3.9W V2 0,5 x 1m;TAK;usunieto_legacy_prefix;OK;
EGZEMPLARZ_OPAKOWANIA;160;291;0100000000552;16;[Case uniwersalny (przed update) 16] KABINET ABSEN NT3.9W V2 0,5 x 1m 4/4szt Waga: 46.12kg [16];KABINET ABSEN NT3.9W V2 0,5 x 1m [16];TAK;usunieto_legacy_prefix | usunieto_stan_szt_i_wage | zachowano_numer_egzemplarza;OK;
MODEL_OPAKOWANIA;292;292;;;[Case uniwersalny (przed update) 17] KABINET ABSEN NT3.9W V2 0,5 x 1m;KABINET ABSEN NT3.9W V2 0,5 x 1m;TAK;usunieto_legacy_prefix;OK;
EGZEMPLARZ_OPAKOWANIA;406;292;0100000000553;17;[Case uniwersalny (przed update) 17] KABINET ABSEN NT3.9W V2 0,5 x 1m 4/4szt Waga: 46.12kg [17];KABINET ABSEN NT3.9W V2 0,5 x 1m [17];TAK;usunieto_legacy_prefix | usunieto_stan_szt_i_wage | zachowano_numer_egzemplarza;OK;
MODEL_OPAKOWANIA;293;293;;;[Case uniwersalny (przed update) 18] KABINET ABSEN NT3.9W V2 0,5 x 1m;KABINET ABSEN NT3.9W V2 0,5 x 1m;TAK;usunieto_legacy_prefix;OK;
EGZEMPLARZ_OPAKOWANIA;416;293;0100000000554;18;[Case uniwersalny (przed update) 18] KABINET ABSEN NT3.9W V2 0,5 x 1m 4/4szt Waga: 46.12kg [18];KABINET ABSEN NT3.9W V2 0,5 x 1m [18];TAK;usunieto_legacy_prefix | usunieto_stan_szt_i_wage | zachowano_numer_egzemplarza;OK;
MODEL_OPAKOWANIA;294;294;;;[Case uniwersalny (przed update) 19] KABINET ABSEN NT3.9W V2 0,5 x 1m;KABINET ABSEN NT3.9W V2 0,5 x 1m;TAK;usunieto_legacy_prefix;OK;
EGZEMPLARZ_OPAKOWANIA;344;294;0100000000555;19;[Case uniwersalny (przed update) 19] KABINET ABSEN NT3.9W V2 0,5 x 1m 4/4szt Waga: 46.12kg [19];KABINET ABSEN NT3.9W V2 0,5 x 1m [19];TAK;usunieto_legacy_prefix | usunieto_stan_szt_i_wage | zachowano_numer_egzemplarza;OK;
MODEL_OPAKOWANIA;295;295;;;[Case uniwersalny (przed update) 1] KABINET ABSEN NT3.9W V2 0,5 x 0,5m;KABINET ABSEN NT3.9W V2 0,5 x 0,5m;TAK;usunieto_legacy_prefix;OK;
EGZEMPLARZ_OPAKOWANIA;154;295;0100000000556;1;[Case uniwersalny (przed update) 1] KABINET ABSEN NT3.9W V2 0,5 x 0,5m 8/8szt Waga: 108.56kg [1];KABINET ABSEN NT3.9W V2 0,5 x 0,5m [1];TAK;usunieto_legacy_prefix | usunieto_stan_szt_i_wage | zachowano_numer_egzemplarza;OK;
MODEL_OPAKOWANIA;296;296;;;[Case uniwersalny (przed update) 1] KABINET ABSEN NT3.9W V2 0,5 x 1m;KABINET ABSEN NT3.9W V2 0,5 x 1m;TAK;usunieto_legacy_prefix;OK;
EGZEMPLARZ_OPAKOWANIA;60;296;0100000000537;1;[Case uniwersalny (przed update) 1] KABINET ABSEN NT3.9W V2 0,5 x 1m 4/4szt Waga: 46.12kg [1];KABINET ABSEN NT3.9W V2 0,5 x 1m [1];TAK;usunieto_legacy_prefix | usunieto_stan_szt_i_wage | zachowano_numer_egzemplarza;OK;
MODEL_OPAKOWANIA;297;297;;;[Case uniwersalny (przed update) 2] KABINET ABSEN NT3.9W V2 0,5 x 0,5m;KABINET ABSEN NT3.9W V2 0,5 x 0,5m;TAK;usunieto_legacy_prefix;OK;
EGZEMPLARZ_OPAKOWANIA;6;297;0100000000557;2;[Case uniwersalny (przed update) 2] KABINET ABSEN NT3.9W V2 0,5 x 0,5m 8/8szt Waga: 108.56kg [2];KABINET ABSEN NT3.9W V2 0,5 x 0,5m [2];TAK;usunieto_legacy_prefix | usunieto_stan_szt_i_wage | zachowano_numer_egzemplarza;OK;
MODEL_OPAKOWANIA;298;298;;;[Case uniwersalny (przed update) 2] KABINET ABSEN NT3.9W V2 0,5 x 1m;KABINET ABSEN NT3.9W V2 0,5 x 1m;TAK;usunieto_legacy_prefix;OK;
EGZEMPLARZ_OPAKOWANIA;136;298;0100000000538;2;[Case uniwersalny (przed update) 2] KABINET ABSEN NT3.9W V2 0,5 x 1m 4/4szt Waga: 46.12kg [2];KABINET ABSEN NT3.9W V2 0,5 x 1m [2];TAK;usunieto_legacy_prefix | usunieto_stan_szt_i_wage | zachowano_numer_egzemplarza;OK;
MODEL_OPAKOWANIA;299;299;;;[Case uniwersalny (przed update) 3] KABINET ABSEN NT3.9W V2 0,5 x 0,5m;KABINET ABSEN NT3.9W V2 0,5 x 0,5m;TAK;usunieto_legacy_prefix;OK;
EGZEMPLARZ_OPAKOWANIA;31;299;0100000000558;3;[Case uniwersalny (przed update) 3] KABINET ABSEN NT3.9W V2 0,5 x 0,5m 8/8szt Waga: 108.56kg [3];KABINET ABSEN NT3.9W V2 0,5 x 0,5m [3];TAK;usunieto_legacy_prefix | usunieto_stan_szt_i_wage | zachowano_numer_egzemplarza;OK;
MODEL_OPAKOWANIA;300;300;;;[Case uniwersalny (przed update) 3] KABINET ABSEN NT3.9W V2 0,5 x 1m;KABINET ABSEN NT3.9W V2 0,5 x 1m;TAK;usunieto_legacy_prefix;OK;
EGZEMPLARZ_OPAKOWANIA;80;300;0100000000539;3;[Case uniwersalny (przed update) 3] KABINET ABSEN NT3.9W V2 0,5 x 1m 4/4szt Waga: 46.12kg [3];KABINET ABSEN NT3.9W V2 0,5 x 1m [3];TAK;usunieto_legacy_prefix | usunieto_stan_szt_i_wage | zachowano_numer_egzemplarza;OK;
MODEL_OPAKOWANIA;301;301;;;[Case uniwersalny (przed update) 4] KABINET ABSEN NT3.9W V2 0,5 x 1m;KABINET ABSEN NT3.9W V2 0,5 x 1m;TAK;usunieto_legacy_prefix;OK;
EGZEMPLARZ_OPAKOWANIA;372;301;0100000000540;4;[Case uniwersalny (przed update) 4] KABINET ABSEN NT3.9W V2 0,5 x 1m 4/4szt Waga: 46.12kg [4];KABINET ABSEN NT3.9W V2 0,5 x 1m [4];TAK;usunieto_legacy_prefix | usunieto_stan_szt_i_wage | zachowano_numer_egzemplarza;OK;
MODEL_OPAKOWANIA;302;302;;;[Case uniwersalny (przed update) 5] KABINET ABSEN NT3.9W V2 0,5 x 1m;KABINET ABSEN NT3.9W V2 0,5 x 1m;TAK;usunieto_legacy_prefix;OK;
EGZEMPLARZ_OPAKOWANIA;413;302;0100000000541;5;[Case uniwersalny (przed update) 5] KABINET ABSEN NT3.9W V2 0,5 x 1m 4/4szt Waga: 46.12kg [5];KABINET ABSEN NT3.9W V2 0,5 x 1m [5];TAK;usunieto_legacy_prefix | usunieto_stan_szt_i_wage | zachowano_numer_egzemplarza;OK;
MODEL_OPAKOWANIA;303;303;;;[Case uniwersalny (przed update) 6] KABINET ABSEN NT3.9W V2 0,5 x 1m;KABINET ABSEN NT3.9W V2 0,5 x 1m;TAK;usunieto_legacy_prefix;OK;
EGZEMPLARZ_OPAKOWANIA;226;303;0100000000542;6;[Case uniwersalny (przed update) 6] KABINET ABSEN NT3.9W V2 0,5 x 1m 4/4szt Waga: 46.12kg [6];KABINET ABSEN NT3.9W V2 0,5 x 1m [6];TAK;usunieto_legacy_prefix | usunieto_stan_szt_i_wage | zachowano_numer_egzemplarza;OK;
MODEL_OPAKOWANIA;304;304;;;[Case uniwersalny (przed update) 7] KABINET ABSEN NT3.9W V2 0,5 x 1m;KABINET ABSEN NT3.9W V2 0,5 x 1m;TAK;usunieto_legacy_prefix;OK;
EGZEMPLARZ_OPAKOWANIA;59;304;0100000000543;7;[Case uniwersalny (przed update) 7] KABINET ABSEN NT3.9W V2 0,5 x 1m 4/4szt Waga: 46.12kg [7];KABINET ABSEN NT3.9W V2 0,5 x 1m [7];TAK;usunieto_legacy_prefix | usunieto_stan_szt_i_wage | zachowano_numer_egzemplarza;OK;
MODEL_OPAKOWANIA;305;305;;;[Case uniwersalny (przed update) 8] KABINET ABSEN NT3.9W V2 0,5 x 1m;KABINET ABSEN NT3.9W V2 0,5 x 1m;TAK;usunieto_legacy_prefix;OK;
EGZEMPLARZ_OPAKOWANIA;316;305;0100000000544;8;[Case uniwersalny (przed update) 8] KABINET ABSEN NT3.9W V2 0,5 x 1m 4/4szt Waga: 46.12kg [8];KABINET ABSEN NT3.9W V2 0,5 x 1m [8];TAK;usunieto_legacy_prefix | usunieto_stan_szt_i_wage | zachowano_numer_egzemplarza;OK;
MODEL_OPAKOWANIA;306;306;;;[Case uniwersalny (przed update) 9] KABINET ABSEN NT3.9W V2 0,5 x 1m;KABINET ABSEN NT3.9W V2 0,5 x 1m;TAK;usunieto_legacy_prefix;OK;
EGZEMPLARZ_OPAKOWANIA;400;306;0100000000545;9;[Case uniwersalny (przed update) 9] KABINET ABSEN NT3.9W V2 0,5 x 1m 4/4szt Waga: 46.12kg [9];KABINET ABSEN NT3.9W V2 0,5 x 1m [9];TAK;usunieto_legacy_prefix | usunieto_stan_szt_i_wage | zachowano_numer_egzemplarza;OK;
MODEL_OPAKOWANIA;307;307;;;[Case uniwersalny (przed update) ] KABINET ABSEN PL2.5;KABINET ABSEN PL2.5;TAK;usunieto_legacy_prefix;OK;
EGZEMPLARZ_OPAKOWANIA;234;307;0100000000407;1;[Case uniwersalny (przed update) ] KABINET ABSEN PL2.5 6/6szt Waga: 48kg [1];KABINET ABSEN PL2.5 [1];TAK;usunieto_legacy_prefix | usunieto_stan_szt_i_wage | zachowano_numer_egzemplarza;OK;
EGZEMPLARZ_OPAKOWANIA;235;307;0100000000416;10;[Case uniwersalny (przed update) ] KABINET ABSEN PL2.5 6/6szt Waga: 48kg [10];KABINET ABSEN PL2.5 [10];TAK;usunieto_legacy_prefix | usunieto_stan_szt_i_wage | zachowano_numer_egzemplarza;OK;
EGZEMPLARZ_OPAKOWANIA;236;307;0100000000417;11;[Case uniwersalny (przed update) ] KABINET ABSEN PL2.5 6/6szt Waga: 48kg [11];KABINET ABSEN PL2.5 [11];TAK;usunieto_legacy_prefix | usunieto_stan_szt_i_wage | zachowano_numer_egzemplarza;OK;
EGZEMPLARZ_OPAKOWANIA;237;307;0100000000418;12;[Case uniwersalny (przed update) ] KABINET ABSEN PL2.5 6/6szt Waga: 48kg [12];KABINET ABSEN PL2.5 [12];TAK;usunieto_legacy_prefix | usunieto_stan_szt_i_wage | zachowano_numer_egzemplarza;OK;
EGZEMPLARZ_OPAKOWANIA;238;307;0100000000419;13;[Case uniwersalny (przed update) ] KABINET ABSEN PL2.5 6/6szt Waga: 48kg [13];KABINET ABSEN PL2.5 [13];TAK;usunieto_legacy_prefix | usunieto_stan_szt_i_wage | zachowano_numer_egzemplarza;OK;
EGZEMPLARZ_OPAKOWANIA;239;307;0100000000420;14;[Case uniwersalny (przed update) ] KABINET ABSEN PL2.5 6/6szt Waga: 48kg [14];KABINET ABSEN PL2.5 [14];TAK;usunieto_legacy_prefix | usunieto_stan_szt_i_wage | zachowano_numer_egzemplarza;OK;
EGZEMPLARZ_OPAKOWANIA;240;307;0100000000421;15;[Case uniwersalny (przed update) ] KABINET ABSEN PL2.5 6/6szt Waga: 48kg [15];KABINET ABSEN PL2.5 [15];TAK;usunieto_legacy_prefix | usunieto_stan_szt_i_wage | zachowano_numer_egzemplarza;OK;
EGZEMPLARZ_OPAKOWANIA;241;307;0100000000422;16;[Case uniwersalny (przed update) ] KABINET ABSEN PL2.5 6/6szt Waga: 48kg [16];KABINET ABSEN PL2.5 [16];TAK;usunieto_legacy_prefix | usunieto_stan_szt_i_wage | zachowano_numer_egzemplarza;OK;
EGZEMPLARZ_OPAKOWANIA;242;307;0100000000423;17;[Case uniwersalny (przed update) ] KABINET ABSEN PL2.5 6/6szt Waga: 48kg [17];KABINET ABSEN PL2.5 [17];TAK;usunieto_legacy_prefix | usunieto_stan_szt_i_wage | zachowano_numer_egzemplarza;OK;
EGZEMPLARZ_OPAKOWANIA;243;307;0100000000424;18;[Case uniwersalny (przed update) ] KABINET ABSEN PL2.5 6/6szt Waga: 48kg [18];KABINET ABSEN PL2.5 [18];TAK;usunieto_legacy_prefix | usunieto_stan_szt_i_wage | zachowano_numer_egzemplarza;OK;
EGZEMPLARZ_OPAKOWANIA;244;307;0100000000425;19;[Case uniwersalny (przed update) ] KABINET ABSEN PL2.5 6/6szt Waga: 48kg [19];KABINET ABSEN PL2.5 [19];TAK;usunieto_legacy_prefix | usunieto_stan_szt_i_wage | zachowano_numer_egzemplarza;OK;
EGZEMPLARZ_OPAKOWANIA;245;307;0100000000408;2;[Case uniwersalny (przed update) ] KABINET ABSEN PL2.5 6/6szt Waga: 48kg [2];KABINET ABSEN PL2.5 [2];TAK;usunieto_legacy_prefix | usunieto_stan_szt_i_wage | zachowano_numer_egzemplarza;OK;
EGZEMPLARZ_OPAKOWANIA;246;307;0100000000426;20;[Case uniwersalny (przed update) ] KABINET ABSEN PL2.5 6/6szt Waga: 48kg [20];KABINET ABSEN PL2.5 [20];TAK;usunieto_legacy_prefix | usunieto_stan_szt_i_wage | zachowano_numer_egzemplarza;OK;
EGZEMPLARZ_OPAKOWANIA;247;307;0100000000427;21;[Case uniwersalny (przed update) ] KABINET ABSEN PL2.5 6/6szt Waga: 48kg [21];KABINET ABSEN PL2.5 [21];TAK;usunieto_legacy_prefix | usunieto_stan_szt_i_wage | zachowano_numer_egzemplarza;OK;
EGZEMPLARZ_OPAKOWANIA;248;307;0100000000428;22;[Case uniwersalny (przed update) ] KABINET ABSEN PL2.5 6/6szt Waga: 48kg [22];KABINET ABSEN PL2.5 [22];TAK;usunieto_legacy_prefix | usunieto_stan_szt_i_wage | zachowano_numer_egzemplarza;OK;
EGZEMPLARZ_OPAKOWANIA;249;307;0100000000429;23;[Case uniwersalny (przed update) ] KABINET ABSEN PL2.5 6/6szt Waga: 48kg [23];KABINET ABSEN PL2.5 [23];TAK;usunieto_legacy_prefix | usunieto_stan_szt_i_wage | zachowano_numer_egzemplarza;OK;
EGZEMPLARZ_OPAKOWANIA;250;307;0100000000430;24;[Case uniwersalny (przed update) ] KABINET ABSEN PL2.5 6/6szt Waga: 48kg [24];KABINET ABSEN PL2.5 [24];TAK;usunieto_legacy_prefix | usunieto_stan_szt_i_wage | zachowano_numer_egzemplarza;OK;
EGZEMPLARZ_OPAKOWANIA;251;307;0100000000431;25;[Case uniwersalny (przed update) ] KABINET ABSEN PL2.5 6/6szt Waga: 48kg [25];KABINET ABSEN PL2.5 [25];TAK;usunieto_legacy_prefix | usunieto_stan_szt_i_wage | zachowano_numer_egzemplarza;OK;
EGZEMPLARZ_OPAKOWANIA;252;307;0100000000432;26;[Case uniwersalny (przed update) ] KABINET ABSEN PL2.5 6/6szt Waga: 48kg [26];KABINET ABSEN PL2.5 [26];TAK;usunieto_legacy_prefix | usunieto_stan_szt_i_wage | zachowano_numer_egzemplarza;OK;
EGZEMPLARZ_OPAKOWANIA;253;307;0100000000433;27;[Case uniwersalny (przed update) ] KABINET ABSEN PL2.5 6/6szt Waga: 48kg [27];KABINET ABSEN PL2.5 [27];TAK;usunieto_legacy_prefix | usunieto_stan_szt_i_wage | zachowano_numer_egzemplarza;OK;
EGZEMPLARZ_OPAKOWANIA;254;307;0100000000434;28;[Case uniwersalny (przed update) ] KABINET ABSEN PL2.5 6/6szt Waga: 48kg [28];KABINET ABSEN PL2.5 [28];TAK;usunieto_legacy_prefix | usunieto_stan_szt_i_wage | zachowano_numer_egzemplarza;OK;
EGZEMPLARZ_OPAKOWANIA;255;307;0100000000435;29;[Case uniwersalny (przed update) ] KABINET ABSEN PL2.5 6/6szt Waga: 48kg [29];KABINET ABSEN PL2.5 [29];TAK;usunieto_legacy_prefix | usunieto_stan_szt_i_wage | zachowano_numer_egzemplarza;OK;
EGZEMPLARZ_OPAKOWANIA;256;307;0100000000409;3;[Case uniwersalny (przed update) ] KABINET ABSEN PL2.5 6/6szt Waga: 48kg [3];KABINET ABSEN PL2.5 [3];TAK;usunieto_legacy_prefix | usunieto_stan_szt_i_wage | zachowano_numer_egzemplarza;OK;
EGZEMPLARZ_OPAKOWANIA;257;307;0100000000436;30;[Case uniwersalny (przed update) ] KABINET ABSEN PL2.5 6/6szt Waga: 48kg [30];KABINET ABSEN PL2.5 [30];TAK;usunieto_legacy_prefix | usunieto_stan_szt_i_wage | zachowano_numer_egzemplarza;OK;
EGZEMPLARZ_OPAKOWANIA;258;307;0100000000437;31;[Case uniwersalny (przed update) ] KABINET ABSEN PL2.5 6/6szt Waga: 48kg [31];KABINET ABSEN PL2.5 [31];TAK;usunieto_legacy_prefix | usunieto_stan_szt_i_wage | zachowano_numer_egzemplarza;OK;
EGZEMPLARZ_OPAKOWANIA;259;307;0100000000438;32;[Case uniwersalny (przed update) ] KABINET ABSEN PL2.5 6/6szt Waga: 48kg [32];KABINET ABSEN PL2.5 [32];TAK;usunieto_legacy_prefix | usunieto_stan_szt_i_wage | zachowano_numer_egzemplarza;OK;
EGZEMPLARZ_OPAKOWANIA;260;307;0100000000439;33;[Case uniwersalny (przed update) ] KABINET ABSEN PL2.5 6/6szt Waga: 48kg [33];KABINET ABSEN PL2.5 [33];TAK;usunieto_legacy_prefix | usunieto_stan_szt_i_wage | zachowano_numer_egzemplarza;OK;
EGZEMPLARZ_OPAKOWANIA;261;307;0100000000440;34;[Case uniwersalny (przed update) ] KABINET ABSEN PL2.5 6/6szt Waga: 48kg [34];KABINET ABSEN PL2.5 [34];TAK;usunieto_legacy_prefix | usunieto_stan_szt_i_wage | zachowano_numer_egzemplarza;OK;
EGZEMPLARZ_OPAKOWANIA;262;307;0100000000441;35;[Case uniwersalny (przed update) ] KABINET ABSEN PL2.5 6/6szt Waga: 48kg [35];KABINET ABSEN PL2.5 [35];TAK;usunieto_legacy_prefix | usunieto_stan_szt_i_wage | zachowano_numer_egzemplarza;OK;
EGZEMPLARZ_OPAKOWANIA;263;307;0100000000442;36;[Case uniwersalny (przed update) ] KABINET ABSEN PL2.5 6/6szt Waga: 48kg [36];KABINET ABSEN PL2.5 [36];TAK;usunieto_legacy_prefix | usunieto_stan_szt_i_wage | zachowano_numer_egzemplarza;OK;
EGZEMPLARZ_OPAKOWANIA;264;307;0100000000443;37;[Case uniwersalny (przed update) ] KABINET ABSEN PL2.5 6/6szt Waga: 48kg [37];KABINET ABSEN PL2.5 [37];TAK;usunieto_legacy_prefix | usunieto_stan_szt_i_wage | zachowano_numer_egzemplarza;OK;
EGZEMPLARZ_OPAKOWANIA;265;307;0100000000444;38;[Case uniwersalny (przed update) ] KABINET ABSEN PL2.5 6/6szt Waga: 48kg [38];KABINET ABSEN PL2.5 [38];TAK;usunieto_legacy_prefix | usunieto_stan_szt_i_wage | zachowano_numer_egzemplarza;OK;
EGZEMPLARZ_OPAKOWANIA;266;307;0100000000445;39;[Case uniwersalny (przed update) ] KABINET ABSEN PL2.5 6/6szt Waga: 48kg [39];KABINET ABSEN PL2.5 [39];TAK;usunieto_legacy_prefix | usunieto_stan_szt_i_wage | zachowano_numer_egzemplarza;OK;
EGZEMPLARZ_OPAKOWANIA;267;307;0100000000410;4;[Case uniwersalny (przed update) ] KABINET ABSEN PL2.5 6/6szt Waga: 48kg [4];KABINET ABSEN PL2.5 [4];TAK;usunieto_legacy_prefix | usunieto_stan_szt_i_wage | zachowano_numer_egzemplarza;OK;
EGZEMPLARZ_OPAKOWANIA;268;307;0100000000446;40;[Case uniwersalny (przed update) ] KABINET ABSEN PL2.5 6/6szt Waga: 48kg [40];KABINET ABSEN PL2.5 [40];TAK;usunieto_legacy_prefix | usunieto_stan_szt_i_wage | zachowano_numer_egzemplarza;OK;
EGZEMPLARZ_OPAKOWANIA;269;307;0100000000447;41;[Case uniwersalny (przed update) ] KABINET ABSEN PL2.5 6/6szt Waga: 48kg [41];KABINET ABSEN PL2.5 [41];TAK;usunieto_legacy_prefix | usunieto_stan_szt_i_wage | zachowano_numer_egzemplarza;OK;
EGZEMPLARZ_OPAKOWANIA;270;307;0100000000448;42;[Case uniwersalny (przed update) ] KABINET ABSEN PL2.5 6/6szt Waga: 48kg [42];KABINET ABSEN PL2.5 [42];TAK;usunieto_legacy_prefix | usunieto_stan_szt_i_wage | zachowano_numer_egzemplarza;OK;
EGZEMPLARZ_OPAKOWANIA;271;307;0100000000449;43;[Case uniwersalny (przed update) ] KABINET ABSEN PL2.5 6/6szt Waga: 48kg [43];KABINET ABSEN PL2.5 [43];TAK;usunieto_legacy_prefix | usunieto_stan_szt_i_wage | zachowano_numer_egzemplarza;OK;
EGZEMPLARZ_OPAKOWANIA;272;307;0100000000450;44;[Case uniwersalny (przed update) ] KABINET ABSEN PL2.5 6/6szt Waga: 48kg [44];KABINET ABSEN PL2.5 [44];TAK;usunieto_legacy_prefix | usunieto_stan_szt_i_wage | zachowano_numer_egzemplarza;OK;
EGZEMPLARZ_OPAKOWANIA;273;307;0100000000451;45;[Case uniwersalny (przed update) ] KABINET ABSEN PL2.5 6/6szt Waga: 48kg [45];KABINET ABSEN PL2.5 [45];TAK;usunieto_legacy_prefix | usunieto_stan_szt_i_wage | zachowano_numer_egzemplarza;OK;
EGZEMPLARZ_OPAKOWANIA;274;307;0100000000452;46;[Case uniwersalny (przed update) ] KABINET ABSEN PL2.5 6/6szt Waga: 48kg [46];KABINET ABSEN PL2.5 [46];TAK;usunieto_legacy_prefix | usunieto_stan_szt_i_wage | zachowano_numer_egzemplarza;OK;
EGZEMPLARZ_OPAKOWANIA;275;307;0100000000453;47;[Case uniwersalny (przed update) ] KABINET ABSEN PL2.5 6/6szt Waga: 48kg [47];KABINET ABSEN PL2.5 [47];TAK;usunieto_legacy_prefix | usunieto_stan_szt_i_wage | zachowano_numer_egzemplarza;OK;
EGZEMPLARZ_OPAKOWANIA;276;307;0100000000454;48;[Case uniwersalny (przed update) ] KABINET ABSEN PL2.5 6/6szt Waga: 48kg [48];KABINET ABSEN PL2.5 [48];TAK;usunieto_legacy_prefix | usunieto_stan_szt_i_wage | zachowano_numer_egzemplarza;OK;
EGZEMPLARZ_OPAKOWANIA;277;307;0100000000455;49;[Case uniwersalny (przed update) ] KABINET ABSEN PL2.5 6/6szt Waga: 48kg [49];KABINET ABSEN PL2.5 [49];TAK;usunieto_legacy_prefix | usunieto_stan_szt_i_wage | zachowano_numer_egzemplarza;OK;
EGZEMPLARZ_OPAKOWANIA;278;307;0100000000411;5;[Case uniwersalny (przed update) ] KABINET ABSEN PL2.5 6/6szt Waga: 48kg [5];KABINET ABSEN PL2.5 [5];TAK;usunieto_legacy_prefix | usunieto_stan_szt_i_wage | zachowano_numer_egzemplarza;OK;
EGZEMPLARZ_OPAKOWANIA;279;307;0100000000456;50;[Case uniwersalny (przed update) ] KABINET ABSEN PL2.5 6/6szt Waga: 48kg [50];KABINET ABSEN PL2.5 [50];TAK;usunieto_legacy_prefix | usunieto_stan_szt_i_wage | zachowano_numer_egzemplarza;OK;
EGZEMPLARZ_OPAKOWANIA;280;307;0100000000457;51;[Case uniwersalny (przed update) ] KABINET ABSEN PL2.5 6/6szt Waga: 48kg [51];KABINET ABSEN PL2.5 [51];TAK;usunieto_legacy_prefix | usunieto_stan_szt_i_wage | zachowano_numer_egzemplarza;OK;
EGZEMPLARZ_OPAKOWANIA;281;307;0100000000458;52;[Case uniwersalny (przed update) ] KABINET ABSEN PL2.5 6/6szt Waga: 48kg [52];KABINET ABSEN PL2.5 [52];TAK;usunieto_legacy_prefix | usunieto_stan_szt_i_wage | zachowano_numer_egzemplarza;OK;
EGZEMPLARZ_OPAKOWANIA;282;307;0100000000459;53;[Case uniwersalny (przed update) ] KABINET ABSEN PL2.5 6/6szt Waga: 48kg [53];KABINET ABSEN PL2.5 [53];TAK;usunieto_legacy_prefix | usunieto_stan_szt_i_wage | zachowano_numer_egzemplarza;OK;
EGZEMPLARZ_OPAKOWANIA;283;307;0100000000460;54;[Case uniwersalny (przed update) ] KABINET ABSEN PL2.5 6/6szt Waga: 48kg [54];KABINET ABSEN PL2.5 [54];TAK;usunieto_legacy_prefix | usunieto_stan_szt_i_wage | zachowano_numer_egzemplarza;OK;
EGZEMPLARZ_OPAKOWANIA;284;307;0100000000461;55;[Case uniwersalny (przed update) ] KABINET ABSEN PL2.5 6/6szt Waga: 48kg [55];KABINET ABSEN PL2.5 [55];TAK;usunieto_legacy_prefix | usunieto_stan_szt_i_wage | zachowano_numer_egzemplarza;OK;
EGZEMPLARZ_OPAKOWANIA;285;307;0100000000462;56;[Case uniwersalny (przed update) ] KABINET ABSEN PL2.5 6/6szt Waga: 48kg [56];KABINET ABSEN PL2.5 [56];TAK;usunieto_legacy_prefix | usunieto_stan_szt_i_wage | zachowano_numer_egzemplarza;OK;
EGZEMPLARZ_OPAKOWANIA;286;307;0100000000463;57;[Case uniwersalny (przed update) ] KABINET ABSEN PL2.5 6/6szt Waga: 48kg [57];KABINET ABSEN PL2.5 [57];TAK;usunieto_legacy_prefix | usunieto_stan_szt_i_wage | zachowano_numer_egzemplarza;OK;
EGZEMPLARZ_OPAKOWANIA;287;307;0100000000464;58;[Case uniwersalny (przed update) ] KABINET ABSEN PL2.5 6/6szt Waga: 48kg [58];KABINET ABSEN PL2.5 [58];TAK;usunieto_legacy_prefix | usunieto_stan_szt_i_wage | zachowano_numer_egzemplarza;OK;
EGZEMPLARZ_OPAKOWANIA;288;307;0100000000465;59;[Case uniwersalny (przed update) ] KABINET ABSEN PL2.5 6/6szt Waga: 48kg [59];KABINET ABSEN PL2.5 [59];TAK;usunieto_legacy_prefix | usunieto_stan_szt_i_wage | zachowano_numer_egzemplarza;OK;
EGZEMPLARZ_OPAKOWANIA;289;307;0100000000412;6;[Case uniwersalny (przed update) ] KABINET ABSEN PL2.5 6/6szt Waga: 48kg [6];KABINET ABSEN PL2.5 [6];TAK;usunieto_legacy_prefix | usunieto_stan_szt_i_wage | zachowano_numer_egzemplarza;OK;
EGZEMPLARZ_OPAKOWANIA;290;307;0100000000466;60;[Case uniwersalny (przed update) ] KABINET ABSEN PL2.5 6/6szt Waga: 48kg [60];KABINET ABSEN PL2.5 [60];TAK;usunieto_legacy_prefix | usunieto_stan_szt_i_wage | zachowano_numer_egzemplarza;OK;
EGZEMPLARZ_OPAKOWANIA;291;307;0100000000467;61;[Case uniwersalny (przed update) ] KABINET ABSEN PL2.5 6/6szt Waga: 48kg [61];KABINET ABSEN PL2.5 [61];TAK;usunieto_legacy_prefix | usunieto_stan_szt_i_wage | zachowano_numer_egzemplarza;OK;
EGZEMPLARZ_OPAKOWANIA;292;307;0100000000468;62;[Case uniwersalny (przed update) ] KABINET ABSEN PL2.5 6/6szt Waga: 48kg [62];KABINET ABSEN PL2.5 [62];TAK;usunieto_legacy_prefix | usunieto_stan_szt_i_wage | zachowano_numer_egzemplarza;OK;
EGZEMPLARZ_OPAKOWANIA;293;307;0100000000469;63;[Case uniwersalny (przed update) ] KABINET ABSEN PL2.5 6/6szt Waga: 48kg [63];KABINET ABSEN PL2.5 [63];TAK;usunieto_legacy_prefix | usunieto_stan_szt_i_wage | zachowano_numer_egzemplarza;OK;
EGZEMPLARZ_OPAKOWANIA;294;307;0100000000470;64;[Case uniwersalny (przed update) ] KABINET ABSEN PL2.5 6/6szt Waga: 48kg [64];KABINET ABSEN PL2.5 [64];TAK;usunieto_legacy_prefix | usunieto_stan_szt_i_wage | zachowano_numer_egzemplarza;OK;
EGZEMPLARZ_OPAKOWANIA;295;307;0100000000471;65;[Case uniwersalny (przed update) ] KABINET ABSEN PL2.5 6/6szt Waga: 48kg [65];KABINET ABSEN PL2.5 [65];TAK;usunieto_legacy_prefix | usunieto_stan_szt_i_wage | zachowano_numer_egzemplarza;OK;
EGZEMPLARZ_OPAKOWANIA;296;307;0100000000472;66;[Case uniwersalny (przed update) ] KABINET ABSEN PL2.5 6/6szt Waga: 48kg [66];KABINET ABSEN PL2.5 [66];TAK;usunieto_legacy_prefix | usunieto_stan_szt_i_wage | zachowano_numer_egzemplarza;OK;
EGZEMPLARZ_OPAKOWANIA;297;307;0100000000473;67;[Case uniwersalny (przed update) ] KABINET ABSEN PL2.5 6/6szt Waga: 48kg [67];KABINET ABSEN PL2.5 [67];TAK;usunieto_legacy_prefix | usunieto_stan_szt_i_wage | zachowano_numer_egzemplarza;OK;
EGZEMPLARZ_OPAKOWANIA;298;307;0100000000474;68;[Case uniwersalny (przed update) ] KABINET ABSEN PL2.5 6/6szt Waga: 48kg [68];KABINET ABSEN PL2.5 [68];TAK;usunieto_legacy_prefix | usunieto_stan_szt_i_wage | zachowano_numer_egzemplarza;OK;
EGZEMPLARZ_OPAKOWANIA;299;307;0100000000475;69;[Case uniwersalny (przed update) ] KABINET ABSEN PL2.5 6/6szt Waga: 48kg [69];KABINET ABSEN PL2.5 [69];TAK;usunieto_legacy_prefix | usunieto_stan_szt_i_wage | zachowano_numer_egzemplarza;OK;
EGZEMPLARZ_OPAKOWANIA;300;307;0100000000413;7;[Case uniwersalny (przed update) ] KABINET ABSEN PL2.5 6/6szt Waga: 48kg [7];KABINET ABSEN PL2.5 [7];TAK;usunieto_legacy_prefix | usunieto_stan_szt_i_wage | zachowano_numer_egzemplarza;OK;
EGZEMPLARZ_OPAKOWANIA;301;307;0100000000476;70;[Case uniwersalny (przed update) ] KABINET ABSEN PL2.5 6/6szt Waga: 48kg [70];KABINET ABSEN PL2.5 [70];TAK;usunieto_legacy_prefix | usunieto_stan_szt_i_wage | zachowano_numer_egzemplarza;OK;
EGZEMPLARZ_OPAKOWANIA;302;307;0100000000477;71;[Case uniwersalny (przed update) ] KABINET ABSEN PL2.5 6/6szt Waga: 48kg [71];KABINET ABSEN PL2.5 [71];TAK;usunieto_legacy_prefix | usunieto_stan_szt_i_wage | zachowano_numer_egzemplarza;OK;
EGZEMPLARZ_OPAKOWANIA;303;307;0100000000478;72;[Case uniwersalny (przed update) ] KABINET ABSEN PL2.5 6/6szt Waga: 48kg [72];KABINET ABSEN PL2.5 [72];TAK;usunieto_legacy_prefix | usunieto_stan_szt_i_wage | zachowano_numer_egzemplarza;OK;
EGZEMPLARZ_OPAKOWANIA;304;307;0100000000479;73;[Case uniwersalny (przed update) ] KABINET ABSEN PL2.5 6/6szt Waga: 48kg [73];KABINET ABSEN PL2.5 [73];TAK;usunieto_legacy_prefix | usunieto_stan_szt_i_wage | zachowano_numer_egzemplarza;OK;
EGZEMPLARZ_OPAKOWANIA;305;307;0100000000480;74;[Case uniwersalny (przed update) ] KABINET ABSEN PL2.5 6/6szt Waga: 48kg [74];KABINET ABSEN PL2.5 [74];TAK;usunieto_legacy_prefix | usunieto_stan_szt_i_wage | zachowano_numer_egzemplarza;OK;
EGZEMPLARZ_OPAKOWANIA;306;307;0100000000481;75;[Case uniwersalny (przed update) ] KABINET ABSEN PL2.5 6/6szt Waga: 48kg [75];KABINET ABSEN PL2.5 [75];TAK;usunieto_legacy_prefix | usunieto_stan_szt_i_wage | zachowano_numer_egzemplarza;OK;
EGZEMPLARZ_OPAKOWANIA;307;307;0100000000482;76;[Case uniwersalny (przed update) ] KABINET ABSEN PL2.5 6/6szt Waga: 48kg [76];KABINET ABSEN PL2.5 [76];TAK;usunieto_legacy_prefix | usunieto_stan_szt_i_wage | zachowano_numer_egzemplarza;OK;
EGZEMPLARZ_OPAKOWANIA;308;307;0100000000483;77;[Case uniwersalny (przed update) ] KABINET ABSEN PL2.5 6/6szt Waga: 48kg [77];KABINET ABSEN PL2.5 [77];TAK;usunieto_legacy_prefix | usunieto_stan_szt_i_wage | zachowano_numer_egzemplarza;OK;
EGZEMPLARZ_OPAKOWANIA;309;307;0100000000484;78;[Case uniwersalny (przed update) ] KABINET ABSEN PL2.5 6/6szt Waga: 48kg [78];KABINET ABSEN PL2.5 [78];TAK;usunieto_legacy_prefix | usunieto_stan_szt_i_wage | zachowano_numer_egzemplarza;OK;
EGZEMPLARZ_OPAKOWANIA;310;307;0100000000485;79;[Case uniwersalny (przed update) ] KABINET ABSEN PL2.5 6/6szt Waga: 48kg [79];KABINET ABSEN PL2.5 [79];TAK;usunieto_legacy_prefix | usunieto_stan_szt_i_wage | zachowano_numer_egzemplarza;OK;
EGZEMPLARZ_OPAKOWANIA;311;307;0100000000414;8;[Case uniwersalny (przed update) ] KABINET ABSEN PL2.5 6/6szt Waga: 48kg [8];KABINET ABSEN PL2.5 [8];TAK;usunieto_legacy_prefix | usunieto_stan_szt_i_wage | zachowano_numer_egzemplarza;OK;
EGZEMPLARZ_OPAKOWANIA;312;307;0100000000486;80;[Case uniwersalny (przed update) ] KABINET ABSEN PL2.5 6/6szt Waga: 48kg [80];KABINET ABSEN PL2.5 [80];TAK;usunieto_legacy_prefix | usunieto_stan_szt_i_wage | zachowano_numer_egzemplarza;OK;
EGZEMPLARZ_OPAKOWANIA;313;307;0100000000487;81;[Case uniwersalny (przed update) ] KABINET ABSEN PL2.5 6/6szt Waga: 48kg [81];KABINET ABSEN PL2.5 [81];TAK;usunieto_legacy_prefix | usunieto_stan_szt_i_wage | zachowano_numer_egzemplarza;OK;
EGZEMPLARZ_OPAKOWANIA;314;307;0100000000488;82;[Case uniwersalny (przed update) ] KABINET ABSEN PL2.5 6/6szt Waga: 48kg [82];KABINET ABSEN PL2.5 [82];TAK;usunieto_legacy_prefix | usunieto_stan_szt_i_wage | zachowano_numer_egzemplarza;OK;
EGZEMPLARZ_OPAKOWANIA;315;307;0100000000415;9;[Case uniwersalny (przed update) ] KABINET ABSEN PL2.5 6/6szt Waga: 48kg [9];KABINET ABSEN PL2.5 [9];TAK;usunieto_legacy_prefix | usunieto_stan_szt_i_wage | zachowano_numer_egzemplarza;OK;
MODEL_OPAKOWANIA;308;308;;;[Dioda (Flex) ] KABINET ABSEN FL2.5 FLEX;[Dioda (Flex) ] KABINET ABSEN FL2.5 FLEX;NIE;;OK;
EGZEMPLARZ_OPAKOWANIA;329;308;0100000000392;1;[Dioda (Flex) ] KABINET ABSEN FL2.5 FLEX 8/8szt Waga: 111.8kg [1];[Dioda (Flex) ] KABINET ABSEN FL2.5 FLEX [1];TAK;usunieto_stan_szt_i_wage | zachowano_numer_egzemplarza;OK;
EGZEMPLARZ_OPAKOWANIA;330;308;0100000000401;10;[Dioda (Flex) ] KABINET ABSEN FL2.5 FLEX 8/8szt Waga: 111.8kg [10];[Dioda (Flex) ] KABINET ABSEN FL2.5 FLEX [10];TAK;usunieto_stan_szt_i_wage | zachowano_numer_egzemplarza;OK;
EGZEMPLARZ_OPAKOWANIA;331;308;0100000000402;11;[Dioda (Flex) ] KABINET ABSEN FL2.5 FLEX 8/8szt Waga: 111.8kg [11];[Dioda (Flex) ] KABINET ABSEN FL2.5 FLEX [11];TAK;usunieto_stan_szt_i_wage | zachowano_numer_egzemplarza;OK;
EGZEMPLARZ_OPAKOWANIA;332;308;0100000000403;12;[Dioda (Flex) ] KABINET ABSEN FL2.5 FLEX 8/8szt Waga: 111.8kg [12];[Dioda (Flex) ] KABINET ABSEN FL2.5 FLEX [12];TAK;usunieto_stan_szt_i_wage | zachowano_numer_egzemplarza;OK;
EGZEMPLARZ_OPAKOWANIA;333;308;0100000000404;13;[Dioda (Flex) ] KABINET ABSEN FL2.5 FLEX 8/8szt Waga: 111.8kg [13];[Dioda (Flex) ] KABINET ABSEN FL2.5 FLEX [13];TAK;usunieto_stan_szt_i_wage | zachowano_numer_egzemplarza;OK;
EGZEMPLARZ_OPAKOWANIA;334;308;0100000000405;14;[Dioda (Flex) ] KABINET ABSEN FL2.5 FLEX 8/8szt Waga: 111.8kg [14];[Dioda (Flex) ] KABINET ABSEN FL2.5 FLEX [14];TAK;usunieto_stan_szt_i_wage | zachowano_numer_egzemplarza;OK;
EGZEMPLARZ_OPAKOWANIA;335;308;0100000000406;15;[Dioda (Flex) ] KABINET ABSEN FL2.5 FLEX 8/8szt Waga: 111.8kg [15];[Dioda (Flex) ] KABINET ABSEN FL2.5 FLEX [15];TAK;usunieto_stan_szt_i_wage | zachowano_numer_egzemplarza;OK;
EGZEMPLARZ_OPAKOWANIA;336;308;0100000000393;2;[Dioda (Flex) ] KABINET ABSEN FL2.5 FLEX 8/8szt Waga: 111.8kg [2];[Dioda (Flex) ] KABINET ABSEN FL2.5 FLEX [2];TAK;usunieto_stan_szt_i_wage | zachowano_numer_egzemplarza;OK;
EGZEMPLARZ_OPAKOWANIA;337;308;0100000000394;3;[Dioda (Flex) ] KABINET ABSEN FL2.5 FLEX 8/8szt Waga: 111.8kg [3];[Dioda (Flex) ] KABINET ABSEN FL2.5 FLEX [3];TAK;usunieto_stan_szt_i_wage | zachowano_numer_egzemplarza;OK;
EGZEMPLARZ_OPAKOWANIA;338;308;0100000000395;4;[Dioda (Flex) ] KABINET ABSEN FL2.5 FLEX 8/8szt Waga: 111.8kg [4];[Dioda (Flex) ] KABINET ABSEN FL2.5 FLEX [4];TAK;usunieto_stan_szt_i_wage | zachowano_numer_egzemplarza;OK;
EGZEMPLARZ_OPAKOWANIA;339;308;0100000000396;5;[Dioda (Flex) ] KABINET ABSEN FL2.5 FLEX 8/8szt Waga: 111.8kg [5];[Dioda (Flex) ] KABINET ABSEN FL2.5 FLEX [5];TAK;usunieto_stan_szt_i_wage | zachowano_numer_egzemplarza;OK;
EGZEMPLARZ_OPAKOWANIA;340;308;0100000000397;6;[Dioda (Flex) ] KABINET ABSEN FL2.5 FLEX 8/8szt Waga: 111.8kg [6];[Dioda (Flex) ] KABINET ABSEN FL2.5 FLEX [6];TAK;usunieto_stan_szt_i_wage | zachowano_numer_egzemplarza;OK;
EGZEMPLARZ_OPAKOWANIA;341;308;0100000000398;7;[Dioda (Flex) ] KABINET ABSEN FL2.5 FLEX 8/8szt Waga: 111.8kg [7];[Dioda (Flex) ] KABINET ABSEN FL2.5 FLEX [7];TAK;usunieto_stan_szt_i_wage | zachowano_numer_egzemplarza;OK;
EGZEMPLARZ_OPAKOWANIA;342;308;0100000000399;8;[Dioda (Flex) ] KABINET ABSEN FL2.5 FLEX 8/8szt Waga: 111.8kg [8];[Dioda (Flex) ] KABINET ABSEN FL2.5 FLEX [8];TAK;usunieto_stan_szt_i_wage | zachowano_numer_egzemplarza;OK;
EGZEMPLARZ_OPAKOWANIA;343;308;0100000000400;9;[Dioda (Flex) ] KABINET ABSEN FL2.5 FLEX 8/8szt Waga: 111.8kg [9];[Dioda (Flex) ] KABINET ABSEN FL2.5 FLEX [9];TAK;usunieto_stan_szt_i_wage | zachowano_numer_egzemplarza;OK;
MODEL_OPAKOWANIA;309;309;;;[dioda 10] KABINET ABSEN PL2.5;[dioda 10] KABINET ABSEN PL2.5;NIE;;OK;
EGZEMPLARZ_OPAKOWANIA;471;309;0100000000277;10;[dioda 10] KABINET ABSEN PL2.5 0/6szt Waga: 22.80kg [10];[dioda 10] KABINET ABSEN PL2.5 [10];TAK;usunieto_stan_szt_i_wage | zachowano_numer_egzemplarza;OK;
MODEL_OPAKOWANIA;310;310;;;[dioda 11] KABINET ABSEN PL2.5;[dioda 11] KABINET ABSEN PL2.5;NIE;;OK;
EGZEMPLARZ_OPAKOWANIA;403;310;0100000000266;11;[dioda 11] KABINET ABSEN PL2.5 0/6szt Waga: 22.80kg [11];[dioda 11] KABINET ABSEN PL2.5 [11];TAK;usunieto_stan_szt_i_wage | zachowano_numer_egzemplarza;OK;
MODEL_OPAKOWANIA;311;311;;;[dioda 12] KABINET ABSEN PL2.5;[dioda 12] KABINET ABSEN PL2.5;NIE;;OK;
EGZEMPLARZ_OPAKOWANIA;12;311;0100000000325;12;[dioda 12] KABINET ABSEN PL2.5 0/6szt Waga: 22.80kg [12];[dioda 12] KABINET ABSEN PL2.5 [12];TAK;usunieto_stan_szt_i_wage | zachowano_numer_egzemplarza;OK;
MODEL_OPAKOWANIA;312;312;;;[dioda 13] KABINET ABSEN PL2.5;[dioda 13] KABINET ABSEN PL2.5;NIE;;OK;
EGZEMPLARZ_OPAKOWANIA;89;312;0100000000263;13;[dioda 13] KABINET ABSEN PL2.5 0/6szt Waga: 22.80kg [13];[dioda 13] KABINET ABSEN PL2.5 [13];TAK;usunieto_stan_szt_i_wage | zachowano_numer_egzemplarza;OK;
MODEL_OPAKOWANIA;313;313;;;[dioda 14] KABINET ABSEN PL2.5;[dioda 14] KABINET ABSEN PL2.5;NIE;;OK;
EGZEMPLARZ_OPAKOWANIA;450;313;0100000000274;14;[dioda 14] KABINET ABSEN PL2.5 0/6szt Waga: 22.80kg [14];[dioda 14] KABINET ABSEN PL2.5 [14];TAK;usunieto_stan_szt_i_wage | zachowano_numer_egzemplarza;OK;
MODEL_OPAKOWANIA;314;314;;;[dioda 16] KABINET ABSEN PL2.5;[dioda 16] KABINET ABSEN PL2.5;NIE;;OK;
EGZEMPLARZ_OPAKOWANIA;426;314;0100000000278;16;[dioda 16] KABINET ABSEN PL2.5 0/6szt Waga: 22.80kg [16];[dioda 16] KABINET ABSEN PL2.5 [16];TAK;usunieto_stan_szt_i_wage | zachowano_numer_egzemplarza;OK;
MODEL_OPAKOWANIA;315;315;;;[dioda 17] KABINET ABSEN PL2.5;[dioda 17] KABINET ABSEN PL2.5;NIE;;OK;
EGZEMPLARZ_OPAKOWANIA;348;315;0100000000259;17;[dioda 17] KABINET ABSEN PL2.5 0/6szt Waga: 22.80kg [17];[dioda 17] KABINET ABSEN PL2.5 [17];TAK;usunieto_stan_szt_i_wage | zachowano_numer_egzemplarza;OK;
MODEL_OPAKOWANIA;316;316;;;[dioda 18] KABINET ABSEN PL2.5;[dioda 18] KABINET ABSEN PL2.5;NIE;;OK;
EGZEMPLARZ_OPAKOWANIA;33;316;0100000000267;18;[dioda 18] KABINET ABSEN PL2.5 0/6szt Waga: 22.80kg [18];[dioda 18] KABINET ABSEN PL2.5 [18];TAK;usunieto_stan_szt_i_wage | zachowano_numer_egzemplarza;OK;
MODEL_OPAKOWANIA;317;317;;;[dioda 19] KABINET ABSEN PL2.5;[dioda 19] KABINET ABSEN PL2.5;NIE;;OK;
EGZEMPLARZ_OPAKOWANIA;145;317;0100000000269;19;[dioda 19] KABINET ABSEN PL2.5 0/6szt Waga: 22.80kg [19];[dioda 19] KABINET ABSEN PL2.5 [19];TAK;usunieto_stan_szt_i_wage | zachowano_numer_egzemplarza;OK;
MODEL_OPAKOWANIA;318;318;;;[dioda 1] KABINET ABSEN PL2.5;[dioda 1] KABINET ABSEN PL2.5;NIE;;OK;
EGZEMPLARZ_OPAKOWANIA;404;318;0100000000258;1;[dioda 1] KABINET ABSEN PL2.5 0/6szt Waga: 22.80kg [1];[dioda 1] KABINET ABSEN PL2.5 [1];TAK;usunieto_stan_szt_i_wage | zachowano_numer_egzemplarza;OK;
MODEL_OPAKOWANIA;319;319;;;[dioda 20] KABINET ABSEN PL2.5;[dioda 20] KABINET ABSEN PL2.5;NIE;;OK;
EGZEMPLARZ_OPAKOWANIA;65;319;0100000000290;20;[dioda 20] KABINET ABSEN PL2.5 0/6szt Waga: 22.80kg [20];[dioda 20] KABINET ABSEN PL2.5 [20];TAK;usunieto_stan_szt_i_wage | zachowano_numer_egzemplarza;OK;
MODEL_OPAKOWANIA;320;320;;;[dioda 21] KABINET ABSEN PL2.5;[dioda 21] KABINET ABSEN PL2.5;NIE;;OK;
EGZEMPLARZ_OPAKOWANIA;378;320;0100000000323;21;[dioda 21] KABINET ABSEN PL2.5 0/6szt Waga: 22.80kg [21];[dioda 21] KABINET ABSEN PL2.5 [21];TAK;usunieto_stan_szt_i_wage | zachowano_numer_egzemplarza;OK;
MODEL_OPAKOWANIA;321;321;;;[dioda 22] KABINET ABSEN PL2.5;[dioda 22] KABINET ABSEN PL2.5;NIE;;OK;
EGZEMPLARZ_OPAKOWANIA;349;321;0100000000268;22;[dioda 22] KABINET ABSEN PL2.5 0/6szt Waga: 22.80kg [22];[dioda 22] KABINET ABSEN PL2.5 [22];TAK;usunieto_stan_szt_i_wage | zachowano_numer_egzemplarza;OK;
MODEL_OPAKOWANIA;322;322;;;[dioda 23] KABINET ABSEN PL2.5;[dioda 23] KABINET ABSEN PL2.5;NIE;;OK;
EGZEMPLARZ_OPAKOWANIA;203;322;0100000000270;23;[dioda 23] KABINET ABSEN PL2.5 0/6szt Waga: 22.80kg [23];[dioda 23] KABINET ABSEN PL2.5 [23];TAK;usunieto_stan_szt_i_wage | zachowano_numer_egzemplarza;OK;
MODEL_OPAKOWANIA;323;323;;;[dioda 24] KABINET ABSEN PL2.5;[dioda 24] KABINET ABSEN PL2.5;NIE;;OK;
EGZEMPLARZ_OPAKOWANIA;345;323;0100000000272;24;[dioda 24] KABINET ABSEN PL2.5 0/6szt Waga: 22.80kg [24];[dioda 24] KABINET ABSEN PL2.5 [24];TAK;usunieto_stan_szt_i_wage | zachowano_numer_egzemplarza;OK;
MODEL_OPAKOWANIA;324;324;;;[dioda 25] KABINET ABSEN PL2.5;[dioda 25] KABINET ABSEN PL2.5;NIE;;OK;
EGZEMPLARZ_OPAKOWANIA;195;324;0100000000271;25;[dioda 25] KABINET ABSEN PL2.5 0/6szt Waga: 22.80kg [25];[dioda 25] KABINET ABSEN PL2.5 [25];TAK;usunieto_stan_szt_i_wage | zachowano_numer_egzemplarza;OK;
MODEL_OPAKOWANIA;325;325;;;[dioda 26] KABINET ABSEN PL2.5;[dioda 26] KABINET ABSEN PL2.5;NIE;;OK;
EGZEMPLARZ_OPAKOWANIA;165;325;0100000000279;26;[dioda 26] KABINET ABSEN PL2.5 0/6szt Waga: 22.80kg [26];[dioda 26] KABINET ABSEN PL2.5 [26];TAK;usunieto_stan_szt_i_wage | zachowano_numer_egzemplarza;OK;
MODEL_OPAKOWANIA;326;326;;;[dioda 27] KABINET ABSEN PL2.5;[dioda 27] KABINET ABSEN PL2.5;NIE;;OK;
EGZEMPLARZ_OPAKOWANIA;40;326;0100000000276;27;[dioda 27] KABINET ABSEN PL2.5 0/6szt Waga: 22.80kg [27];[dioda 27] KABINET ABSEN PL2.5 [27];TAK;usunieto_stan_szt_i_wage | zachowano_numer_egzemplarza;OK;
MODEL_OPAKOWANIA;327;327;;;[dioda 28] KABINET ABSEN PL2.5;[dioda 28] KABINET ABSEN PL2.5;NIE;;OK;
EGZEMPLARZ_OPAKOWANIA;457;327;0100000000275;28;[dioda 28] KABINET ABSEN PL2.5 0/6szt Waga: 22.80kg [28];[dioda 28] KABINET ABSEN PL2.5 [28];TAK;usunieto_stan_szt_i_wage | zachowano_numer_egzemplarza;OK;
MODEL_OPAKOWANIA;328;328;;;[dioda 29] KABINET ABSEN PL2.5;[dioda 29] KABINET ABSEN PL2.5;NIE;;OK;
EGZEMPLARZ_OPAKOWANIA;377;328;0100000000273;29;[dioda 29] KABINET ABSEN PL2.5 0/6szt Waga: 22.80kg [29];[dioda 29] KABINET ABSEN PL2.5 [29];TAK;usunieto_stan_szt_i_wage | zachowano_numer_egzemplarza;OK;
MODEL_OPAKOWANIA;329;329;;;[dioda 2] KABINET ABSEN PL2.5;[dioda 2] KABINET ABSEN PL2.5;NIE;;OK;
EGZEMPLARZ_OPAKOWANIA;185;329;0100000000264;2;[dioda 2] KABINET ABSEN PL2.5 0/6szt Waga: 22.80kg [2];[dioda 2] KABINET ABSEN PL2.5 [2];TAK;usunieto_stan_szt_i_wage | zachowano_numer_egzemplarza;OK;
MODEL_OPAKOWANIA;330;330;;;[dioda 30] KABINET ABSEN PL2.5;[dioda 30] KABINET ABSEN PL2.5;NIE;;OK;
EGZEMPLARZ_OPAKOWANIA;397;330;0100000000299;30;[dioda 30] KABINET ABSEN PL2.5 0/6szt Waga: 22.80kg [30];[dioda 30] KABINET ABSEN PL2.5 [30];TAK;usunieto_stan_szt_i_wage | zachowano_numer_egzemplarza;OK;
MODEL_OPAKOWANIA;331;331;;;[dioda 31] KABINET ABSEN PL2.5;[dioda 31] KABINET ABSEN PL2.5;NIE;;OK;
EGZEMPLARZ_OPAKOWANIA;97;331;0100000000282;31;[dioda 31] KABINET ABSEN PL2.5 0/6szt Waga: 22.80kg [31];[dioda 31] KABINET ABSEN PL2.5 [31];TAK;usunieto_stan_szt_i_wage | zachowano_numer_egzemplarza;OK;
MODEL_OPAKOWANIA;332;332;;;[dioda 32] KABINET ABSEN PL2.5;[dioda 32] KABINET ABSEN PL2.5;NIE;;OK;
EGZEMPLARZ_OPAKOWANIA;2;332;0100000000280;32;[dioda 32] KABINET ABSEN PL2.5 0/6szt Waga: 22.80kg [32];[dioda 32] KABINET ABSEN PL2.5 [32];TAK;usunieto_stan_szt_i_wage | zachowano_numer_egzemplarza;OK;
MODEL_OPAKOWANIA;333;333;;;[dioda 33] KABINET ABSEN PL2.5;[dioda 33] KABINET ABSEN PL2.5;NIE;;OK;
EGZEMPLARZ_OPAKOWANIA;460;333;0100000000283;33;[dioda 33] KABINET ABSEN PL2.5 0/6szt Waga: 22.80kg [33];[dioda 33] KABINET ABSEN PL2.5 [33];TAK;usunieto_stan_szt_i_wage | zachowano_numer_egzemplarza;OK;
MODEL_OPAKOWANIA;334;334;;;[dioda 34] KABINET ABSEN PL2.5;[dioda 34] KABINET ABSEN PL2.5;NIE;;OK;
EGZEMPLARZ_OPAKOWANIA;163;334;0100000000308;34;[dioda 34] KABINET ABSEN PL2.5 0/6szt Waga: 22.80kg [34];[dioda 34] KABINET ABSEN PL2.5 [34];TAK;usunieto_stan_szt_i_wage | zachowano_numer_egzemplarza;OK;
MODEL_OPAKOWANIA;335;335;;;[dioda 35] KABINET ABSEN PL2.5;[dioda 35] KABINET ABSEN PL2.5;NIE;;OK;
EGZEMPLARZ_OPAKOWANIA;223;335;0100000000303;35;[dioda 35] KABINET ABSEN PL2.5 0/6szt Waga: 22.80kg [35];[dioda 35] KABINET ABSEN PL2.5 [35];TAK;usunieto_stan_szt_i_wage | zachowano_numer_egzemplarza;OK;
MODEL_OPAKOWANIA;336;336;;;[dioda 36] KABINET ABSEN PL2.5;[dioda 36] KABINET ABSEN PL2.5;NIE;;OK;
EGZEMPLARZ_OPAKOWANIA;375;336;0100000000284;36;[dioda 36] KABINET ABSEN PL2.5 0/6szt Waga: 22.80kg [36];[dioda 36] KABINET ABSEN PL2.5 [36];TAK;usunieto_stan_szt_i_wage | zachowano_numer_egzemplarza;OK;
MODEL_OPAKOWANIA;337;337;;;[dioda 37] KABINET ABSEN PL2.5;[dioda 37] KABINET ABSEN PL2.5;NIE;;OK;
EGZEMPLARZ_OPAKOWANIA;30;337;0100000000286;37;[dioda 37] KABINET ABSEN PL2.5 0/6szt Waga: 22.80kg [37];[dioda 37] KABINET ABSEN PL2.5 [37];TAK;usunieto_stan_szt_i_wage | zachowano_numer_egzemplarza;OK;
MODEL_OPAKOWANIA;338;338;;;[dioda 38] KABINET ABSEN PL2.5;[dioda 38] KABINET ABSEN PL2.5;NIE;;OK;
EGZEMPLARZ_OPAKOWANIA;364;338;0100000000289;38;[dioda 38] KABINET ABSEN PL2.5 0/6szt Waga: 22.80kg [38];[dioda 38] KABINET ABSEN PL2.5 [38];TAK;usunieto_stan_szt_i_wage | zachowano_numer_egzemplarza;OK;
MODEL_OPAKOWANIA;339;339;;;[dioda 39] KABINET ABSEN PL2.5;[dioda 39] KABINET ABSEN PL2.5;NIE;;OK;
EGZEMPLARZ_OPAKOWANIA;43;339;0100000000293;39;[dioda 39] KABINET ABSEN PL2.5 0/6szt Waga: 22.80kg [39];[dioda 39] KABINET ABSEN PL2.5 [39];TAK;usunieto_stan_szt_i_wage | zachowano_numer_egzemplarza;OK;
MODEL_OPAKOWANIA;340;340;;;[dioda 3] KABINET ABSEN PL2.5;[dioda 3] KABINET ABSEN PL2.5;NIE;;OK;
EGZEMPLARZ_OPAKOWANIA;32;340;0100000000319;3;[dioda 3] KABINET ABSEN PL2.5 0/6szt Waga: 22.80kg [3];[dioda 3] KABINET ABSEN PL2.5 [3];TAK;usunieto_stan_szt_i_wage | zachowano_numer_egzemplarza;OK;
MODEL_OPAKOWANIA;341;341;;;[dioda 40] KABINET ABSEN PL2.5;[dioda 40] KABINET ABSEN PL2.5;NIE;;OK;
EGZEMPLARZ_OPAKOWANIA;322;341;0100000000285;40;[dioda 40] KABINET ABSEN PL2.5 0/6szt Waga: 22.80kg [40];[dioda 40] KABINET ABSEN PL2.5 [40];TAK;usunieto_stan_szt_i_wage | zachowano_numer_egzemplarza;OK;
MODEL_OPAKOWANIA;342;342;;;[dioda 41] KABINET ABSEN PL2.5;[dioda 41] KABINET ABSEN PL2.5;NIE;;OK;
EGZEMPLARZ_OPAKOWANIA;128;342;0100000000295;41;[dioda 41] KABINET ABSEN PL2.5 0/6szt Waga: 22.80kg [41];[dioda 41] KABINET ABSEN PL2.5 [41];TAK;usunieto_stan_szt_i_wage | zachowano_numer_egzemplarza;OK;
MODEL_OPAKOWANIA;343;343;;;[dioda 42] KABINET ABSEN PL2.5;[dioda 42] KABINET ABSEN PL2.5;NIE;;OK;
EGZEMPLARZ_OPAKOWANIA;127;343;0100000000287;42;[dioda 42] KABINET ABSEN PL2.5 0/6szt Waga: 22.80kg [42];[dioda 42] KABINET ABSEN PL2.5 [42];TAK;usunieto_stan_szt_i_wage | zachowano_numer_egzemplarza;OK;
MODEL_OPAKOWANIA;344;344;;;[dioda 43] KABINET ABSEN PL2.5;[dioda 43] KABINET ABSEN PL2.5;NIE;;OK;
EGZEMPLARZ_OPAKOWANIA;401;344;0100000000288;43;[dioda 43] KABINET ABSEN PL2.5 0/6szt Waga: 22.80kg [43];[dioda 43] KABINET ABSEN PL2.5 [43];TAK;usunieto_stan_szt_i_wage | zachowano_numer_egzemplarza;OK;
MODEL_OPAKOWANIA;345;345;;;[dioda 44] KABINET ABSEN PL2.5;[dioda 44] KABINET ABSEN PL2.5;NIE;;OK;
EGZEMPLARZ_OPAKOWANIA;1;345;0100000000291;44;[dioda 44] KABINET ABSEN PL2.5 0/6szt Waga: 22.80kg [44];[dioda 44] KABINET ABSEN PL2.5 [44];TAK;usunieto_stan_szt_i_wage | zachowano_numer_egzemplarza;OK;
MODEL_OPAKOWANIA;346;346;;;[dioda 45] KABINET ABSEN PL2.5;[dioda 45] KABINET ABSEN PL2.5;NIE;;OK;
EGZEMPLARZ_OPAKOWANIA;407;346;0100000000294;45;[dioda 45] KABINET ABSEN PL2.5 0/6szt Waga: 22.80kg [45];[dioda 45] KABINET ABSEN PL2.5 [45];TAK;usunieto_stan_szt_i_wage | zachowano_numer_egzemplarza;OK;
MODEL_OPAKOWANIA;347;347;;;[dioda 46] KABINET ABSEN PL2.5;[dioda 46] KABINET ABSEN PL2.5;NIE;;OK;
EGZEMPLARZ_OPAKOWANIA;44;347;0100000000314;46;[dioda 46] KABINET ABSEN PL2.5 0/6szt Waga: 22.80kg [46];[dioda 46] KABINET ABSEN PL2.5 [46];TAK;usunieto_stan_szt_i_wage | zachowano_numer_egzemplarza;OK;
MODEL_OPAKOWANIA;348;348;;;[dioda 47] KABINET ABSEN PL2.5;[dioda 47] KABINET ABSEN PL2.5;NIE;;OK;
EGZEMPLARZ_OPAKOWANIA;204;348;0100000000298;47;[dioda 47] KABINET ABSEN PL2.5 0/6szt Waga: 22.80kg [47];[dioda 47] KABINET ABSEN PL2.5 [47];TAK;usunieto_stan_szt_i_wage | zachowano_numer_egzemplarza;OK;
MODEL_OPAKOWANIA;349;349;;;[dioda 48] KABINET ABSEN PL2.5;[dioda 48] KABINET ABSEN PL2.5;NIE;;OK;
EGZEMPLARZ_OPAKOWANIA;7;349;0100000000324;48;[dioda 48] KABINET ABSEN PL2.5 0/6szt Waga: 22.80kg [48];[dioda 48] KABINET ABSEN PL2.5 [48];TAK;usunieto_stan_szt_i_wage | zachowano_numer_egzemplarza;OK;
MODEL_OPAKOWANIA;350;350;;;[dioda 49] KABINET ABSEN PL2.5;[dioda 49] KABINET ABSEN PL2.5;NIE;;OK;
EGZEMPLARZ_OPAKOWANIA;62;350;0100000000292;49;[dioda 49] KABINET ABSEN PL2.5 0/6szt Waga: 22.80kg [49];[dioda 49] KABINET ABSEN PL2.5 [49];TAK;usunieto_stan_szt_i_wage | zachowano_numer_egzemplarza;OK;
MODEL_OPAKOWANIA;351;351;;;[dioda 4] KABINET ABSEN PL2.5;[dioda 4] KABINET ABSEN PL2.5;NIE;;OK;
EGZEMPLARZ_OPAKOWANIA;474;351;0100000000326;4;[dioda 4] KABINET ABSEN PL2.5 0/6szt Waga: 22.80kg [4];[dioda 4] KABINET ABSEN PL2.5 [4];TAK;usunieto_stan_szt_i_wage | zachowano_numer_egzemplarza;OK;
MODEL_OPAKOWANIA;352;352;;;[dioda 50] KABINET ABSEN PL2.5;[dioda 50] KABINET ABSEN PL2.5;NIE;;OK;
EGZEMPLARZ_OPAKOWANIA;69;352;0100000000315;50;[dioda 50] KABINET ABSEN PL2.5 0/6szt Waga: 22.80kg [50];[dioda 50] KABINET ABSEN PL2.5 [50];TAK;usunieto_stan_szt_i_wage | zachowano_numer_egzemplarza;OK;
MODEL_OPAKOWANIA;353;353;;;[dioda 51] KABINET ABSEN PL2.5;[dioda 51] KABINET ABSEN PL2.5;NIE;;OK;
EGZEMPLARZ_OPAKOWANIA;422;353;0100000000316;51;[dioda 51] KABINET ABSEN PL2.5 0/6szt Waga: 22.80kg [51];[dioda 51] KABINET ABSEN PL2.5 [51];TAK;usunieto_stan_szt_i_wage | zachowano_numer_egzemplarza;OK;
MODEL_OPAKOWANIA;354;354;;;[dioda 52] KABINET ABSEN PL2.5;[dioda 52] KABINET ABSEN PL2.5;NIE;;OK;
EGZEMPLARZ_OPAKOWANIA;81;354;0100000000312;52;[dioda 52] KABINET ABSEN PL2.5 0/6szt Waga: 22.80kg [52];[dioda 52] KABINET ABSEN PL2.5 [52];TAK;usunieto_stan_szt_i_wage | zachowano_numer_egzemplarza;OK;
MODEL_OPAKOWANIA;355;355;;;[dioda 53] KABINET ABSEN PL2.5;[dioda 53] KABINET ABSEN PL2.5;NIE;;OK;
EGZEMPLARZ_OPAKOWANIA;35;355;0100000000296;53;[dioda 53] KABINET ABSEN PL2.5 0/6szt Waga: 22.80kg [53];[dioda 53] KABINET ABSEN PL2.5 [53];TAK;usunieto_stan_szt_i_wage | zachowano_numer_egzemplarza;OK;
MODEL_OPAKOWANIA;356;356;;;[dioda 54] KABINET ABSEN PL2.5;[dioda 54] KABINET ABSEN PL2.5;NIE;;OK;
EGZEMPLARZ_OPAKOWANIA;171;356;0100000000318;54;[dioda 54] KABINET ABSEN PL2.5 0/6szt Waga: 22.80kg [54];[dioda 54] KABINET ABSEN PL2.5 [54];TAK;usunieto_stan_szt_i_wage | zachowano_numer_egzemplarza;OK;
MODEL_OPAKOWANIA;357;357;;;[dioda 55] KABINET ABSEN PL2.5;[dioda 55] KABINET ABSEN PL2.5;NIE;;OK;
EGZEMPLARZ_OPAKOWANIA;106;357;0100000000297;55;[dioda 55] KABINET ABSEN PL2.5 0/6szt Waga: 22.80kg [55];[dioda 55] KABINET ABSEN PL2.5 [55];TAK;usunieto_stan_szt_i_wage | zachowano_numer_egzemplarza;OK;
MODEL_OPAKOWANIA;358;358;;;[dioda 56] KABINET ABSEN PL2.5;[dioda 56] KABINET ABSEN PL2.5;NIE;;OK;
EGZEMPLARZ_OPAKOWANIA;458;358;0100000000320;56;[dioda 56] KABINET ABSEN PL2.5 0/6szt Waga: 22.80kg [56];[dioda 56] KABINET ABSEN PL2.5 [56];TAK;usunieto_stan_szt_i_wage | zachowano_numer_egzemplarza;OK;
MODEL_OPAKOWANIA;359;359;;;[dioda 57] KABINET ABSEN PL2.5;[dioda 57] KABINET ABSEN PL2.5;NIE;;OK;
EGZEMPLARZ_OPAKOWANIA;470;359;0100000000321;57;[dioda 57] KABINET ABSEN PL2.5 0/6szt Waga: 22.80kg [57];[dioda 57] KABINET ABSEN PL2.5 [57];TAK;usunieto_stan_szt_i_wage | zachowano_numer_egzemplarza;OK;
MODEL_OPAKOWANIA;360;360;;;[dioda 58] KABINET ABSEN PL2.5;[dioda 58] KABINET ABSEN PL2.5;NIE;;OK;
EGZEMPLARZ_OPAKOWANIA;17;360;0100000000322;58;[dioda 58] KABINET ABSEN PL2.5 0/6szt Waga: 22.80kg [58];[dioda 58] KABINET ABSEN PL2.5 [58];TAK;usunieto_stan_szt_i_wage | zachowano_numer_egzemplarza;OK;
MODEL_OPAKOWANIA;361;361;;;[dioda 59] KABINET ABSEN PL2.5;[dioda 59] KABINET ABSEN PL2.5;NIE;;OK;
EGZEMPLARZ_OPAKOWANIA;186;361;0100000000327;59;[dioda 59] KABINET ABSEN PL2.5 0/6szt Waga: 22.80kg [59];[dioda 59] KABINET ABSEN PL2.5 [59];TAK;usunieto_stan_szt_i_wage | zachowano_numer_egzemplarza;OK;
MODEL_OPAKOWANIA;362;362;;;[dioda 5] KABINET ABSEN PL2.5;[dioda 5] KABINET ABSEN PL2.5;NIE;;OK;
EGZEMPLARZ_OPAKOWANIA;214;362;0100000000281;5;[dioda 5] KABINET ABSEN PL2.5 0/6szt Waga: 22.80kg [5];[dioda 5] KABINET ABSEN PL2.5 [5];TAK;usunieto_stan_szt_i_wage | zachowano_numer_egzemplarza;OK;
MODEL_OPAKOWANIA;363;363;;;[dioda 60] KABINET ABSEN PL2.5;[dioda 60] KABINET ABSEN PL2.5;NIE;;OK;
EGZEMPLARZ_OPAKOWANIA;29;363;0100000000313;60;[dioda 60] KABINET ABSEN PL2.5 0/6szt Waga: 22.80kg [60];[dioda 60] KABINET ABSEN PL2.5 [60];TAK;usunieto_stan_szt_i_wage | zachowano_numer_egzemplarza;OK;
MODEL_OPAKOWANIA;364;364;;;[dioda 61] KABINET ABSEN PL2.5;[dioda 61] KABINET ABSEN PL2.5;NIE;;OK;
EGZEMPLARZ_OPAKOWANIA;79;364;0100000000311;61;[dioda 61] KABINET ABSEN PL2.5 0/6szt Waga: 22.80kg [61];[dioda 61] KABINET ABSEN PL2.5 [61];TAK;usunieto_stan_szt_i_wage | zachowano_numer_egzemplarza;OK;
MODEL_OPAKOWANIA;365;365;;;[dioda 62] KABINET ABSEN PL2.5;[dioda 62] KABINET ABSEN PL2.5;NIE;;OK;
EGZEMPLARZ_OPAKOWANIA;431;365;0100000000328;62;[dioda 62] KABINET ABSEN PL2.5 0/6szt Waga: 22.80kg [62];[dioda 62] KABINET ABSEN PL2.5 [62];TAK;usunieto_stan_szt_i_wage | zachowano_numer_egzemplarza;OK;
MODEL_OPAKOWANIA;366;366;;;[dioda 63] KABINET ABSEN PL2.5;[dioda 63] KABINET ABSEN PL2.5;NIE;;OK;
EGZEMPLARZ_OPAKOWANIA;319;366;0100000000300;63;[dioda 63] KABINET ABSEN PL2.5 0/6szt Waga: 22.80kg [63];[dioda 63] KABINET ABSEN PL2.5 [63];TAK;usunieto_stan_szt_i_wage | zachowano_numer_egzemplarza;OK;
MODEL_OPAKOWANIA;367;367;;;[dioda 64] KABINET ABSEN PL2.5;[dioda 64] KABINET ABSEN PL2.5;NIE;;OK;
EGZEMPLARZ_OPAKOWANIA;173;367;0100000000302;64;[dioda 64] KABINET ABSEN PL2.5 0/6szt Waga: 22.80kg [64];[dioda 64] KABINET ABSEN PL2.5 [64];TAK;usunieto_stan_szt_i_wage | zachowano_numer_egzemplarza;OK;
MODEL_OPAKOWANIA;368;368;;;[dioda 65] KABINET ABSEN PL2.5;[dioda 65] KABINET ABSEN PL2.5;NIE;;OK;
EGZEMPLARZ_OPAKOWANIA;55;368;0100000000307;65;[dioda 65] KABINET ABSEN PL2.5 0/6szt Waga: 22.80kg [65];[dioda 65] KABINET ABSEN PL2.5 [65];TAK;usunieto_stan_szt_i_wage | zachowano_numer_egzemplarza;OK;
MODEL_OPAKOWANIA;369;369;;;[dioda 67] KABINET ABSEN PL2.5;[dioda 67] KABINET ABSEN PL2.5;NIE;;OK;
EGZEMPLARZ_OPAKOWANIA;51;369;0100000000301;67;[dioda 67] KABINET ABSEN PL2.5 0/6szt Waga: 22.80kg [67];[dioda 67] KABINET ABSEN PL2.5 [67];TAK;usunieto_stan_szt_i_wage | zachowano_numer_egzemplarza;OK;
MODEL_OPAKOWANIA;370;370;;;[dioda 6] KABINET ABSEN PL2.5;[dioda 6] KABINET ABSEN PL2.5;NIE;;OK;
EGZEMPLARZ_OPAKOWANIA;216;370;0100000000265;6;[dioda 6] KABINET ABSEN PL2.5 0/6szt Waga: 22.80kg [6];[dioda 6] KABINET ABSEN PL2.5 [6];TAK;usunieto_stan_szt_i_wage | zachowano_numer_egzemplarza;OK;
MODEL_OPAKOWANIA;371;371;;;[dioda 71] KABINET ABSEN PL2.5;[dioda 71] KABINET ABSEN PL2.5;NIE;;OK;
EGZEMPLARZ_OPAKOWANIA;166;371;0100000000317;71;[dioda 71] KABINET ABSEN PL2.5 0/6szt Waga: 22.80kg [71];[dioda 71] KABINET ABSEN PL2.5 [71];TAK;usunieto_stan_szt_i_wage | zachowano_numer_egzemplarza;OK;
MODEL_OPAKOWANIA;372;372;;;[dioda 74] KABINET ABSEN PL2.5;[dioda 74] KABINET ABSEN PL2.5;NIE;;OK;
EGZEMPLARZ_OPAKOWANIA;346;372;0100000000305;74;[dioda 74] KABINET ABSEN PL2.5 0/6szt Waga: 22.80kg [74];[dioda 74] KABINET ABSEN PL2.5 [74];TAK;usunieto_stan_szt_i_wage | zachowano_numer_egzemplarza;OK;
MODEL_OPAKOWANIA;373;373;;;[dioda 76] KABINET ABSEN PL2.5;[dioda 76] KABINET ABSEN PL2.5;NIE;;OK;
EGZEMPLARZ_OPAKOWANIA;99;373;0100000000306;76;[dioda 76] KABINET ABSEN PL2.5 0/6szt Waga: 22.80kg [76];[dioda 76] KABINET ABSEN PL2.5 [76];TAK;usunieto_stan_szt_i_wage | zachowano_numer_egzemplarza;OK;
MODEL_OPAKOWANIA;374;374;;;[dioda 77] KABINET ABSEN PL2.5;[dioda 77] KABINET ABSEN PL2.5;NIE;;OK;
EGZEMPLARZ_OPAKOWANIA;363;374;0100000000304;77;[dioda 77] KABINET ABSEN PL2.5 0/6szt Waga: 22.80kg [77];[dioda 77] KABINET ABSEN PL2.5 [77];TAK;usunieto_stan_szt_i_wage | zachowano_numer_egzemplarza;OK;
MODEL_OPAKOWANIA;375;375;;;[dioda 7] KABINET ABSEN PL2.5;[dioda 7] KABINET ABSEN PL2.5;NIE;;OK;
EGZEMPLARZ_OPAKOWANIA;369;375;0100000000260;7;[dioda 7] KABINET ABSEN PL2.5 0/6szt Waga: 22.80kg [7];[dioda 7] KABINET ABSEN PL2.5 [7];TAK;usunieto_stan_szt_i_wage | zachowano_numer_egzemplarza;OK;
MODEL_OPAKOWANIA;376;376;;;[dioda 81] KABINET ABSEN PL2.5;[dioda 81] KABINET ABSEN PL2.5;NIE;;OK;
EGZEMPLARZ_OPAKOWANIA;61;376;0100000000310;81;[dioda 81] KABINET ABSEN PL2.5 0/6szt Waga: 22.80kg [81];[dioda 81] KABINET ABSEN PL2.5 [81];TAK;usunieto_stan_szt_i_wage | zachowano_numer_egzemplarza;OK;
MODEL_OPAKOWANIA;377;377;;;[dioda 82] KABINET ABSEN PL2.5;[dioda 82] KABINET ABSEN PL2.5;NIE;;OK;
EGZEMPLARZ_OPAKOWANIA;477;377;0100000000309;82;[dioda 82] KABINET ABSEN PL2.5 0/6szt Waga: 22.80kg [82];[dioda 82] KABINET ABSEN PL2.5 [82];TAK;usunieto_stan_szt_i_wage | zachowano_numer_egzemplarza;OK;
MODEL_OPAKOWANIA;378;378;;;[dioda 8] KABINET ABSEN PL2.5;[dioda 8] KABINET ABSEN PL2.5;NIE;;OK;
EGZEMPLARZ_OPAKOWANIA;88;378;0100000000262;8;[dioda 8] KABINET ABSEN PL2.5 0/6szt Waga: 22.80kg [8];[dioda 8] KABINET ABSEN PL2.5 [8];TAK;usunieto_stan_szt_i_wage | zachowano_numer_egzemplarza;OK;
MODEL_OPAKOWANIA;379;379;;;[dioda 9] KABINET ABSEN PL2.5;[dioda 9] KABINET ABSEN PL2.5;NIE;;OK;
EGZEMPLARZ_OPAKOWANIA;439;379;0100000000261;9;[dioda 9] KABINET ABSEN PL2.5 0/6szt Waga: 22.80kg [9];[dioda 9] KABINET ABSEN PL2.5 [9];TAK;usunieto_stan_szt_i_wage | zachowano_numer_egzemplarza;OK;
MODEL_OPAKOWANIA;380;380;;;[dioda ] KABINET ABSEN PL2.5;[dioda ] KABINET ABSEN PL2.5;NIE;;OK;
EGZEMPLARZ_OPAKOWANIA;18;380;0100000000338;15;[dioda ] KABINET ABSEN PL2.5 0/6szt Waga: 22.80kg [15];[dioda ] KABINET ABSEN PL2.5 [15];TAK;usunieto_stan_szt_i_wage | zachowano_numer_egzemplarza;OK;
EGZEMPLARZ_OPAKOWANIA;19;380;0100000000339;66;[dioda ] KABINET ABSEN PL2.5 0/6szt Waga: 22.80kg [66];[dioda ] KABINET ABSEN PL2.5 [66];TAK;usunieto_stan_szt_i_wage | zachowano_numer_egzemplarza;OK;
EGZEMPLARZ_OPAKOWANIA;20;380;0100000000340;68;[dioda ] KABINET ABSEN PL2.5 0/6szt Waga: 22.80kg [68];[dioda ] KABINET ABSEN PL2.5 [68];TAK;usunieto_stan_szt_i_wage | zachowano_numer_egzemplarza;OK;
EGZEMPLARZ_OPAKOWANIA;21;380;0100000000341;69;[dioda ] KABINET ABSEN PL2.5 0/6szt Waga: 22.80kg [69];[dioda ] KABINET ABSEN PL2.5 [69];TAK;usunieto_stan_szt_i_wage | zachowano_numer_egzemplarza;OK;
EGZEMPLARZ_OPAKOWANIA;22;380;0100000000342;70;[dioda ] KABINET ABSEN PL2.5 0/6szt Waga: 22.80kg [70];[dioda ] KABINET ABSEN PL2.5 [70];TAK;usunieto_stan_szt_i_wage | zachowano_numer_egzemplarza;OK;
EGZEMPLARZ_OPAKOWANIA;23;380;0100000000343;72;[dioda ] KABINET ABSEN PL2.5 0/6szt Waga: 22.80kg [72];[dioda ] KABINET ABSEN PL2.5 [72];TAK;usunieto_stan_szt_i_wage | zachowano_numer_egzemplarza;OK;
EGZEMPLARZ_OPAKOWANIA;24;380;0100000000344;73;[dioda ] KABINET ABSEN PL2.5 0/6szt Waga: 22.80kg [73];[dioda ] KABINET ABSEN PL2.5 [73];TAK;usunieto_stan_szt_i_wage | zachowano_numer_egzemplarza;OK;
EGZEMPLARZ_OPAKOWANIA;25;380;0100000000345;75;[dioda ] KABINET ABSEN PL2.5 0/6szt Waga: 22.80kg [75];[dioda ] KABINET ABSEN PL2.5 [75];TAK;usunieto_stan_szt_i_wage | zachowano_numer_egzemplarza;OK;
EGZEMPLARZ_OPAKOWANIA;26;380;0100000000346;78;[dioda ] KABINET ABSEN PL2.5 0/6szt Waga: 22.80kg [78];[dioda ] KABINET ABSEN PL2.5 [78];TAK;usunieto_stan_szt_i_wage | zachowano_numer_egzemplarza;OK;
EGZEMPLARZ_OPAKOWANIA;27;380;0100000000347;79;[dioda ] KABINET ABSEN PL2.5 0/6szt Waga: 22.80kg [79];[dioda ] KABINET ABSEN PL2.5 [79];TAK;usunieto_stan_szt_i_wage | zachowano_numer_egzemplarza;OK;
MODEL_OPAKOWANIA;381;381;;;2 x Statyw korbowy AdamHall 4m (zestaw 1);2 x Statyw korbowy AdamHall 4m (zestaw 1);NIE;;OK;
MODEL_OPAKOWANIA;382;382;;;2 x Statyw korbowy AdamHall 4m (zestaw 2);2 x Statyw korbowy AdamHall 4m (zestaw 2);NIE;;OK;
MODEL_OPAKOWANIA;383;383;;;2 x Statyw korbowy AdamHall 4m (zestaw 3);2 x Statyw korbowy AdamHall 4m (zestaw 3);NIE;;OK;
MODEL_SPRZETU;384;384;0200000000129;;2x Media konwerter światłowodowy;2x Media konwerter światłowodowy;NIE;;OK;
EGZEMPLARZ_SPRZETU;616;384;0000000000652;1;2x Media konwerter światłowodowy OMG2-MM 1 Gb/s;2x Media konwerter światłowodowy OMG2-MM 1 Gb/s;NIE;;OK;
EGZEMPLARZ_SPRZETU;617;384;0000000000653;2;2x Media konwerter światłowodowy OMG2-MM 1 Gb/s;2x Media konwerter światłowodowy OMG2-MM 1 Gb/s;NIE;;OK;
EGZEMPLARZ_SPRZETU;618;384;0000000000654;3;2x Media konwerter światłowodowy OMG2-MM 1 Gb/s;2x Media konwerter światłowodowy OMG2-MM 1 Gb/s;NIE;;OK;
EGZEMPLARZ_SPRZETU;619;384;0000000000655;4;2x Media konwerter światłowodowy OMG2-MM 1 Gb/s;2x Media konwerter światłowodowy OMG2-MM 1 Gb/s;NIE;;OK;
EGZEMPLARZ_SPRZETU;620;384;0000000000656;5;2x Media konwerter światłowodowy OMG2-MM 1 Gb/s;2x Media konwerter światłowodowy OMG2-MM 1 Gb/s;NIE;;OK;
MODEL_SPRZETU;385;385;0200000000262;;2x Media konwerter światłowodowy M-023 10/100 Mb/s;2x Media konwerter światłowodowy M-023 10/100 Mb/s;NIE;;OK;
EGZEMPLARZ_SPRZETU;1268;385;0000000001250;1;2x Media konwerter światłowodowy M-023 10/100 Mb/s;2x Media konwerter światłowodowy M-023 10/100 Mb/s;NIE;;OK;
EGZEMPLARZ_SPRZETU;1269;385;0000000001251;2;2x Media konwerter światłowodowy M-023 10/100 Mb/s;2x Media konwerter światłowodowy M-023 10/100 Mb/s;NIE;;OK;
EGZEMPLARZ_SPRZETU;1270;385;0000000001252;3;2x Media konwerter światłowodowy M-023 10/100 Mb/s;2x Media konwerter światłowodowy M-023 10/100 Mb/s;NIE;;OK;
MODEL_SPRZETU;386;386;0200000000606;;AYRTON Stradale Profile;AYRTON Stradale Profile;NIE;;OK;
EGZEMPLARZ_SPRZETU;2719;386;0000000003611;1;AYRTON Stradale Profile;AYRTON Stradale Profile;NIE;;OK;
EGZEMPLARZ_SPRZETU;2720;386;0000000003612;2;AYRTON Stradale Profile;AYRTON Stradale Profile;NIE;;OK;
EGZEMPLARZ_SPRZETU;2721;386;0000000003613;3;AYRTON Stradale Profile;AYRTON Stradale Profile;NIE;;OK;
EGZEMPLARZ_SPRZETU;2722;386;0000000003614;4;AYRTON Stradale Profile;AYRTON Stradale Profile;NIE;;OK;
EGZEMPLARZ_SPRZETU;2723;386;0000000003615;5;AYRTON Stradale Profile;AYRTON Stradale Profile;NIE;;OK;
EGZEMPLARZ_SPRZETU;2724;386;0000000003616;6;AYRTON Stradale Profile;AYRTON Stradale Profile;NIE;;OK;
EGZEMPLARZ_SPRZETU;2725;386;0000000003617;7;AYRTON Stradale Profile;AYRTON Stradale Profile;NIE;;OK;
EGZEMPLARZ_SPRZETU;2726;386;0000000003618;8;AYRTON Stradale Profile;AYRTON Stradale Profile;NIE;;OK;
MODEL_SPRZETU;387;387;0000000001151;;Absen Beam/ curve bar 0,25 m;Absen Beam/ curve bar 0,25 m;NIE;;OK;
MODEL_SPRZETU;388;388;0000000001150;;Absen Beam/ curve bar 0,5 m;Absen Beam/ curve bar 0,5 m;NIE;;OK;
MODEL_SPRZETU;389;389;0000000001152;;Absen Beam/ curve bar 1 m;Absen Beam/ curve bar 1 m;NIE;;OK;
MODEL_SPRZETU;390;390;0000000001153;;Absen Beam/ curve bar 90st.;Absen Beam/ curve bar 90st.;NIE;;OK;
MODEL_SPRZETU;391;391;0000000003653;;Absen NT3.9W V2 0,5 x 0,5m corner;Absen NT3.9W V2 0,5 x 0,5m corner;NIE;;OK;
MODEL_SPRZETU;392;392;0200000000196;;Absen Narzędzie do konserwacji przedniego wyświetlacza LED;Absen Narzędzie do konserwacji przedniego wyświetlacza LED;NIE;;OK;
EGZEMPLARZ_SPRZETU;1016;392;0000000001042;1;Absen Narzędzie do konserwacji przedniego wyświetlacza LED;Absen Narzędzie do konserwacji przedniego wyświetlacza LED;NIE;;OK;
MODEL_SPRZETU;393;393;0200000000429;;Acces Point Mikrotik Groove A-52ac;Acces Point Mikrotik Groove A-52ac;NIE;;OK;
EGZEMPLARZ_SPRZETU;1716;393;0000000001801;1;Acces Point Mikrotik Groove A-52ac;Acces Point Mikrotik Groove A-52ac;NIE;;OK;
EGZEMPLARZ_SPRZETU;1717;393;0000000001803;2;Acces Point Mikrotik Groove A-52ac;Acces Point Mikrotik Groove A-52ac;NIE;;OK;
MODEL_SPRZETU;394;394;0200000000427;;Acces Point Mikrotik Groove GA-52HPacn;Acces Point Mikrotik Groove GA-52HPacn;NIE;;OK;
EGZEMPLARZ_SPRZETU;1714;394;0000000001799;1;Acces Point Mikrotik Groove GA-52HPacn;Acces Point Mikrotik Groove GA-52HPacn;NIE;;OK;
MODEL_SPRZETU;395;395;0200000000355;;Acces Point WiFi TP Link TL-WR902AC V3;Acces Point WiFi TP Link TL-WR902AC V3;NIE;;OK;
EGZEMPLARZ_SPRZETU;1406;395;0000000001506;1;Acces Point WiFi TP Link TL-WR902AC V3;Acces Point WiFi TP Link TL-WR902AC V3;NIE;;OK;
EGZEMPLARZ_SPRZETU;1407;395;0000000001509;2;Acces Point WiFi TP Link TL-WR902AC V3;Acces Point WiFi TP Link TL-WR902AC V3;NIE;;OK;
EGZEMPLARZ_SPRZETU;1408;395;0000000001590;3;Acces Point WiFi TP Link TL-WR902AC V3;Acces Point WiFi TP Link TL-WR902AC V3;NIE;;OK;
MODEL_SPRZETU;396;396;0000000001307;;AdamHall najazd Defender Mini 3 kanały;AdamHall najazd Defender Mini 3 kanały;NIE;;OK;
MODEL_SPRZETU;397;397;0000000001308;;AdamHall najazd Defender OFFICE;AdamHall najazd Defender OFFICE;NIE;;OK;
MODEL_SPRZETU;398;398;0000000001795;;Adapter do kraty Adam Hall TRA36;Adapter do kraty Adam Hall TRA36;NIE;;OK;
MODEL_SPRZETU;399;399;0000000001796;;Adapter do statywu kolumnowego Atheltic GBOX-2 35mm;Adapter do statywu kolumnowego Atheltic GBOX-2 35mm;NIE;;OK;
MODEL_SPRZETU;400;400;0000000001481;;Admiral Wysłona podestu 20 cm czarna;Admiral Wysłona podestu 20 cm czarna;NIE;;OK;
MODEL_SPRZETU;401;401;0000000001482;;Admiral Wysłona podestu 40 cm czarna;Admiral Wysłona podestu 40 cm czarna;NIE;;OK;
MODEL_SPRZETU;402;402;0000000002636;;Admiral Wysłona podestu 60 cm czarna;Admiral Wysłona podestu 60 cm czarna;NIE;;OK;
MODEL_SPRZETU;403;403;0200000000184;;Aktywna kolumna DAS Audio Action-508A;Aktywna kolumna DAS Audio Action-508A;NIE;;OK;
EGZEMPLARZ_SPRZETU;967;403;0000000000998;1;Aktywna kolumna DAS Audio Action-508A;Aktywna kolumna DAS Audio Action-508A;NIE;;OK;
EGZEMPLARZ_SPRZETU;968;403;0000000001007;10;Aktywna kolumna DAS Audio Action-508A;Aktywna kolumna DAS Audio Action-508A;NIE;;OK;
EGZEMPLARZ_SPRZETU;969;403;0000000001008;11;Aktywna kolumna DAS Audio Action-508A;Aktywna kolumna DAS Audio Action-508A;NIE;;OK;
EGZEMPLARZ_SPRZETU;970;403;0000000001009;12;Aktywna kolumna DAS Audio Action-508A;Aktywna kolumna DAS Audio Action-508A;NIE;;OK;
EGZEMPLARZ_SPRZETU;971;403;0000000001010;13;Aktywna kolumna DAS Audio Action-508A;Aktywna kolumna DAS Audio Action-508A;NIE;;OK;
EGZEMPLARZ_SPRZETU;972;403;0000000001011;14;Aktywna kolumna DAS Audio Action-508A;Aktywna kolumna DAS Audio Action-508A;NIE;;OK;
EGZEMPLARZ_SPRZETU;973;403;0000000001012;15;Aktywna kolumna DAS Audio Action-508A;Aktywna kolumna DAS Audio Action-508A;NIE;;OK;
EGZEMPLARZ_SPRZETU;974;403;0000000001013;16;Aktywna kolumna DAS Audio Action-508A;Aktywna kolumna DAS Audio Action-508A;NIE;;OK;
EGZEMPLARZ_SPRZETU;975;403;0000000001014;17;Aktywna kolumna DAS Audio Action-508A;Aktywna kolumna DAS Audio Action-508A;NIE;;OK;
EGZEMPLARZ_SPRZETU;976;403;0000000001015;18;Aktywna kolumna DAS Audio Action-508A;Aktywna kolumna DAS Audio Action-508A;NIE;;OK;
EGZEMPLARZ_SPRZETU;977;403;0000000001016;19;Aktywna kolumna DAS Audio Action-508A;Aktywna kolumna DAS Audio Action-508A;NIE;;OK;
EGZEMPLARZ_SPRZETU;978;403;0000000000999;2;Aktywna kolumna DAS Audio Action-508A;Aktywna kolumna DAS Audio Action-508A;NIE;;OK;
EGZEMPLARZ_SPRZETU;979;403;0000000001017;20;Aktywna kolumna DAS Audio Action-508A;Aktywna kolumna DAS Audio Action-508A;NIE;;OK;
EGZEMPLARZ_SPRZETU;980;403;0000000001000;3;Aktywna kolumna DAS Audio Action-508A;Aktywna kolumna DAS Audio Action-508A;NIE;;OK;
EGZEMPLARZ_SPRZETU;981;403;0000000001001;4;Aktywna kolumna DAS Audio Action-508A;Aktywna kolumna DAS Audio Action-508A;NIE;;OK;
EGZEMPLARZ_SPRZETU;982;403;0000000001002;5;Aktywna kolumna DAS Audio Action-508A;Aktywna kolumna DAS Audio Action-508A;NIE;;OK;
EGZEMPLARZ_SPRZETU;983;403;0000000001003;6;Aktywna kolumna DAS Audio Action-508A;Aktywna kolumna DAS Audio Action-508A;NIE;;OK;
EGZEMPLARZ_SPRZETU;984;403;0000000001004;7;Aktywna kolumna DAS Audio Action-508A;Aktywna kolumna DAS Audio Action-508A;NIE;;OK;
EGZEMPLARZ_SPRZETU;985;403;0000000001005;8;Aktywna kolumna DAS Audio Action-508A;Aktywna kolumna DAS Audio Action-508A;NIE;;OK;
EGZEMPLARZ_SPRZETU;986;403;0000000001006;9;Aktywna kolumna DAS Audio Action-508A;Aktywna kolumna DAS Audio Action-508A;NIE;;OK;
MODEL_SPRZETU;404;404;0200000000016;;Aktywna kolumna ElectroVoice ELX 112P;Aktywna kolumna ElectroVoice ELX 112P;NIE;;OK;
EGZEMPLARZ_SPRZETU;784;404;0000000000036;1;Aktywna kolumna ElectroVoice ELX 112P;Aktywna kolumna ElectroVoice ELX 112P;NIE;;OK;
EGZEMPLARZ_SPRZETU;785;404;0000000000037;2;Aktywna kolumna ElectroVoice ELX 112P;Aktywna kolumna ElectroVoice ELX 112P;NIE;;OK;
MODEL_SPRZETU;405;405;0200000000017;;Aktywna kolumna ElectroVoice ETX 12P;Aktywna kolumna ElectroVoice ETX 12P;NIE;;OK;
EGZEMPLARZ_SPRZETU;926;405;0000000000038;1;Aktywna kolumna ElectroVoice ETX 12P;Aktywna kolumna ElectroVoice ETX 12P;NIE;;OK;
EGZEMPLARZ_SPRZETU;927;405;0000000000039;2;Aktywna kolumna ElectroVoice ETX 12P;Aktywna kolumna ElectroVoice ETX 12P;NIE;;OK;
MODEL_SPRZETU;406;406;0200000000013;;Aktywna kolumna ElectroVoice ETX 15SP;Aktywna kolumna ElectroVoice ETX 15SP;NIE;;OK;
EGZEMPLARZ_SPRZETU;621;406;0000000000022;1;Aktywna kolumna ElectroVoice ETX 15SP;Aktywna kolumna ElectroVoice ETX 15SP;NIE;;OK;
EGZEMPLARZ_SPRZETU;622;406;0000000000023;2;Aktywna kolumna ElectroVoice ETX 15SP;Aktywna kolumna ElectroVoice ETX 15SP;NIE;;OK;
MODEL_SPRZETU;407;407;0200000000015;;Aktywna kolumna ElectroVoice ZLX 12P;Aktywna kolumna ElectroVoice ZLX 12P;NIE;;OK;
EGZEMPLARZ_SPRZETU;750;407;0000000000028;1;Aktywna kolumna ElectroVoice ZLX 12P;Aktywna kolumna ElectroVoice ZLX 12P;NIE;;OK;
EGZEMPLARZ_SPRZETU;751;407;0000000000035;10;Aktywna kolumna ElectroVoice ZLX 12P;Aktywna kolumna ElectroVoice ZLX 12P;NIE;;OK;
EGZEMPLARZ_SPRZETU;752;407;0000000000029;2;Aktywna kolumna ElectroVoice ZLX 12P;Aktywna kolumna ElectroVoice ZLX 12P;NIE;;OK;
EGZEMPLARZ_SPRZETU;753;407;0000000000040;3;Aktywna kolumna ElectroVoice ZLX 12P;Aktywna kolumna ElectroVoice ZLX 12P;NIE;;OK;
EGZEMPLARZ_SPRZETU;754;407;0000000000030;4;Aktywna kolumna ElectroVoice ZLX 12P;Aktywna kolumna ElectroVoice ZLX 12P;NIE;;OK;
EGZEMPLARZ_SPRZETU;755;407;0000000000031;5;Aktywna kolumna ElectroVoice ZLX 12P;Aktywna kolumna ElectroVoice ZLX 12P;NIE;;OK;
EGZEMPLARZ_SPRZETU;756;407;0000000000032;6;Aktywna kolumna ElectroVoice ZLX 12P;Aktywna kolumna ElectroVoice ZLX 12P;NIE;;OK;
EGZEMPLARZ_SPRZETU;757;407;0000000000033;7;Aktywna kolumna ElectroVoice ZLX 12P;Aktywna kolumna ElectroVoice ZLX 12P;NIE;;OK;
EGZEMPLARZ_SPRZETU;758;407;0000000000041;8;Aktywna kolumna ElectroVoice ZLX 12P;Aktywna kolumna ElectroVoice ZLX 12P;NIE;;OK;
EGZEMPLARZ_SPRZETU;759;407;0000000000034;9;Aktywna kolumna ElectroVoice ZLX 12P;Aktywna kolumna ElectroVoice ZLX 12P;NIE;;OK;
MODEL_SPRZETU;408;408;0200000000014;;Aktywna kolumna JBL EON 515;Aktywna kolumna JBL EON 515;NIE;;OK;
EGZEMPLARZ_SPRZETU;729;408;0000000000024;1;Aktywna kolumna JBL EON 515;Aktywna kolumna JBL EON 515;NIE;;OK;
EGZEMPLARZ_SPRZETU;730;408;0000000000025;2;Aktywna kolumna JBL EON 515;Aktywna kolumna JBL EON 515;NIE;;OK;
EGZEMPLARZ_SPRZETU;731;408;0000000000026;3;Aktywna kolumna JBL EON 515;Aktywna kolumna JBL EON 515;NIE;;OK;
EGZEMPLARZ_SPRZETU;732;408;0000000000027;4;Aktywna kolumna JBL EON 515;Aktywna kolumna JBL EON 515;NIE;;OK;
MODEL_SPRZETU;409;409;0200000000185;;Aktywna kolumna Proel WD12A;Aktywna kolumna Proel WD12A;NIE;;OK;
EGZEMPLARZ_SPRZETU;987;409;0000000001018;1;Aktywna kolumna Proel WD12A;Aktywna kolumna Proel WD12A;NIE;;OK;
EGZEMPLARZ_SPRZETU;988;409;0000000001019;2;Aktywna kolumna Proel WD12A;Aktywna kolumna Proel WD12A;NIE;;OK;
EGZEMPLARZ_SPRZETU;989;409;0000000001020;3;Aktywna kolumna Proel WD12A;Aktywna kolumna Proel WD12A;NIE;;OK;
EGZEMPLARZ_SPRZETU;990;409;0000000001021;4;Aktywna kolumna Proel WD12A;Aktywna kolumna Proel WD12A;NIE;;OK;
MODEL_SPRZETU;410;410;0200000000186;;Aktywna kolumna Turbosound iQ12;Aktywna kolumna Turbosound iQ12;NIE;;OK;
EGZEMPLARZ_SPRZETU;991;410;0000000001022;1;Aktywna kolumna Turbosound iQ12;Aktywna kolumna Turbosound iQ12;NIE;;OK;
EGZEMPLARZ_SPRZETU;992;410;0000000001023;2;Aktywna kolumna Turbosound iQ12;Aktywna kolumna Turbosound iQ12;NIE;;OK;
MODEL_SPRZETU;411;411;0200000000188;;Aktywny system modułowy Turbosound iP1000;Aktywny system modułowy Turbosound iP1000;NIE;;OK;
EGZEMPLARZ_SPRZETU;995;411;0000000001026;1;Aktywny system modułowy Turbosound iP1000;Aktywny system modułowy Turbosound iP1000;NIE;;OK;
EGZEMPLARZ_SPRZETU;996;411;0000000001027;2;Aktywny system modułowy Turbosound iP1000;Aktywny system modułowy Turbosound iP1000;NIE;;OK;
MODEL_SPRZETU;412;412;0000000001557;;Akumulator Eneloope Pro Ni-Mh 2500mAh;Akumulator Eneloope Pro Ni-Mh 2500mAh;NIE;;OK;
MODEL_SPRZETU;413;413;0200000000413;;Akumulator Motorola PMNN4251B;Akumulator Motorola PMNN4251B;NIE;;OK;
EGZEMPLARZ_SPRZETU;1660;413;0000000001728;1;Akumulator Motorola PMNN4251B;Akumulator Motorola PMNN4251B;NIE;;OK;
EGZEMPLARZ_SPRZETU;1661;413;0000000001765;10;Akumulator Motorola PMNN4251B;Akumulator Motorola PMNN4251B;NIE;;OK;
EGZEMPLARZ_SPRZETU;1662;413;0000000001766;11;Akumulator Motorola PMNN4251B;Akumulator Motorola PMNN4251B;NIE;;OK;
EGZEMPLARZ_SPRZETU;1663;413;0000000001767;12;Akumulator Motorola PMNN4251B;Akumulator Motorola PMNN4251B;NIE;;OK;
EGZEMPLARZ_SPRZETU;1664;413;0000000001731;13;Akumulator Motorola PMNN4251B;Akumulator Motorola PMNN4251B;NIE;;OK;
EGZEMPLARZ_SPRZETU;1665;413;0000000001732;14;Akumulator Motorola PMNN4251B;Akumulator Motorola PMNN4251B;NIE;;OK;
EGZEMPLARZ_SPRZETU;1666;413;0000000001733;15;Akumulator Motorola PMNN4251B;Akumulator Motorola PMNN4251B;NIE;;OK;
EGZEMPLARZ_SPRZETU;1667;413;0000000001744;16;Akumulator Motorola PMNN4251B;Akumulator Motorola PMNN4251B;NIE;;OK;
EGZEMPLARZ_SPRZETU;1668;413;0000000001745;17;Akumulator Motorola PMNN4251B;Akumulator Motorola PMNN4251B;NIE;;OK;
EGZEMPLARZ_SPRZETU;1669;413;0000000001746;18;Akumulator Motorola PMNN4251B;Akumulator Motorola PMNN4251B;NIE;;OK;
EGZEMPLARZ_SPRZETU;1670;413;0000000001756;19;Akumulator Motorola PMNN4251B;Akumulator Motorola PMNN4251B;NIE;;OK;
EGZEMPLARZ_SPRZETU;1671;413;0000000001729;2;Akumulator Motorola PMNN4251B;Akumulator Motorola PMNN4251B;NIE;;OK;
EGZEMPLARZ_SPRZETU;1672;413;0000000001757;20;Akumulator Motorola PMNN4251B;Akumulator Motorola PMNN4251B;NIE;;OK;
EGZEMPLARZ_SPRZETU;1673;413;0000000001758;21;Akumulator Motorola PMNN4251B;Akumulator Motorola PMNN4251B;NIE;;OK;
EGZEMPLARZ_SPRZETU;1674;413;0000000001768;22;Akumulator Motorola PMNN4251B;Akumulator Motorola PMNN4251B;NIE;;OK;
EGZEMPLARZ_SPRZETU;1675;413;0000000001769;23;Akumulator Motorola PMNN4251B;Akumulator Motorola PMNN4251B;NIE;;OK;
EGZEMPLARZ_SPRZETU;1676;413;0000000001770;24;Akumulator Motorola PMNN4251B;Akumulator Motorola PMNN4251B;NIE;;OK;
EGZEMPLARZ_SPRZETU;1677;413;0000000001730;3;Akumulator Motorola PMNN4251B;Akumulator Motorola PMNN4251B;NIE;;OK;
EGZEMPLARZ_SPRZETU;1678;413;0000000001741;4;Akumulator Motorola PMNN4251B;Akumulator Motorola PMNN4251B;NIE;;OK;
EGZEMPLARZ_SPRZETU;1679;413;0000000001742;5;Akumulator Motorola PMNN4251B;Akumulator Motorola PMNN4251B;NIE;;OK;
EGZEMPLARZ_SPRZETU;1680;413;0000000001743;6;Akumulator Motorola PMNN4251B;Akumulator Motorola PMNN4251B;NIE;;OK;
EGZEMPLARZ_SPRZETU;1681;413;0000000001753;7;Akumulator Motorola PMNN4251B;Akumulator Motorola PMNN4251B;NIE;;OK;
EGZEMPLARZ_SPRZETU;1682;413;0000000001754;8;Akumulator Motorola PMNN4251B;Akumulator Motorola PMNN4251B;NIE;;OK;
EGZEMPLARZ_SPRZETU;1683;413;0000000001755;9;Akumulator Motorola PMNN4251B;Akumulator Motorola PMNN4251B;NIE;;OK;
MODEL_SPRZETU;414;414;0200000000464;;Allen & Heath Karta SQ SLink;Allen & Heath Karta SQ SLink;NIE;;OK;
EGZEMPLARZ_SPRZETU;1877;414;0000000002532;1;Allen & Heath Karta SQ SLink;Allen & Heath Karta SQ SLink;NIE;;OK;
MODEL_SPRZETU;415;415;0000000001291;;Alustage Corner Box czarny;Alustage Corner Box czarny;NIE;;OK;
MODEL_SPRZETU;416;416;0000000001293;;Alustage Noga teleskopowa 100-180cm;Alustage Noga teleskopowa 100-180cm;NIE;;OK;
MODEL_SPRZETU;417;417;0000000001292;;Alustage Noga teleskopowa 40-60cm;Alustage Noga teleskopowa 40-60cm;NIE;;OK;
MODEL_SPRZETU;418;418;0000000001306;;Alustage Noga teleskopowa 80-140cm;Alustage Noga teleskopowa 80-140cm;NIE;;OK;
MODEL_SPRZETU;419;419;0000000002672;;Alustage aliskaf;Alustage aliskaf;NIE;;OK;
MODEL_SPRZETU;420;420;0000000002674;;Alustage aliskaf czarny z półbeczką duży;Alustage aliskaf czarny z półbeczką duży;NIE;;OK;
MODEL_SPRZETU;421;421;0000000002675;;Alustage aliskaf czarny z półbeczką mały;Alustage aliskaf czarny z półbeczką mały;NIE;;OK;
MODEL_SPRZETU;422;422;0000000002673;;Alustage aliskaf duży;Alustage aliskaf duży;NIE;;OK;
MODEL_SPRZETU;423;423;0000000002669;;Alustage kajdanki duże;Alustage kajdanki duże;NIE;;OK;
MODEL_SPRZETU;424;424;0000000002671;;Alustage kajdanki małe;Alustage kajdanki małe;NIE;;OK;
MODEL_SPRZETU;425;425;0000000002670;;Alustage kajdanki średnie;Alustage kajdanki średnie;NIE;;OK;
MODEL_SPRZETU;426;426;0000000001301;;Alustage kratownica Quadro 0,21m czarna;Alustage kratownica Quadro 0,21m czarna;NIE;;OK;
MODEL_SPRZETU;427;427;0000000001303;;Alustage kratownica Quadro 0,5m czarna;Alustage kratownica Quadro 0,5m czarna;NIE;;OK;
MODEL_SPRZETU;428;428;0000000002706;;Alustage kratownica Quadro 1m czarna;Alustage kratownica Quadro 1m czarna;NIE;;OK;
MODEL_SPRZETU;429;429;0000000001818;;Alustage kratownica Quadro 2m czarna;Alustage kratownica Quadro 2m czarna;NIE;;OK;
MODEL_SPRZETU;430;430;0000000002707;;Alustage kratownica Quadro 3m czarna;Alustage kratownica Quadro 3m czarna;NIE;;OK;
MODEL_SPRZETU;431;431;0000000002642;;Alutruss Rura aluminiowa 50x2mm 1,5m czarna z aliskafem i adapterem na rurą 35mm;Alutruss Rura aluminiowa 50x2mm 1,5m czarna z aliskafem i adapterem na rurą 35mm;NIE;;OK;
MODEL_SPRZETU;432;432;0000000002666;;Antena WiFi do Asus Jupiter H610B;Antena WiFi do Asus Jupiter H610B;NIE;;OK;
MODEL_SPRZETU;433;433;0000000001581;;Antena dookólna;Antena dookólna;NIE;;OK;
MODEL_SPRZETU;434;434;0000000003593;;Antena dookólna RF Venue Diversity Fin;Antena dookólna RF Venue Diversity Fin;NIE;;OK;
MODEL_SPRZETU;435;435;0000000001602;;Antena dookólna Sennheiser A1031-U;Antena dookólna Sennheiser A1031-U;NIE;;OK;
MODEL_SPRZETU;436;436;0000000001559;;Antena dookólna UA400B;Antena dookólna UA400B;NIE;;OK;
MODEL_SPRZETU;437;437;0000000001708;;Antena dookólna UA8;Antena dookólna UA8;NIE;;OK;
MODEL_SPRZETU;438;438;0000000001554;;Antena dookólna UA860SWB;Antena dookólna UA860SWB;NIE;;OK;
MODEL_SPRZETU;439;439;0200000000473;;Apple Mac Studio M1 Max;Apple Mac Studio M1 Max;NIE;;OK;
EGZEMPLARZ_SPRZETU;1891;439;0000000002552;1;Apple Mac Studio M1 Max;Apple Mac Studio M1 Max;NIE;;OK;
EGZEMPLARZ_SPRZETU;1892;439;0000000002553;2;Apple Mac Studio M1 Max;Apple Mac Studio M1 Max;NIE;;OK;
EGZEMPLARZ_SPRZETU;1893;439;0000000002554;3;Apple Mac Studio M1 Max;Apple Mac Studio M1 Max;NIE;;OK;
EGZEMPLARZ_SPRZETU;1894;439;0000000002555;4;Apple Mac Studio M1 Max;Apple Mac Studio M1 Max;NIE;;OK;
MODEL_SPRZETU;440;440;0000000002549;;Art Uchwyt ścienny do tv/monitor;Art Uchwyt ścienny do tv/monitor;NIE;;OK;
MODEL_SPRZETU;441;441;0000000001471;;Athletic Belka do statywu oświetleniowego;Athletic Belka do statywu oświetleniowego;NIE;;OK;
MODEL_SPRZETU;442;442;0000000001313;;Athletic statyw oświetleniowy;Athletic statyw oświetleniowy;NIE;;OK;
MODEL_SPRZETU;443;443;0200000000512;;Atme MDG Wytwornica Mgły;Atme MDG Wytwornica Mgły;NIE;;OK;
EGZEMPLARZ_SPRZETU;1965;443;0000000002637;1;Atme MDG Wytwornica Mgły;Atme MDG Wytwornica Mgły;NIE;;OK;
MODEL_SPRZETU;444;444;0200000000218;;AverMedia GC311;AverMedia GC311;NIE;;OK;
EGZEMPLARZ_SPRZETU;1165;444;0000000001154;1;AverMedia GC311;AverMedia GC311;NIE;;OK;
EGZEMPLARZ_SPRZETU;1166;444;0000000001155;2;AverMedia GC311;AverMedia GC311;NIE;;OK;
EGZEMPLARZ_SPRZETU;1167;444;0000000001156;3;AverMedia GC311;AverMedia GC311;NIE;;OK;
EGZEMPLARZ_SPRZETU;1168;444;0000000001157;4;AverMedia GC311;AverMedia GC311;NIE;;OK;
EGZEMPLARZ_SPRZETU;1169;444;0000000002609;5;AverMedia GC311;AverMedia GC311;NIE;;OK;
EGZEMPLARZ_SPRZETU;1170;444;0000000002610;6;AverMedia GC311;AverMedia GC311;NIE;;OK;
EGZEMPLARZ_SPRZETU;1171;444;0000000002611;7;AverMedia GC311;AverMedia GC311;NIE;;OK;
EGZEMPLARZ_SPRZETU;1172;444;0000000002612;8;AverMedia GC311;AverMedia GC311;NIE;;OK;
MODEL_SPRZETU;445;445;0000000001294;;"B-Tech statyw do TV BT-8503 43""- 60""";"B-Tech statyw do TV BT-8503 43""- 60""";NIE;;OK;
MODEL_SPRZETU;446;446;0000000001295;;"B-Tech statyw do TV BT-8504 75""";"B-Tech statyw do TV BT-8504 75""";NIE;;OK;
MODEL_SPRZETU;447;447;0000000000790;;Balast 25kg;Balast 25kg;NIE;;OK;
MODEL_SPRZETU;448;448;0200000000576;;Bateria 98Wh BP-U DV SWIT LB-SU98;Bateria 98Wh BP-U DV SWIT LB-SU98;NIE;;OK;
EGZEMPLARZ_SPRZETU;2685;448;0000000003556;1;Bateria 98Wh BP-U DV SWIT LB-SU98;Bateria 98Wh BP-U DV SWIT LB-SU98;NIE;;OK;
EGZEMPLARZ_SPRZETU;2686;448;0000000003557;2;Bateria 98Wh BP-U DV SWIT LB-SU98;Bateria 98Wh BP-U DV SWIT LB-SU98;NIE;;OK;
EGZEMPLARZ_SPRZETU;2687;448;0000000003572;3;Bateria 98Wh BP-U DV SWIT LB-SU98;Bateria 98Wh BP-U DV SWIT LB-SU98;NIE;;OK;
EGZEMPLARZ_SPRZETU;2688;448;0000000003573;4;Bateria 98Wh BP-U DV SWIT LB-SU98;Bateria 98Wh BP-U DV SWIT LB-SU98;NIE;;OK;
MODEL_SPRZETU;449;449;0200000000161;;Biały reflektor teatralny Cameo CL200;Biały reflektor teatralny Cameo CL200;NIE;;OK;
EGZEMPLARZ_SPRZETU;790;449;0000000000813;1;Biały reflektor teatralny Cameo CL200;Biały reflektor teatralny Cameo CL200;NIE;;OK;
EGZEMPLARZ_SPRZETU;791;449;0000000000822;10;Biały reflektor teatralny Cameo CL200;Biały reflektor teatralny Cameo CL200;NIE;;OK;
EGZEMPLARZ_SPRZETU;792;449;0000000000823;11;Biały reflektor teatralny Cameo CL200;Biały reflektor teatralny Cameo CL200;NIE;;OK;
EGZEMPLARZ_SPRZETU;793;449;0000000000824;12;Biały reflektor teatralny Cameo CL200;Biały reflektor teatralny Cameo CL200;NIE;;OK;
EGZEMPLARZ_SPRZETU;794;449;0000000000825;13;Biały reflektor teatralny Cameo CL200;Biały reflektor teatralny Cameo CL200;NIE;;OK;
EGZEMPLARZ_SPRZETU;795;449;0000000000826;14;Biały reflektor teatralny Cameo CL200;Biały reflektor teatralny Cameo CL200;NIE;;OK;
EGZEMPLARZ_SPRZETU;796;449;0000000000827;15;Biały reflektor teatralny Cameo CL200;Biały reflektor teatralny Cameo CL200;NIE;;OK;
EGZEMPLARZ_SPRZETU;797;449;0000000000828;16;Biały reflektor teatralny Cameo CL200;Biały reflektor teatralny Cameo CL200;NIE;;OK;
EGZEMPLARZ_SPRZETU;798;449;0000000000829;17;Biały reflektor teatralny Cameo CL200;Biały reflektor teatralny Cameo CL200;NIE;;OK;
EGZEMPLARZ_SPRZETU;799;449;0000000000830;18;Biały reflektor teatralny Cameo CL200;Biały reflektor teatralny Cameo CL200;NIE;;OK;
EGZEMPLARZ_SPRZETU;800;449;0000000000831;19;Biały reflektor teatralny Cameo CL200;Biały reflektor teatralny Cameo CL200;NIE;;OK;
EGZEMPLARZ_SPRZETU;801;449;0000000000814;2;Biały reflektor teatralny Cameo CL200;Biały reflektor teatralny Cameo CL200;NIE;;OK;
EGZEMPLARZ_SPRZETU;802;449;0000000000832;20;Biały reflektor teatralny Cameo CL200;Biały reflektor teatralny Cameo CL200;NIE;;OK;
EGZEMPLARZ_SPRZETU;803;449;0000000000833;21;Biały reflektor teatralny Cameo CL200;Biały reflektor teatralny Cameo CL200;NIE;;OK;
EGZEMPLARZ_SPRZETU;804;449;0000000000834;22;Biały reflektor teatralny Cameo CL200;Biały reflektor teatralny Cameo CL200;NIE;;OK;
EGZEMPLARZ_SPRZETU;805;449;0000000000835;23;Biały reflektor teatralny Cameo CL200;Biały reflektor teatralny Cameo CL200;NIE;;OK;
EGZEMPLARZ_SPRZETU;806;449;0000000000836;24;Biały reflektor teatralny Cameo CL200;Biały reflektor teatralny Cameo CL200;NIE;;OK;
EGZEMPLARZ_SPRZETU;807;449;0000000000815;3;Biały reflektor teatralny Cameo CL200;Biały reflektor teatralny Cameo CL200;NIE;;OK;
EGZEMPLARZ_SPRZETU;808;449;0000000000816;4;Biały reflektor teatralny Cameo CL200;Biały reflektor teatralny Cameo CL200;NIE;;OK;
EGZEMPLARZ_SPRZETU;809;449;0000000000817;5;Biały reflektor teatralny Cameo CL200;Biały reflektor teatralny Cameo CL200;NIE;;OK;
EGZEMPLARZ_SPRZETU;810;449;0000000000818;6;Biały reflektor teatralny Cameo CL200;Biały reflektor teatralny Cameo CL200;NIE;;OK;
EGZEMPLARZ_SPRZETU;811;449;0000000000819;7;Biały reflektor teatralny Cameo CL200;Biały reflektor teatralny Cameo CL200;NIE;;OK;
EGZEMPLARZ_SPRZETU;812;449;0000000000820;8;Biały reflektor teatralny Cameo CL200;Biały reflektor teatralny Cameo CL200;NIE;;OK;
EGZEMPLARZ_SPRZETU;813;449;0000000000821;9;Biały reflektor teatralny Cameo CL200;Biały reflektor teatralny Cameo CL200;NIE;;OK;
MODEL_SPRZETU;450;450;0200000000476;;Blackmagic Design Focus Demand;Blackmagic Design Focus Demand;NIE;;OK;
EGZEMPLARZ_SPRZETU;1900;450;0000000002562;1;Blackmagic Design Focus Demand;Blackmagic Design Focus Demand;NIE;;OK;
EGZEMPLARZ_SPRZETU;1901;450;0000000002563;2;Blackmagic Design Focus Demand;Blackmagic Design Focus Demand;NIE;;OK;
EGZEMPLARZ_SPRZETU;1902;450;0000000002564;3;Blackmagic Design Focus Demand;Blackmagic Design Focus Demand;NIE;;OK;
EGZEMPLARZ_SPRZETU;1903;450;0000000002565;4;Blackmagic Design Focus Demand;Blackmagic Design Focus Demand;NIE;;OK;
EGZEMPLARZ_SPRZETU;1904;450;0000000002566;5;Blackmagic Design Focus Demand;Blackmagic Design Focus Demand;NIE;;OK;
MODEL_SPRZETU;451;451;0000000002593;;Blackmagic Uchwyt do Design Focus Demand;Blackmagic Uchwyt do Design Focus Demand;NIE;;OK;
MODEL_SPRZETU;452;452;0000000002597;;Blackmagic Zasilacz do Studio Camera 4K Pro;Blackmagic Zasilacz do Studio Camera 4K Pro;NIE;;OK;
MODEL_SPRZETU;453;453;0200000000607;;Botex UP-2-1 Channel Dimmer;Botex UP-2-1 Channel Dimmer;NIE;;OK;
EGZEMPLARZ_SPRZETU;2727;453;0000000003619;1;Botex UP-2-1 Channel Dimmer;Botex UP-2-1 Channel Dimmer;NIE;;OK;
MODEL_SPRZETU;454;454;0200000000251;;Bramka ArtNet Obsidian Netron EN12;Bramka ArtNet Obsidian Netron EN12;NIE;;OK;
EGZEMPLARZ_SPRZETU;1259;454;0000000001236;1;Bramka ArtNet Obsidian Netron EN12;Bramka ArtNet Obsidian Netron EN12;NIE;;OK;
MODEL_SPRZETU;455;455;0000000002639;;Butla CO2 10L;Butla CO2 10L;NIE;;OK;
MODEL_SPRZETU;456;456;0200000000249;;ChamSys MQ250M;ChamSys MQ250M;NIE;;OK;
EGZEMPLARZ_SPRZETU;1252;456;0000000001231;1;ChamSys MQ250M;ChamSys MQ250M;NIE;;OK;
MODEL_SPRZETU;457;457;0200000000150;;ChamSys MagicQ DMX FULL USB Interface;ChamSys MagicQ DMX FULL USB Interface;NIE;;OK;
EGZEMPLARZ_SPRZETU;760;457;0000000000784;1;ChamSys MagicQ DMX FULL USB Interface;ChamSys MagicQ DMX FULL USB Interface;NIE;;OK;
MODEL_OPAKOWANIA;458;458;;;Chamsys USB + Stairville RJ45 DMX;Chamsys USB + Stairville RJ45 DMX;NIE;;OK;
MODEL_SPRZETU;459;459;0200000000525;;Conen Systems Statyw elektryczny;Conen Systems Statyw elektryczny;NIE;;OK;
EGZEMPLARZ_SPRZETU;1967;459;0000000002650;1;Conen Systems Statyw elektryczny;Conen Systems Statyw elektryczny;NIE;;OK;
EGZEMPLARZ_SPRZETU;1968;459;0000000002651;2;Conen Systems Statyw elektryczny;Conen Systems Statyw elektryczny;NIE;;OK;
MODEL_SPRZETU;460;460;0200000000579;;Czytnik kart Lexar Professional Workflow USB4 Reader;Czytnik kart Lexar Professional Workflow USB4 Reader;NIE;;OK;
EGZEMPLARZ_SPRZETU;2695;460;0000000003561;1;Czytnik kart Lexar Professional Workflow USB4 Reader;Czytnik kart Lexar Professional Workflow USB4 Reader;NIE;;OK;
EGZEMPLARZ_SPRZETU;2696;460;0000000003577;2;Czytnik kart Lexar Professional Workflow USB4 Reader;Czytnik kart Lexar Professional Workflow USB4 Reader;NIE;;OK;
MODEL_SPRZETU;461;461;0000000002629;;DYNAWID Statyw mikrofonowy stołowy;DYNAWID Statyw mikrofonowy stołowy;NIE;;OK;
MODEL_SPRZETU;462;462;0200000000331;;Dell P2314Ht;Dell P2314Ht;NIE;;OK;
EGZEMPLARZ_SPRZETU;1383;462;0000000001451;1;Dell P2314Ht;Dell P2314Ht;NIE;;OK;
MODEL_SPRZETU;463;463;0000000001478;;Deska na kratownice 50x50cm;Deska na kratownice 50x50cm;NIE;;OK;
MODEL_SPRZETU;464;464;0200000000088;;Di-Box Mono;Di-Box Mono;NIE;;OK;
EGZEMPLARZ_SPRZETU;2854;464;0000000000378;1;Di-Box IMGSTAGELINE DIB-100 pasywny;Di-Box IMGSTAGELINE DIB-100 pasywny;NIE;;OK;
EGZEMPLARZ_SPRZETU;2855;464;0000000000438;1;Di-box Radial ProAV1 pasywny;Di-box Radial ProAV1 pasywny;NIE;;OK;
EGZEMPLARZ_SPRZETU;2856;464;0000000000387;10;Di-Box IMGSTAGELINE DIB-100 pasywny;Di-Box IMGSTAGELINE DIB-100 pasywny;NIE;;OK;
EGZEMPLARZ_SPRZETU;2857;464;0000000000388;11;Di-Box IMGSTAGELINE DIB-100 pasywny;Di-Box IMGSTAGELINE DIB-100 pasywny;NIE;;OK;
EGZEMPLARZ_SPRZETU;2858;464;0000000000389;12;Di-Box IMGSTAGELINE DIB-100 pasywny;Di-Box IMGSTAGELINE DIB-100 pasywny;NIE;;OK;
EGZEMPLARZ_SPRZETU;2859;464;0000000000390;13;Di-Box IMGSTAGELINE DIB-100 pasywny;Di-Box IMGSTAGELINE DIB-100 pasywny;NIE;;OK;
EGZEMPLARZ_SPRZETU;2860;464;0000000000391;14;Di-Box IMGSTAGELINE DIB-100 pasywny;Di-Box IMGSTAGELINE DIB-100 pasywny;NIE;;OK;
EGZEMPLARZ_SPRZETU;2861;464;0000000000392;15;Di-Box IMGSTAGELINE DIB-100 pasywny;Di-Box IMGSTAGELINE DIB-100 pasywny;NIE;;OK;
EGZEMPLARZ_SPRZETU;2862;464;0000000000393;16;Di-Box IMGSTAGELINE DIB-100 pasywny;Di-Box IMGSTAGELINE DIB-100 pasywny;NIE;;OK;
EGZEMPLARZ_SPRZETU;2863;464;0000000000394;17;Di-Box IMGSTAGELINE DIB-100 pasywny;Di-Box IMGSTAGELINE DIB-100 pasywny;NIE;;OK;
EGZEMPLARZ_SPRZETU;2864;464;0000000000395;18;Di-Box IMGSTAGELINE DIB-100 pasywny;Di-Box IMGSTAGELINE DIB-100 pasywny;NIE;;OK;
EGZEMPLARZ_SPRZETU;2865;464;0000000000396;19;Di-Box IMGSTAGELINE DIB-100 pasywny;Di-Box IMGSTAGELINE DIB-100 pasywny;NIE;;OK;
EGZEMPLARZ_SPRZETU;2866;464;0000000000379;2;Di-Box IMGSTAGELINE DIB-100 pasywny;Di-Box IMGSTAGELINE DIB-100 pasywny;NIE;;OK;
EGZEMPLARZ_SPRZETU;2867;464;0000000000439;2;Di-box Radial ProAV1 pasywny;Di-box Radial ProAV1 pasywny;NIE;;OK;
EGZEMPLARZ_SPRZETU;2868;464;0000000000397;20;Di-Box IMGSTAGELINE DIB-100 pasywny;Di-Box IMGSTAGELINE DIB-100 pasywny;NIE;;OK;
EGZEMPLARZ_SPRZETU;2869;464;0000000000398;21;Di-Box IMGSTAGELINE DIB-100 pasywny;Di-Box IMGSTAGELINE DIB-100 pasywny;NIE;;OK;
EGZEMPLARZ_SPRZETU;2870;464;0000000000399;22;Di-Box IMGSTAGELINE DIB-100 pasywny;Di-Box IMGSTAGELINE DIB-100 pasywny;NIE;;OK;
EGZEMPLARZ_SPRZETU;2871;464;0000000000400;23;Di-Box IMGSTAGELINE DIB-100 pasywny;Di-Box IMGSTAGELINE DIB-100 pasywny;NIE;;OK;
EGZEMPLARZ_SPRZETU;2872;464;0000000000401;24;Di-Box IMGSTAGELINE DIB-100 pasywny;Di-Box IMGSTAGELINE DIB-100 pasywny;NIE;;OK;
EGZEMPLARZ_SPRZETU;2873;464;0000000000402;25;Di-Box IMGSTAGELINE DIB-100 pasywny;Di-Box IMGSTAGELINE DIB-100 pasywny;NIE;;OK;
EGZEMPLARZ_SPRZETU;2874;464;0000000000403;26;Di-Box IMGSTAGELINE DIB-100 pasywny;Di-Box IMGSTAGELINE DIB-100 pasywny;NIE;;OK;
EGZEMPLARZ_SPRZETU;2875;464;0000000000404;27;Di-Box IMGSTAGELINE DIB-100 pasywny;Di-Box IMGSTAGELINE DIB-100 pasywny;NIE;;OK;
EGZEMPLARZ_SPRZETU;2876;464;0000000000405;28;Di-Box IMGSTAGELINE DIB-100 pasywny;Di-Box IMGSTAGELINE DIB-100 pasywny;NIE;;OK;
EGZEMPLARZ_SPRZETU;2877;464;0000000000406;29;Di-Box IMGSTAGELINE DIB-100 pasywny;Di-Box IMGSTAGELINE DIB-100 pasywny;NIE;;OK;
EGZEMPLARZ_SPRZETU;2878;464;0000000000380;3;Di-Box IMGSTAGELINE DIB-100 pasywny;Di-Box IMGSTAGELINE DIB-100 pasywny;NIE;;OK;
EGZEMPLARZ_SPRZETU;2879;464;0000000000440;3;Di-box Radial ProAV1 pasywny;Di-box Radial ProAV1 pasywny;NIE;;OK;
EGZEMPLARZ_SPRZETU;2880;464;0000000000407;30;Di-Box IMGSTAGELINE DIB-100 pasywny;Di-Box IMGSTAGELINE DIB-100 pasywny;NIE;;OK;
EGZEMPLARZ_SPRZETU;2881;464;0000000000381;4;Di-Box IMGSTAGELINE DIB-100 pasywny;Di-Box IMGSTAGELINE DIB-100 pasywny;NIE;;OK;
EGZEMPLARZ_SPRZETU;2882;464;0000000000441;4;Di-box Radial ProAV1 pasywny;Di-box Radial ProAV1 pasywny;NIE;;OK;
EGZEMPLARZ_SPRZETU;2883;464;0000000000382;5;Di-Box IMGSTAGELINE DIB-100 pasywny;Di-Box IMGSTAGELINE DIB-100 pasywny;NIE;;OK;
EGZEMPLARZ_SPRZETU;2884;464;0000000000442;5;Di-box Radial ProAV1 pasywny;Di-box Radial ProAV1 pasywny;NIE;;OK;
EGZEMPLARZ_SPRZETU;2885;464;0000000000383;6;Di-Box IMGSTAGELINE DIB-100 pasywny;Di-Box IMGSTAGELINE DIB-100 pasywny;NIE;;OK;
EGZEMPLARZ_SPRZETU;2886;464;0000000000443;6;Di-box Radial ProAV1 pasywny;Di-box Radial ProAV1 pasywny;NIE;;OK;
EGZEMPLARZ_SPRZETU;2887;464;0000000000384;7;Di-Box IMGSTAGELINE DIB-100 pasywny;Di-Box IMGSTAGELINE DIB-100 pasywny;NIE;;OK;
EGZEMPLARZ_SPRZETU;2888;464;0000000000444;7;Di-box Radial ProAV1 pasywny;Di-box Radial ProAV1 pasywny;NIE;;OK;
EGZEMPLARZ_SPRZETU;2889;464;0000000000385;8;Di-Box IMGSTAGELINE DIB-100 pasywny;Di-Box IMGSTAGELINE DIB-100 pasywny;NIE;;OK;
EGZEMPLARZ_SPRZETU;2890;464;0000000000445;8;Di-box Radial ProAV1 pasywny;Di-box Radial ProAV1 pasywny;NIE;;OK;
EGZEMPLARZ_SPRZETU;2891;464;0000000000386;9;Di-Box IMGSTAGELINE DIB-100 pasywny;Di-Box IMGSTAGELINE DIB-100 pasywny;NIE;;OK;
MODEL_SPRZETU;465;465;0200000000089;;Di-Box Stereo;Di-Box Stereo;NIE;;OK;
EGZEMPLARZ_SPRZETU;2892;465;0000000000408;1;Di-Box IMGSTAGELINE DIB-102 pasywny;Di-Box IMGSTAGELINE DIB-102 pasywny;NIE;;OK;
EGZEMPLARZ_SPRZETU;2893;465;0000000000476;1;Di-box Radial JPC stereo aktywny;Di-box Radial JPC stereo aktywny;NIE;;OK;
EGZEMPLARZ_SPRZETU;2894;465;0000000000478;1;Di-box Radial ProAV2 stereo pasywny;Di-box Radial ProAV2 stereo pasywny;NIE;;OK;
EGZEMPLARZ_SPRZETU;2895;465;0000000000482;1;Di-box Radial ProD2 stereo pasywny;Di-box Radial ProD2 stereo pasywny;NIE;;OK;
EGZEMPLARZ_SPRZETU;2896;465;0000000000417;10;Di-Box IMGSTAGELINE DIB-102 pasywny;Di-Box IMGSTAGELINE DIB-102 pasywny;NIE;;OK;
EGZEMPLARZ_SPRZETU;2897;465;0000000000418;11;Di-Box IMGSTAGELINE DIB-102 pasywny;Di-Box IMGSTAGELINE DIB-102 pasywny;NIE;;OK;
EGZEMPLARZ_SPRZETU;2898;465;0000000000419;12;Di-Box IMGSTAGELINE DIB-102 pasywny;Di-Box IMGSTAGELINE DIB-102 pasywny;NIE;;OK;
EGZEMPLARZ_SPRZETU;2899;465;0000000000420;13;Di-Box IMGSTAGELINE DIB-102 pasywny;Di-Box IMGSTAGELINE DIB-102 pasywny;NIE;;OK;
EGZEMPLARZ_SPRZETU;2900;465;0000000000421;14;Di-Box IMGSTAGELINE DIB-102 pasywny;Di-Box IMGSTAGELINE DIB-102 pasywny;NIE;;OK;
EGZEMPLARZ_SPRZETU;2901;465;0000000000422;15;Di-Box IMGSTAGELINE DIB-102 pasywny;Di-Box IMGSTAGELINE DIB-102 pasywny;NIE;;OK;
EGZEMPLARZ_SPRZETU;2902;465;0000000000423;16;Di-Box IMGSTAGELINE DIB-102 pasywny;Di-Box IMGSTAGELINE DIB-102 pasywny;NIE;;OK;
EGZEMPLARZ_SPRZETU;2903;465;0000000000424;17;Di-Box IMGSTAGELINE DIB-102 pasywny;Di-Box IMGSTAGELINE DIB-102 pasywny;NIE;;OK;
EGZEMPLARZ_SPRZETU;2904;465;0000000000425;18;Di-Box IMGSTAGELINE DIB-102 pasywny;Di-Box IMGSTAGELINE DIB-102 pasywny;NIE;;OK;
EGZEMPLARZ_SPRZETU;2905;465;0000000000426;19;Di-Box IMGSTAGELINE DIB-102 pasywny;Di-Box IMGSTAGELINE DIB-102 pasywny;NIE;;OK;
EGZEMPLARZ_SPRZETU;2906;465;0000000000409;2;Di-Box IMGSTAGELINE DIB-102 pasywny;Di-Box IMGSTAGELINE DIB-102 pasywny;NIE;;OK;
EGZEMPLARZ_SPRZETU;2907;465;0000000000477;2;Di-box Radial ProD2 stereo pasywny;Di-box Radial ProD2 stereo pasywny;NIE;;OK;
EGZEMPLARZ_SPRZETU;2908;465;0000000000479;2;Di-box Radial ProAV2 stereo pasywny;Di-box Radial ProAV2 stereo pasywny;NIE;;OK;
EGZEMPLARZ_SPRZETU;2909;465;0000000000427;20;Di-Box IMGSTAGELINE DIB-102 pasywny;Di-Box IMGSTAGELINE DIB-102 pasywny;NIE;;OK;
EGZEMPLARZ_SPRZETU;2910;465;0000000000428;21;Di-Box IMGSTAGELINE DIB-102 pasywny;Di-Box IMGSTAGELINE DIB-102 pasywny;NIE;;OK;
EGZEMPLARZ_SPRZETU;2911;465;0000000000429;22;Di-Box IMGSTAGELINE DIB-102 pasywny;Di-Box IMGSTAGELINE DIB-102 pasywny;NIE;;OK;
EGZEMPLARZ_SPRZETU;2912;465;0000000000430;23;Di-Box IMGSTAGELINE DIB-102 pasywny;Di-Box IMGSTAGELINE DIB-102 pasywny;NIE;;OK;
EGZEMPLARZ_SPRZETU;2913;465;0000000000431;24;Di-Box IMGSTAGELINE DIB-102 pasywny;Di-Box IMGSTAGELINE DIB-102 pasywny;NIE;;OK;
EGZEMPLARZ_SPRZETU;2914;465;0000000000432;25;Di-Box IMGSTAGELINE DIB-102 pasywny;Di-Box IMGSTAGELINE DIB-102 pasywny;NIE;;OK;
EGZEMPLARZ_SPRZETU;2915;465;0000000000433;26;Di-Box IMGSTAGELINE DIB-102 pasywny;Di-Box IMGSTAGELINE DIB-102 pasywny;NIE;;OK;
EGZEMPLARZ_SPRZETU;2916;465;0000000000434;27;Di-Box IMGSTAGELINE DIB-102 pasywny;Di-Box IMGSTAGELINE DIB-102 pasywny;NIE;;OK;
EGZEMPLARZ_SPRZETU;2917;465;0000000000435;28;Di-Box IMGSTAGELINE DIB-102 pasywny;Di-Box IMGSTAGELINE DIB-102 pasywny;NIE;;OK;
EGZEMPLARZ_SPRZETU;2918;465;0000000000436;29;Di-Box IMGSTAGELINE DIB-102 pasywny;Di-Box IMGSTAGELINE DIB-102 pasywny;NIE;;OK;
EGZEMPLARZ_SPRZETU;2919;465;0000000000410;3;Di-Box IMGSTAGELINE DIB-102 pasywny;Di-Box IMGSTAGELINE DIB-102 pasywny;NIE;;OK;
EGZEMPLARZ_SPRZETU;2920;465;0000000000480;3;Di-box Radial ProAV2 stereo pasywny;Di-box Radial ProAV2 stereo pasywny;NIE;;OK;
EGZEMPLARZ_SPRZETU;2921;465;0000000000437;30;Di-Box IMGSTAGELINE DIB-102 pasywny;Di-Box IMGSTAGELINE DIB-102 pasywny;NIE;;OK;
EGZEMPLARZ_SPRZETU;2922;465;0000000000411;4;Di-Box IMGSTAGELINE DIB-102 pasywny;Di-Box IMGSTAGELINE DIB-102 pasywny;NIE;;OK;
EGZEMPLARZ_SPRZETU;2923;465;0000000000481;4;Di-box Radial ProAV2 stereo pasywny;Di-box Radial ProAV2 stereo pasywny;NIE;;OK;
EGZEMPLARZ_SPRZETU;2924;465;0000000000412;5;Di-Box IMGSTAGELINE DIB-102 pasywny;Di-Box IMGSTAGELINE DIB-102 pasywny;NIE;;OK;
EGZEMPLARZ_SPRZETU;2925;465;0000000000413;6;Di-Box IMGSTAGELINE DIB-102 pasywny;Di-Box IMGSTAGELINE DIB-102 pasywny;NIE;;OK;
EGZEMPLARZ_SPRZETU;2926;465;0000000000414;7;Di-Box IMGSTAGELINE DIB-102 pasywny;Di-Box IMGSTAGELINE DIB-102 pasywny;NIE;;OK;
EGZEMPLARZ_SPRZETU;2927;465;0000000000415;8;Di-Box IMGSTAGELINE DIB-102 pasywny;Di-Box IMGSTAGELINE DIB-102 pasywny;NIE;;OK;
EGZEMPLARZ_SPRZETU;2928;465;0000000000416;9;Di-Box IMGSTAGELINE DIB-102 pasywny;Di-Box IMGSTAGELINE DIB-102 pasywny;NIE;;OK;
MODEL_SPRZETU;466;466;0000000001472;;Dolpas Zawiesie pasowe 1T 1,5 m;Dolpas Zawiesie pasowe 1T 1,5 m;NIE;;OK;
MODEL_SPRZETU;467;467;0000000001474;;Dolpas Zawiesie pasowe 1T 2 m;Dolpas Zawiesie pasowe 1T 2 m;NIE;;OK;
MODEL_SPRZETU;468;468;0000000003656;;Double Hanging Bar Absen NT3.9W V2;Double Hanging Bar Absen NT3.9W V2;NIE;;OK;
MODEL_SPRZETU;469;469;0200000000170;;Drabina Drabest 0,6 m;Drabina Drabest 0,6 m;NIE;;OK;
EGZEMPLARZ_SPRZETU;928;469;0000000000946;1;Drabina Drabest 0,6 m;Drabina Drabest 0,6 m;NIE;;OK;
MODEL_SPRZETU;470;470;0200000000171;;Drabina Krause 1m;Drabina Krause 1m;NIE;;OK;
EGZEMPLARZ_SPRZETU;929;470;0000000000947;1;Drabina Krause 1m;Drabina Krause 1m;NIE;;OK;
MODEL_SPRZETU;471;471;0200000000172;;Drabina Krause 1m 2,52 - 3,90 - 5,30m;Drabina Krause 1m 2,52 - 3,90 - 5,30m;NIE;;OK;
EGZEMPLARZ_SPRZETU;930;471;0000000000948;1;Drabina Krause 1m 2,52 - 3,90 - 5,30m;Drabina Krause 1m 2,52 - 3,90 - 5,30m;NIE;;OK;
MODEL_SPRZETU;472;472;0200000000103;;Dysk Sieciowy NAS;Dysk Sieciowy NAS;NIE;;OK;
EGZEMPLARZ_SPRZETU;536;472;0000000000568;1;Serwer plików Synology DS 224+ 1 TB;Serwer plików Synology DS 224+ 1 TB;NIE;;OK;
EGZEMPLARZ_SPRZETU;537;472;0000000000572;1;Serwer plików Synology DS 224+ 2 TB;Serwer plików Synology DS 224+ 2 TB;NIE;;OK;
MODEL_SPRZETU;473;473;0200000000466;;Dysk przenośny SSD Samsung T7 1TB USB 3.2 Gen. 2;Dysk przenośny SSD Samsung T7 1TB USB 3.2 Gen. 2;NIE;;OK;
EGZEMPLARZ_SPRZETU;1882;473;0000000002537;1;Dysk przenośny SSD Samsung T7 1TB USB 3.2 Gen. 2;Dysk przenośny SSD Samsung T7 1TB USB 3.2 Gen. 2;NIE;;OK;
EGZEMPLARZ_SPRZETU;1883;473;0000000002538;2;Dysk przenośny SSD Samsung T7 1TB USB 3.2 Gen. 2;Dysk przenośny SSD Samsung T7 1TB USB 3.2 Gen. 2;NIE;;OK;
EGZEMPLARZ_SPRZETU;1884;473;0000000002539;3;Dysk przenośny SSD Samsung T7 1TB USB 3.2 Gen. 2;Dysk przenośny SSD Samsung T7 1TB USB 3.2 Gen. 2;NIE;;OK;
EGZEMPLARZ_SPRZETU;1885;473;0000000002540;4;Dysk przenośny SSD Samsung T7 1TB USB 3.2 Gen. 2;Dysk przenośny SSD Samsung T7 1TB USB 3.2 Gen. 2;NIE;;OK;
EGZEMPLARZ_SPRZETU;1886;473;0000000002541;5;Dysk przenośny SSD Samsung T7 1TB USB 3.2 Gen. 2;Dysk przenośny SSD Samsung T7 1TB USB 3.2 Gen. 2;NIE;;OK;
EGZEMPLARZ_SPRZETU;1887;473;0000000002542;6;Dysk przenośny SSD Samsung T7 1TB USB 3.2 Gen. 2;Dysk przenośny SSD Samsung T7 1TB USB 3.2 Gen. 2;NIE;;OK;
EGZEMPLARZ_SPRZETU;1888;473;0000000002543;7;Dysk przenośny SSD Samsung T7 1TB USB 3.2 Gen. 2;Dysk przenośny SSD Samsung T7 1TB USB 3.2 Gen. 2;NIE;;OK;
EGZEMPLARZ_SPRZETU;1889;473;0000000002544;8;Dysk przenośny SSD Samsung T7 1TB USB 3.2 Gen. 2;Dysk przenośny SSD Samsung T7 1TB USB 3.2 Gen. 2;NIE;;OK;
EGZEMPLARZ_SPRZETU;1890;473;0000000002545;9;Dysk przenośny SSD Samsung T7 1TB USB 3.2 Gen. 2;Dysk przenośny SSD Samsung T7 1TB USB 3.2 Gen. 2;NIE;;OK;
MODEL_SPRZETU;474;474;0200000000155;;Dźwig Block&Block Beta-70;Dźwig Block&Block Beta-70;NIE;;OK;
EGZEMPLARZ_SPRZETU;772;474;0000000000791;1;Dźwig Block&Block Beta-70;Dźwig Block&Block Beta-70;NIE;;OK;
EGZEMPLARZ_SPRZETU;773;474;0000000000792;2;Dźwig Block&Block Beta-70;Dźwig Block&Block Beta-70;NIE;;OK;
EGZEMPLARZ_SPRZETU;774;474;0000000000793;3;Dźwig Block&Block Beta-70;Dźwig Block&Block Beta-70;NIE;;OK;
EGZEMPLARZ_SPRZETU;775;474;0000000000794;4;Dźwig Block&Block Beta-70;Dźwig Block&Block Beta-70;NIE;;OK;
MODEL_SPRZETU;475;475;0000000002630;;EDBAK Uchwyt do projektora PM2W biały (do 15kg);EDBAK Uchwyt do projektora PM2W biały (do 15kg);NIE;;OK;
MODEL_SPRZETU;476;476;0000000002631;;EUROMET Uchwyt do projektora Arakno Standard czarny (do 45kg);EUROMET Uchwyt do projektora Arakno Standard czarny (do 45kg);NIE;;OK;
MODEL_SPRZETU;477;477;0200000000069;;Ekran projekcyjny 2,4x1,4m 16:9;Ekran projekcyjny 2,4x1,4m 16:9;NIE;;OK;
EGZEMPLARZ_SPRZETU;2773;477;0000000000304;1;Ekran projekcyjny SSWT 2,4x1,4m 16:9 (przód i tył);Ekran projekcyjny SSWT 2,4x1,4m 16:9 (przód i tył);NIE;;OK;
EGZEMPLARZ_SPRZETU;2774;477;0000000000305;2;Ekran projekcyjny SSWT 2,4x1,4m 16:9 (przód i tył);Ekran projekcyjny SSWT 2,4x1,4m 16:9 (przód i tył);NIE;;OK;
MODEL_SPRZETU;478;478;0200000000075;;Ekran projekcyjny 2,4x1,8m 4:3;Ekran projekcyjny 2,4x1,8m 4:3;NIE;;OK;
EGZEMPLARZ_SPRZETU;2792;478;0000000000317;1;Ekran projekcyjny SSWT 2,4x1,8m 4:3 (przód i tył);Ekran projekcyjny SSWT 2,4x1,8m 4:3 (przód i tył);NIE;;OK;
MODEL_SPRZETU;479;479;0200000000074;;Ekran projekcyjny 2x1,5m 4:3;Ekran projekcyjny 2x1,5m 4:3;NIE;;OK;
EGZEMPLARZ_SPRZETU;2789;479;0000000000314;1;Ekran projekcyjny SSWT 2x1,5m 4:3 (przód, na trójnogu);Ekran projekcyjny SSWT 2x1,5m 4:3 (przód, na trójnogu);NIE;;OK;
EGZEMPLARZ_SPRZETU;2790;479;0000000000315;2;Ekran projekcyjny SSWT 2x1,5m 4:3 (przód, na trójnogu);Ekran projekcyjny SSWT 2x1,5m 4:3 (przód, na trójnogu);NIE;;OK;
EGZEMPLARZ_SPRZETU;2791;479;0000000000316;3;Ekran projekcyjny SSWT 2x1,5m 4:3 (przód, na trójnogu);Ekran projekcyjny SSWT 2x1,5m 4:3 (przód, na trójnogu);NIE;;OK;
MODEL_SPRZETU;480;480;0200000000070;;Ekran projekcyjny 3x1,7m 16:9;Ekran projekcyjny 3x1,7m 16:9;NIE;;OK;
EGZEMPLARZ_SPRZETU;2777;480;0000000000306;1;Ekran projekcyjny SSWT 3x1,7m 16:9 (przód i tył);Ekran projekcyjny SSWT 3x1,7m 16:9 (przód i tył);NIE;;OK;
EGZEMPLARZ_SPRZETU;2778;480;0000000000321;1;Ekran projekcyjny AVTEK 3x1,7m 16:9 (przód);Ekran projekcyjny AVTEK 3x1,7m 16:9 (przód);NIE;;OK;
EGZEMPLARZ_SPRZETU;2779;480;0000000000307;2;Ekran projekcyjny SSWT 3x1,7m 16:9 (przód i tył);Ekran projekcyjny SSWT 3x1,7m 16:9 (przód i tył);NIE;;OK;
EGZEMPLARZ_SPRZETU;2780;480;0000000000322;2;Ekran projekcyjny AVTEK 3x1,7m 16:9 (przód);Ekran projekcyjny AVTEK 3x1,7m 16:9 (przód);NIE;;OK;
EGZEMPLARZ_SPRZETU;2781;480;0000000000323;3;Ekran projekcyjny AVTEK 3x1,7m 16:9 (przód);Ekran projekcyjny AVTEK 3x1,7m 16:9 (przód);NIE;;OK;
EGZEMPLARZ_SPRZETU;2782;480;0000000000324;4;Ekran projekcyjny AVTEK 3x1,7m 16:9 (przód);Ekran projekcyjny AVTEK 3x1,7m 16:9 (przód);NIE;;OK;
MODEL_SPRZETU;481;481;0200000000076;;Ekran projekcyjny 3x2,3m 4:3;Ekran projekcyjny 3x2,3m 4:3;NIE;;OK;
EGZEMPLARZ_SPRZETU;2793;481;0000000000318;1;Ekran projekcyjny SSWT 3x2,3m 4:3 (przód i tył);Ekran projekcyjny SSWT 3x2,3m 4:3 (przód i tył);NIE;;OK;
MODEL_SPRZETU;482;482;0200000000071;;Ekran projekcyjny 4x2,25m 16:9;Ekran projekcyjny 4x2,25m 16:9;NIE;;OK;
EGZEMPLARZ_SPRZETU;2783;482;0000000000308;1;Ekran projekcyjny SSWT 4x2,25m 16:9 (przód i tył);Ekran projekcyjny SSWT 4x2,25m 16:9 (przód i tył);NIE;;OK;
EGZEMPLARZ_SPRZETU;2784;482;0000000000310;1;Ekran projekcyjny AVTEK 4x2,25m 16:9 (przód);Ekran projekcyjny AVTEK 4x2,25m 16:9 (przód);NIE;;OK;
EGZEMPLARZ_SPRZETU;2785;482;0000000000309;2;Ekran projekcyjny SSWT 4x2,25m 16:9 (przód i tył);Ekran projekcyjny SSWT 4x2,25m 16:9 (przód i tył);NIE;;OK;
MODEL_SPRZETU;483;483;0200000000077;;Ekran projekcyjny 4x3m 4:3;Ekran projekcyjny 4x3m 4:3;NIE;;OK;
EGZEMPLARZ_SPRZETU;2794;483;0000000000319;1;Ekran projekcyjny SSWT 4x3m 4:3 (tył i przód);Ekran projekcyjny SSWT 4x3m 4:3 (tył i przód);NIE;;OK;
MODEL_SPRZETU;484;484;0200000000073;;Ekran projekcyjny 5,6x3,3m 16:9;Ekran projekcyjny 5,6x3,3m 16:9;NIE;;OK;
EGZEMPLARZ_SPRZETU;2788;484;0000000000313;1;Ekran projekcyjny AV Stumpfl 5,6x3,3m 16:9 (przód i tył);Ekran projekcyjny AV Stumpfl 5,6x3,3m 16:9 (przód i tył);NIE;;OK;
MODEL_SPRZETU;485;485;0200000000078;;Ekran projekcyjny 5x3,8m 4:3;Ekran projekcyjny 5x3,8m 4:3;NIE;;OK;
EGZEMPLARZ_SPRZETU;2795;485;0000000000320;1;Ekran projekcyjny SSWT 5x3,8m 4:3 (przód i tył);Ekran projekcyjny SSWT 5x3,8m 4:3 (przód i tył);NIE;;OK;
MODEL_SPRZETU;486;486;0200000000072;;Ekran projekcyjny 7x3,94 m 16:9;Ekran projekcyjny 7x3,94 m 16:9;NIE;;OK;
EGZEMPLARZ_SPRZETU;2786;486;0000000000311;1;Ekran projekcyjny Pixel 7x3,94 m 16:9;Ekran projekcyjny Pixel 7x3,94 m 16:9;NIE;;OK;
EGZEMPLARZ_SPRZETU;2787;486;0000000000312;2;Ekran projekcyjny Pixel 7x3,94 m 16:9;Ekran projekcyjny Pixel 7x3,94 m 16:9;NIE;;OK;
MODEL_SPRZETU;487;487;0200000000445;;Ekran projekcyjny Adeo 10x5,6m 16:9 (przód);Ekran projekcyjny Adeo 10x5,6m 16:9 (przód);NIE;;OK;
EGZEMPLARZ_SPRZETU;1741;487;0000000002316;1;Ekran projekcyjny Adeo 10x5,6m 16:9 (przód);Ekran projekcyjny Adeo 10x5,6m 16:9 (przód);NIE;;OK;
EGZEMPLARZ_SPRZETU;1742;487;0000000002317;2;Ekran projekcyjny Adeo 10x5,6m 16:9 (przód);Ekran projekcyjny Adeo 10x5,6m 16:9 (przód);NIE;;OK;
MODEL_SPRZETU;488;488;0200000000444;;Ekran projekcyjny Adeo 12x4m (tył);Ekran projekcyjny Adeo 12x4m (tył);NIE;;OK;
EGZEMPLARZ_SPRZETU;1740;488;0000000002315;1;Ekran projekcyjny Adeo 12x4m (tył);Ekran projekcyjny Adeo 12x4m (tył);NIE;;OK;
MODEL_SPRZETU;489;489;0200000000450;;Ekran projekcyjny Adeo 7x4m 16:9 (przód);Ekran projekcyjny Adeo 7x4m 16:9 (przód);NIE;;OK;
EGZEMPLARZ_SPRZETU;1750;489;0000000002323;1;Ekran projekcyjny Adeo 7x4m 16:9 (przód);Ekran projekcyjny Adeo 7x4m 16:9 (przód);NIE;;OK;
MODEL_SPRZETU;490;490;0200000000449;;Ekran projekcyjny Adeo 8x3m 16:9 (przód);Ekran projekcyjny Adeo 8x3m 16:9 (przód);NIE;;OK;
EGZEMPLARZ_SPRZETU;1748;490;0000000002322;1;Ekran projekcyjny Adeo 8x3m 16:9 (przód);Ekran projekcyjny Adeo 8x3m 16:9 (przód);NIE;;OK;
MODEL_SPRZETU;491;491;0200000000447;;Ekran projekcyjny Adeo 8x4,5m 16:9 (przód);Ekran projekcyjny Adeo 8x4,5m 16:9 (przód);NIE;;OK;
EGZEMPLARZ_SPRZETU;1745;491;0000000002319;1;Ekran projekcyjny Adeo 8x4,5m 16:9 (przód);Ekran projekcyjny Adeo 8x4,5m 16:9 (przód);NIE;;OK;
MODEL_SPRZETU;492;492;0200000000448;;Ekran projekcyjny Adeo 8x4,5m 16:9 (tył);Ekran projekcyjny Adeo 8x4,5m 16:9 (tył);NIE;;OK;
EGZEMPLARZ_SPRZETU;1746;492;0000000002320;1;Ekran projekcyjny Adeo 8x4,5m 16:9 (tył);Ekran projekcyjny Adeo 8x4,5m 16:9 (tył);NIE;;OK;
EGZEMPLARZ_SPRZETU;1747;492;0000000002321;2;Ekran projekcyjny Adeo 8x4,5m 16:9 (tył);Ekran projekcyjny Adeo 8x4,5m 16:9 (tył);NIE;;OK;
MODEL_SPRZETU;493;493;0200000000446;;Ekran projekcyjny Adeo 8x6m (przód);Ekran projekcyjny Adeo 8x6m (przód);NIE;;OK;
EGZEMPLARZ_SPRZETU;1743;493;0000000002318;1;Ekran projekcyjny Adeo 8x6m (przód);Ekran projekcyjny Adeo 8x6m (przód);NIE;;OK;
EGZEMPLARZ_SPRZETU;1744;493;0000000002324;2;Ekran projekcyjny Adeo 8x6m (przód);Ekran projekcyjny Adeo 8x6m (przód);NIE;;OK;
MODEL_SPRZETU;494;494;0200000000213;;Elgato Stream Deck XL;Elgato Stream Deck XL;NIE;;OK;
EGZEMPLARZ_SPRZETU;1147;494;0000000001144;1;Elgato Stream Deck XL;Elgato Stream Deck XL;NIE;;OK;
EGZEMPLARZ_SPRZETU;1148;494;0000000001460;10;Elgato Stream Deck XL;Elgato Stream Deck XL;NIE;;OK;
EGZEMPLARZ_SPRZETU;1149;494;0000000001461;11;Elgato Stream Deck XL;Elgato Stream Deck XL;NIE;;OK;
EGZEMPLARZ_SPRZETU;1150;494;0000000001462;12;Elgato Stream Deck XL;Elgato Stream Deck XL;NIE;;OK;
EGZEMPLARZ_SPRZETU;1151;494;0000000001463;13;Elgato Stream Deck XL;Elgato Stream Deck XL;NIE;;OK;
EGZEMPLARZ_SPRZETU;1152;494;0000000002527;14;Elgato Stream Deck XL;Elgato Stream Deck XL;NIE;;OK;
EGZEMPLARZ_SPRZETU;1153;494;0000000002528;15;Elgato Stream Deck XL;Elgato Stream Deck XL;NIE;;OK;
EGZEMPLARZ_SPRZETU;1154;494;0000000002529;16;Elgato Stream Deck XL;Elgato Stream Deck XL;NIE;;OK;
EGZEMPLARZ_SPRZETU;1155;494;0000000002530;17;Elgato Stream Deck XL;Elgato Stream Deck XL;NIE;;OK;
EGZEMPLARZ_SPRZETU;1156;494;0000000002531;18;Elgato Stream Deck XL;Elgato Stream Deck XL;NIE;;OK;
EGZEMPLARZ_SPRZETU;1157;494;0000000001145;2;Elgato Stream Deck XL;Elgato Stream Deck XL;NIE;;OK;
EGZEMPLARZ_SPRZETU;1158;494;0000000001146;3;Elgato Stream Deck XL;Elgato Stream Deck XL;NIE;;OK;
EGZEMPLARZ_SPRZETU;1159;494;0000000001147;4;Elgato Stream Deck XL;Elgato Stream Deck XL;NIE;;OK;
EGZEMPLARZ_SPRZETU;1160;494;0000000001148;5;Elgato Stream Deck XL;Elgato Stream Deck XL;NIE;;OK;
EGZEMPLARZ_SPRZETU;1161;494;0000000001149;6;Elgato Stream Deck XL;Elgato Stream Deck XL;NIE;;OK;
EGZEMPLARZ_SPRZETU;1162;494;0000000001337;7;Elgato Stream Deck XL;Elgato Stream Deck XL;NIE;;OK;
EGZEMPLARZ_SPRZETU;1163;494;0000000001456;8;Elgato Stream Deck XL;Elgato Stream Deck XL;NIE;;OK;
EGZEMPLARZ_SPRZETU;1164;494;0000000001459;9;Elgato Stream Deck XL;Elgato Stream Deck XL;NIE;;OK;
MODEL_SPRZETU;495;495;0000000001297;;Eurolite statyw oświetleniowy 3,4m;Eurolite statyw oświetleniowy 3,4m;NIE;;OK;
MODEL_SPRZETU;496;496;0200000000029;;Extender DVI;Extender DVI;NIE;;OK;
EGZEMPLARZ_SPRZETU;1314;496;0000000000074;1;Extender Lindy DVI;Extender Lindy DVI;NIE;;OK;
EGZEMPLARZ_SPRZETU;1315;496;0000000000075;2;Extender Lindy DVI;Extender Lindy DVI;NIE;;OK;
MODEL_SPRZETU;497;497;0200000000033;;Extender HDMI FIBER 4K;Extender HDMI FIBER 4K;NIE;;OK;
EGZEMPLARZ_SPRZETU;1356;497;0000000000782;1;Extender światłowodowy Fiber Irda;Extender światłowodowy Fiber Irda;NIE;;OK;
EGZEMPLARZ_SPRZETU;1357;497;0000000000092;1;Extender Gefen HDMI Fiber 4K EXT-UHD600-1SC;Extender Gefen HDMI Fiber 4K EXT-UHD600-1SC;NIE;;OK;
EGZEMPLARZ_SPRZETU;1358;497;0000000000783;2;Extender światłowodowy Fiber Irda;Extender światłowodowy Fiber Irda;NIE;;OK;
EGZEMPLARZ_SPRZETU;1359;497;0000000000093;2;Extender Gefen HDMI Fiber 4K EXT-UHD600-1SC;Extender Gefen HDMI Fiber 4K EXT-UHD600-1SC;NIE;;OK;
EGZEMPLARZ_SPRZETU;1360;497;0000000000094;3;Extender Gefen HDMI Fiber 4K EXT-UHD600-1SC;Extender Gefen HDMI Fiber 4K EXT-UHD600-1SC;NIE;;OK;
EGZEMPLARZ_SPRZETU;1361;497;0000000000095;4;Extender Gefen HDMI Fiber 4K EXT-UHD600-1SC;Extender Gefen HDMI Fiber 4K EXT-UHD600-1SC;NIE;;OK;
EGZEMPLARZ_SPRZETU;1362;497;0000000000096;5;Extender Gefen HDMI Fiber 4K EXT-UHD600-1SC;Extender Gefen HDMI Fiber 4K EXT-UHD600-1SC;NIE;;OK;
MODEL_SPRZETU;498;498;0200000000206;;Extender HDMI Fiber FullHD;Extender HDMI Fiber FullHD;NIE;;OK;
EGZEMPLARZ_SPRZETU;1040;498;0000000001056;1;Speaka Profesional HM ET 08 Extender fiber HDMI;Speaka Profesional HM ET 08 Extender fiber HDMI;NIE;;OK;
EGZEMPLARZ_SPRZETU;1041;498;0000000001065;10;Speaka Profesional HM ET 08 Extender fiber HDMI;Speaka Profesional HM ET 08 Extender fiber HDMI;NIE;;OK;
EGZEMPLARZ_SPRZETU;1042;498;0000000001066;11;Speaka Profesional HM ET 08 Extender fiber HDMI;Speaka Profesional HM ET 08 Extender fiber HDMI;NIE;;OK;
EGZEMPLARZ_SPRZETU;1043;498;0000000001067;12;Speaka Profesional HM ET 08 Extender fiber HDMI;Speaka Profesional HM ET 08 Extender fiber HDMI;NIE;;OK;
EGZEMPLARZ_SPRZETU;1044;498;0000000001068;13;Speaka Profesional HM ET 08 Extender fiber HDMI;Speaka Profesional HM ET 08 Extender fiber HDMI;NIE;;OK;
EGZEMPLARZ_SPRZETU;1045;498;0000000001069;14;Speaka Profesional HM ET 08 Extender fiber HDMI;Speaka Profesional HM ET 08 Extender fiber HDMI;NIE;;OK;
EGZEMPLARZ_SPRZETU;1046;498;0000000001070;15;Speaka Profesional HM ET 08 Extender fiber HDMI;Speaka Profesional HM ET 08 Extender fiber HDMI;NIE;;OK;
EGZEMPLARZ_SPRZETU;1047;498;0000000001071;16;Speaka Profesional HM ET 08 Extender fiber HDMI;Speaka Profesional HM ET 08 Extender fiber HDMI;NIE;;OK;
EGZEMPLARZ_SPRZETU;1048;498;0000000001072;17;Speaka Profesional HM ET 08 Extender fiber HDMI;Speaka Profesional HM ET 08 Extender fiber HDMI;NIE;;OK;
EGZEMPLARZ_SPRZETU;1049;498;0000000001073;18;Speaka Profesional HM ET 08 Extender fiber HDMI;Speaka Profesional HM ET 08 Extender fiber HDMI;NIE;;OK;
EGZEMPLARZ_SPRZETU;1050;498;0000000001074;19;Speaka Profesional HM ET 08 Extender fiber HDMI;Speaka Profesional HM ET 08 Extender fiber HDMI;NIE;;OK;
EGZEMPLARZ_SPRZETU;1051;498;0000000001057;2;Speaka Profesional HM ET 08 Extender fiber HDMI;Speaka Profesional HM ET 08 Extender fiber HDMI;NIE;;OK;
EGZEMPLARZ_SPRZETU;1052;498;0000000001075;20;Speaka Profesional HM ET 08 Extender fiber HDMI;Speaka Profesional HM ET 08 Extender fiber HDMI;NIE;;OK;
EGZEMPLARZ_SPRZETU;1053;498;0000000001058;3;Speaka Profesional HM ET 08 Extender fiber HDMI;Speaka Profesional HM ET 08 Extender fiber HDMI;NIE;;OK;
EGZEMPLARZ_SPRZETU;1054;498;0000000001059;4;Speaka Profesional HM ET 08 Extender fiber HDMI;Speaka Profesional HM ET 08 Extender fiber HDMI;NIE;;OK;
EGZEMPLARZ_SPRZETU;1055;498;0000000001060;5;Speaka Profesional HM ET 08 Extender fiber HDMI;Speaka Profesional HM ET 08 Extender fiber HDMI;NIE;;OK;
EGZEMPLARZ_SPRZETU;1056;498;0000000001061;6;Speaka Profesional HM ET 08 Extender fiber HDMI;Speaka Profesional HM ET 08 Extender fiber HDMI;NIE;;OK;
EGZEMPLARZ_SPRZETU;1057;498;0000000001062;7;Speaka Profesional HM ET 08 Extender fiber HDMI;Speaka Profesional HM ET 08 Extender fiber HDMI;NIE;;OK;
EGZEMPLARZ_SPRZETU;1058;498;0000000001063;8;Speaka Profesional HM ET 08 Extender fiber HDMI;Speaka Profesional HM ET 08 Extender fiber HDMI;NIE;;OK;
EGZEMPLARZ_SPRZETU;1059;498;0000000001064;9;Speaka Profesional HM ET 08 Extender fiber HDMI;Speaka Profesional HM ET 08 Extender fiber HDMI;NIE;;OK;
MODEL_SPRZETU;499;499;0200000000030;;Extender HDMI RJ45;Extender HDMI RJ45;NIE;;OK;
EGZEMPLARZ_SPRZETU;1318;499;0000000001543;1;Extender Key Digital HDMI KD-X222PO;Extender Key Digital HDMI KD-X222PO;NIE;;OK;
EGZEMPLARZ_SPRZETU;1319;499;0000000000079;1;Extender Lindy HDMI C6;Extender Lindy HDMI C6;NIE;;OK;
EGZEMPLARZ_SPRZETU;1320;499;0000000000097;1;Extender Key Digital HDMI KD-X600ProK;Extender Key Digital HDMI KD-X600ProK;NIE;;OK;
EGZEMPLARZ_SPRZETU;1321;499;0000000000080;2;Extender Lindy HDMI C6;Extender Lindy HDMI C6;NIE;;OK;
EGZEMPLARZ_SPRZETU;1322;499;0000000000098;2;Extender Key Digital HDMI KD-X600ProK;Extender Key Digital HDMI KD-X600ProK;NIE;;OK;
EGZEMPLARZ_SPRZETU;1323;499;0000000000076;3;Extender Lindy HDMI C6;Extender Lindy HDMI C6;NIE;;OK;
EGZEMPLARZ_SPRZETU;1324;499;0000000000077;4;Extender Lindy HDMI C6;Extender Lindy HDMI C6;NIE;;OK;
EGZEMPLARZ_SPRZETU;1325;499;0000000000078;5;Extender Lindy HDMI C6;Extender Lindy HDMI C6;NIE;;OK;
EGZEMPLARZ_SPRZETU;1326;499;0000000000081;6;Extender Lindy HDMI C6;Extender Lindy HDMI C6;NIE;;OK;
EGZEMPLARZ_SPRZETU;1327;499;0000000000082;7;Extender Lindy HDMI C6;Extender Lindy HDMI C6;NIE;;OK;
EGZEMPLARZ_SPRZETU;1328;499;0000000000083;8;Extender Lindy HDMI C6;Extender Lindy HDMI C6;NIE;;OK;
EGZEMPLARZ_SPRZETU;1329;499;0000000000084;9;Extender Lindy HDMI C6;Extender Lindy HDMI C6;NIE;;OK;
MODEL_SPRZETU;500;500;0200000000609;;Extender LightWare HDMI 20-OPTJ;Extender LightWare HDMI 20-OPTJ;NIE;;OK;
EGZEMPLARZ_SPRZETU;2728;500;0000000003621;1;Extender LightWare HDMI 20-OPTJ;Extender LightWare HDMI 20-OPTJ;NIE;;OK;
EGZEMPLARZ_SPRZETU;2729;500;0000000003622;2;Extender LightWare HDMI 20-OPTJ;Extender LightWare HDMI 20-OPTJ;NIE;;OK;
EGZEMPLARZ_SPRZETU;2730;500;0000000003623;3;Extender LightWare HDMI 20-OPTJ;Extender LightWare HDMI 20-OPTJ;NIE;;OK;
EGZEMPLARZ_SPRZETU;2731;500;0000000003624;4;Extender LightWare HDMI 20-OPTJ;Extender LightWare HDMI 20-OPTJ;NIE;;OK;
EGZEMPLARZ_SPRZETU;2732;500;0000000003625;5;Extender LightWare HDMI 20-OPTJ;Extender LightWare HDMI 20-OPTJ;NIE;;OK;
EGZEMPLARZ_SPRZETU;2733;500;0000000003626;6;Extender LightWare HDMI 20-OPTJ;Extender LightWare HDMI 20-OPTJ;NIE;;OK;
MODEL_SPRZETU;501;501;0200000000223;;Extender Unitek USB - RJ-45;Extender Unitek USB - RJ-45;NIE;;OK;
EGZEMPLARZ_SPRZETU;1199;501;0000000001212;1;Extender Unitek USB - RJ-45;Extender Unitek USB - RJ-45;NIE;;OK;
MODEL_SPRZETU;502;502;0000000002633;;FiberSmith Światłowód hybrydowy HDMI 100m;FiberSmith Światłowód hybrydowy HDMI 100m;NIE;;OK;
MODEL_SPRZETU;503;503;0200000000266;;Gefen Spliter HDMI EXT-UHD600-18;Gefen Spliter HDMI EXT-UHD600-18;NIE;;OK;
EGZEMPLARZ_SPRZETU;1275;503;0000000001264;1;Gefen Spliter HDMI EXT-UHD600-18;Gefen Spliter HDMI EXT-UHD600-18;NIE;;OK;
MODEL_SPRZETU;504;504;0000000002632;;Gravity Statyw mikrofonowy z okrągłą podstawą i obsługiwanym jedną ręką mechanizmem regulacji wysokości;Gravity Statyw mikrofonowy z okrągłą podstawą i obsługiwanym jedną ręką mechanizmem regulacji wysokości;NIE;;OK;
MODEL_SPRZETU;505;505;0000000001304;;Gravity przedłużka do sztycy SP2332 EXTB;Gravity przedłużka do sztycy SP2332 EXTB;NIE;;OK;
MODEL_SPRZETU;506;506;0000000001296;;Gravity statyw z podstawą;Gravity statyw z podstawą;NIE;;OK;
MODEL_SPRZETU;507;507;0200000000455;;ICYBOX;ICYBOX;NIE;;OK;
EGZEMPLARZ_SPRZETU;1751;507;0000000002366;1;ICYBOX;ICYBOX;NIE;;OK;
EGZEMPLARZ_SPRZETU;1752;507;0000000002375;10;ICYBOX;ICYBOX;NIE;;OK;
EGZEMPLARZ_SPRZETU;1753;507;0000000002376;11;ICYBOX;ICYBOX;NIE;;OK;
EGZEMPLARZ_SPRZETU;1754;507;0000000002377;12;ICYBOX;ICYBOX;NIE;;OK;
EGZEMPLARZ_SPRZETU;1755;507;0000000002378;13;ICYBOX;ICYBOX;NIE;;OK;
EGZEMPLARZ_SPRZETU;1756;507;0000000002379;14;ICYBOX;ICYBOX;NIE;;OK;
EGZEMPLARZ_SPRZETU;1757;507;0000000002380;15;ICYBOX;ICYBOX;NIE;;OK;
EGZEMPLARZ_SPRZETU;1758;507;0000000002381;16;ICYBOX;ICYBOX;NIE;;OK;
EGZEMPLARZ_SPRZETU;1759;507;0000000002382;17;ICYBOX;ICYBOX;NIE;;OK;
EGZEMPLARZ_SPRZETU;1760;507;0000000002383;18;ICYBOX;ICYBOX;NIE;;OK;
EGZEMPLARZ_SPRZETU;1761;507;0000000002384;19;ICYBOX;ICYBOX;NIE;;OK;
EGZEMPLARZ_SPRZETU;1762;507;0000000002367;2;ICYBOX;ICYBOX;NIE;;OK;
EGZEMPLARZ_SPRZETU;1763;507;0000000002385;20;ICYBOX;ICYBOX;NIE;;OK;
EGZEMPLARZ_SPRZETU;1764;507;0000000002386;21;ICYBOX;ICYBOX;NIE;;OK;
EGZEMPLARZ_SPRZETU;1765;507;0000000002387;22;ICYBOX;ICYBOX;NIE;;OK;
EGZEMPLARZ_SPRZETU;1766;507;0000000002388;23;ICYBOX;ICYBOX;NIE;;OK;
EGZEMPLARZ_SPRZETU;1767;507;0000000002389;24;ICYBOX;ICYBOX;NIE;;OK;
EGZEMPLARZ_SPRZETU;1768;507;0000000002390;25;ICYBOX;ICYBOX;NIE;;OK;
EGZEMPLARZ_SPRZETU;1769;507;0000000002391;26;ICYBOX;ICYBOX;NIE;;OK;
EGZEMPLARZ_SPRZETU;1770;507;0000000002392;27;ICYBOX;ICYBOX;NIE;;OK;
EGZEMPLARZ_SPRZETU;1771;507;0000000002393;28;ICYBOX;ICYBOX;NIE;;OK;
EGZEMPLARZ_SPRZETU;1772;507;0000000002394;29;ICYBOX;ICYBOX;NIE;;OK;
EGZEMPLARZ_SPRZETU;1773;507;0000000002368;3;ICYBOX;ICYBOX;NIE;;OK;
EGZEMPLARZ_SPRZETU;1774;507;0000000002395;30;ICYBOX;ICYBOX;NIE;;OK;
EGZEMPLARZ_SPRZETU;1775;507;0000000002396;31;ICYBOX;ICYBOX;NIE;;OK;
EGZEMPLARZ_SPRZETU;1776;507;0000000002397;32;ICYBOX;ICYBOX;NIE;;OK;
EGZEMPLARZ_SPRZETU;1777;507;0000000002398;33;ICYBOX;ICYBOX;NIE;;OK;
EGZEMPLARZ_SPRZETU;1778;507;0000000002399;34;ICYBOX;ICYBOX;NIE;;OK;
EGZEMPLARZ_SPRZETU;1779;507;0000000002400;35;ICYBOX;ICYBOX;NIE;;OK;
EGZEMPLARZ_SPRZETU;1780;507;0000000002401;36;ICYBOX;ICYBOX;NIE;;OK;
EGZEMPLARZ_SPRZETU;1781;507;0000000002402;37;ICYBOX;ICYBOX;NIE;;OK;
EGZEMPLARZ_SPRZETU;1782;507;0000000002403;38;ICYBOX;ICYBOX;NIE;;OK;
EGZEMPLARZ_SPRZETU;1783;507;0000000002404;39;ICYBOX;ICYBOX;NIE;;OK;
EGZEMPLARZ_SPRZETU;1784;507;0000000002369;4;ICYBOX;ICYBOX;NIE;;OK;
EGZEMPLARZ_SPRZETU;1785;507;0000000002405;40;ICYBOX;ICYBOX;NIE;;OK;
EGZEMPLARZ_SPRZETU;1786;507;0000000002406;41;ICYBOX;ICYBOX;NIE;;OK;
EGZEMPLARZ_SPRZETU;1787;507;0000000002407;42;ICYBOX;ICYBOX;NIE;;OK;
EGZEMPLARZ_SPRZETU;1788;507;0000000002408;43;ICYBOX;ICYBOX;NIE;;OK;
EGZEMPLARZ_SPRZETU;1789;507;0000000002409;44;ICYBOX;ICYBOX;NIE;;OK;
EGZEMPLARZ_SPRZETU;1790;507;0000000002410;45;ICYBOX;ICYBOX;NIE;;OK;
EGZEMPLARZ_SPRZETU;1791;507;0000000002411;46;ICYBOX;ICYBOX;NIE;;OK;
EGZEMPLARZ_SPRZETU;1792;507;0000000002412;47;ICYBOX;ICYBOX;NIE;;OK;
EGZEMPLARZ_SPRZETU;1793;507;0000000002413;48;ICYBOX;ICYBOX;NIE;;OK;
EGZEMPLARZ_SPRZETU;1794;507;0000000002414;49;ICYBOX;ICYBOX;NIE;;OK;
EGZEMPLARZ_SPRZETU;1795;507;0000000002370;5;ICYBOX;ICYBOX;NIE;;OK;
EGZEMPLARZ_SPRZETU;1796;507;0000000002415;50;ICYBOX;ICYBOX;NIE;;OK;
EGZEMPLARZ_SPRZETU;1797;507;0000000002416;51;ICYBOX;ICYBOX;NIE;;OK;
EGZEMPLARZ_SPRZETU;1798;507;0000000002417;52;ICYBOX;ICYBOX;NIE;;OK;
EGZEMPLARZ_SPRZETU;1799;507;0000000002418;53;ICYBOX;ICYBOX;NIE;;OK;
EGZEMPLARZ_SPRZETU;1800;507;0000000002419;54;ICYBOX;ICYBOX;NIE;;OK;
EGZEMPLARZ_SPRZETU;1801;507;0000000002420;55;ICYBOX;ICYBOX;NIE;;OK;
EGZEMPLARZ_SPRZETU;1802;507;0000000002421;56;ICYBOX;ICYBOX;NIE;;OK;
EGZEMPLARZ_SPRZETU;1803;507;0000000002422;57;ICYBOX;ICYBOX;NIE;;OK;
EGZEMPLARZ_SPRZETU;1804;507;0000000002423;58;ICYBOX;ICYBOX;NIE;;OK;
EGZEMPLARZ_SPRZETU;1805;507;0000000002510;59;ICYBOX;ICYBOX;NIE;;OK;
EGZEMPLARZ_SPRZETU;1806;507;0000000002371;6;ICYBOX;ICYBOX;NIE;;OK;
EGZEMPLARZ_SPRZETU;1807;507;0000000002511;60;ICYBOX;ICYBOX;NIE;;OK;
EGZEMPLARZ_SPRZETU;1808;507;0000000002372;7;ICYBOX;ICYBOX;NIE;;OK;
EGZEMPLARZ_SPRZETU;1809;507;0000000002373;8;ICYBOX;ICYBOX;NIE;;OK;
EGZEMPLARZ_SPRZETU;1810;507;0000000002374;9;ICYBOX;ICYBOX;NIE;;OK;
MODEL_SPRZETU;508;508;0200000000092;;Interfejs audio;Interfejs audio;NIE;;OK;
EGZEMPLARZ_SPRZETU;2944;508;0000000001314;1;Interfejs audio USB Focusrite Scarlett 4i4;Interfejs audio USB Focusrite Scarlett 4i4;NIE;;OK;
EGZEMPLARZ_SPRZETU;2945;508;0000000002748;1;Interfejs audio behringer UMC404HD;Interfejs audio behringer UMC404HD;NIE;;OK;
EGZEMPLARZ_SPRZETU;2946;508;0000000000493;1;Interfejs audio USB Focusrite Scarlett 2i2 gen 3;Interfejs audio USB Focusrite Scarlett 2i2 gen 3;NIE;;OK;
EGZEMPLARZ_SPRZETU;2947;508;0000000000502;10;Interfejs audio USB Focusrite Scarlett 2i2 gen 3;Interfejs audio USB Focusrite Scarlett 2i2 gen 3;NIE;;OK;
EGZEMPLARZ_SPRZETU;2948;508;0000000000503;11;Interfejs audio USB Focusrite Scarlett 2i2 gen 3;Interfejs audio USB Focusrite Scarlett 2i2 gen 3;NIE;;OK;
EGZEMPLARZ_SPRZETU;2949;508;0000000000504;12;Interfejs audio USB Focusrite Scarlett 2i2 gen 3;Interfejs audio USB Focusrite Scarlett 2i2 gen 3;NIE;;OK;
EGZEMPLARZ_SPRZETU;2950;508;0000000000505;13;Interfejs audio USB Focusrite Scarlett 2i2 gen 3;Interfejs audio USB Focusrite Scarlett 2i2 gen 3;NIE;;OK;
EGZEMPLARZ_SPRZETU;2951;508;0000000000506;14;Interfejs audio USB Focusrite Scarlett 2i2 gen 4;Interfejs audio USB Focusrite Scarlett 2i2 gen 4;NIE;;OK;
EGZEMPLARZ_SPRZETU;2952;508;0000000000507;15;Interfejs audio USB Focusrite Scarlett 2i2 gen 4;Interfejs audio USB Focusrite Scarlett 2i2 gen 4;NIE;;OK;
EGZEMPLARZ_SPRZETU;2953;508;0000000000508;16;Interfejs audio USB Focusrite Scarlett 2i2 gen 4;Interfejs audio USB Focusrite Scarlett 2i2 gen 4;NIE;;OK;
EGZEMPLARZ_SPRZETU;2954;508;0000000000509;17;Interfejs audio USB Focusrite Scarlett 2i2 gen 4;Interfejs audio USB Focusrite Scarlett 2i2 gen 4;NIE;;OK;
EGZEMPLARZ_SPRZETU;2955;508;0000000000510;18;Interfejs audio USB Focusrite Scarlett 2i2 gen 4;Interfejs audio USB Focusrite Scarlett 2i2 gen 4;NIE;;OK;
EGZEMPLARZ_SPRZETU;2956;508;0000000000511;19;Interfejs audio USB Focusrite Scarlett 2i2 gen 4;Interfejs audio USB Focusrite Scarlett 2i2 gen 4;NIE;;OK;
EGZEMPLARZ_SPRZETU;2957;508;0000000001315;2;Interfejs audio USB Focusrite Scarlett 4i4;Interfejs audio USB Focusrite Scarlett 4i4;NIE;;OK;
EGZEMPLARZ_SPRZETU;2958;508;0000000002749;2;Interfejs audio behringer UMC404HD;Interfejs audio behringer UMC404HD;NIE;;OK;
EGZEMPLARZ_SPRZETU;2959;508;0000000000494;2;Interfejs audio USB Focusrite Scarlett 2i2 gen 3;Interfejs audio USB Focusrite Scarlett 2i2 gen 3;NIE;;OK;
EGZEMPLARZ_SPRZETU;2960;508;0000000000512;20;Interfejs audio USB Focusrite Scarlett 2i2 gen 4;Interfejs audio USB Focusrite Scarlett 2i2 gen 4;NIE;;OK;
EGZEMPLARZ_SPRZETU;2961;508;0000000000513;21;Interfejs audio USB Focusrite Scarlett 2i2 gen 4;Interfejs audio USB Focusrite Scarlett 2i2 gen 4;NIE;;OK;
EGZEMPLARZ_SPRZETU;2962;508;0000000000514;22;Interfejs audio USB Focusrite Scarlett 2i2 gen 4;Interfejs audio USB Focusrite Scarlett 2i2 gen 4;NIE;;OK;
EGZEMPLARZ_SPRZETU;2963;508;0000000000515;23;Interfejs audio USB Focusrite Scarlett 2i2 gen 4;Interfejs audio USB Focusrite Scarlett 2i2 gen 4;NIE;;OK;
EGZEMPLARZ_SPRZETU;2964;508;0000000000516;24;Interfejs audio USB Focusrite Scarlett 2i2 gen 4;Interfejs audio USB Focusrite Scarlett 2i2 gen 4;NIE;;OK;
EGZEMPLARZ_SPRZETU;2965;508;0000000000517;25;Interfejs audio USB Focusrite Scarlett 2i2 gen 4;Interfejs audio USB Focusrite Scarlett 2i2 gen 4;NIE;;OK;
EGZEMPLARZ_SPRZETU;2966;508;0000000000518;26;Interfejs audio USB Focusrite Scarlett 2i2 gen 4;Interfejs audio USB Focusrite Scarlett 2i2 gen 4;NIE;;OK;
EGZEMPLARZ_SPRZETU;2967;508;0000000000519;27;Interfejs audio USB Focusrite Scarlett 2i2 gen 4;Interfejs audio USB Focusrite Scarlett 2i2 gen 4;NIE;;OK;
EGZEMPLARZ_SPRZETU;2968;508;0000000000520;28;Interfejs audio USB Focusrite Scarlett 2i2 gen 4;Interfejs audio USB Focusrite Scarlett 2i2 gen 4;NIE;;OK;
EGZEMPLARZ_SPRZETU;2969;508;0000000000521;29;Interfejs audio USB Focusrite Scarlett 2i2 gen 4;Interfejs audio USB Focusrite Scarlett 2i2 gen 4;NIE;;OK;
EGZEMPLARZ_SPRZETU;2970;508;0000000001316;3;Interfejs audio USB Focusrite Scarlett 4i4;Interfejs audio USB Focusrite Scarlett 4i4;NIE;;OK;
EGZEMPLARZ_SPRZETU;2971;508;0000000002750;3;Interfejs audio behringer UMC404HD;Interfejs audio behringer UMC404HD;NIE;;OK;
EGZEMPLARZ_SPRZETU;2972;508;0000000000495;3;Interfejs audio USB Focusrite Scarlett 2i2 gen 3;Interfejs audio USB Focusrite Scarlett 2i2 gen 3;NIE;;OK;
EGZEMPLARZ_SPRZETU;2973;508;0000000001453;30;Interfejs audio USB Focusrite Scarlett 2i2 gen 3;Interfejs audio USB Focusrite Scarlett 2i2 gen 3;NIE;;OK;
EGZEMPLARZ_SPRZETU;2974;508;0000000002613;31;Interfejs audio USB Focusrite Scarlett 2i2 gen 3;Interfejs audio USB Focusrite Scarlett 2i2 gen 3;NIE;;OK;
EGZEMPLARZ_SPRZETU;2975;508;0000000002614;32;Interfejs audio USB Focusrite Scarlett 2i2 gen 3;Interfejs audio USB Focusrite Scarlett 2i2 gen 3;NIE;;OK;
EGZEMPLARZ_SPRZETU;2976;508;0000000002615;33;Interfejs audio USB Focusrite Scarlett 2i2 gen 3;Interfejs audio USB Focusrite Scarlett 2i2 gen 3;NIE;;OK;
EGZEMPLARZ_SPRZETU;2977;508;0000000002616;34;Interfejs audio USB Focusrite Scarlett 2i2 gen 3;Interfejs audio USB Focusrite Scarlett 2i2 gen 3;NIE;;OK;
EGZEMPLARZ_SPRZETU;2978;508;0000000001317;4;Interfejs audio USB Focusrite Scarlett 4i4;Interfejs audio USB Focusrite Scarlett 4i4;NIE;;OK;
EGZEMPLARZ_SPRZETU;2979;508;0000000002751;4;Interfejs audio behringer UMC404HD;Interfejs audio behringer UMC404HD;NIE;;OK;
EGZEMPLARZ_SPRZETU;2980;508;0000000000496;4;Interfejs audio USB Focusrite Scarlett 2i2 gen 3;Interfejs audio USB Focusrite Scarlett 2i2 gen 3;NIE;;OK;
EGZEMPLARZ_SPRZETU;2981;508;0000000001318;5;Interfejs audio USB Focusrite Scarlett 4i4;Interfejs audio USB Focusrite Scarlett 4i4;NIE;;OK;
EGZEMPLARZ_SPRZETU;2982;508;0000000002752;5;Interfejs audio behringer UMC404HD;Interfejs audio behringer UMC404HD;NIE;;OK;
EGZEMPLARZ_SPRZETU;2983;508;0000000000497;5;Interfejs audio USB Focusrite Scarlett 2i2 gen 3;Interfejs audio USB Focusrite Scarlett 2i2 gen 3;NIE;;OK;
EGZEMPLARZ_SPRZETU;2984;508;0000000001319;6;Interfejs audio USB Focusrite Scarlett 4i4;Interfejs audio USB Focusrite Scarlett 4i4;NIE;;OK;
EGZEMPLARZ_SPRZETU;2985;508;0000000002753;6;Interfejs audio behringer UMC404HD;Interfejs audio behringer UMC404HD;NIE;;OK;
EGZEMPLARZ_SPRZETU;2986;508;0000000000498;6;Interfejs audio USB Focusrite Scarlett 2i2 gen 3;Interfejs audio USB Focusrite Scarlett 2i2 gen 3;NIE;;OK;
EGZEMPLARZ_SPRZETU;2987;508;0000000002301;7;Interfejs audio USB Focusrite Scarlett 4i4;Interfejs audio USB Focusrite Scarlett 4i4;NIE;;OK;
EGZEMPLARZ_SPRZETU;2988;508;0000000000499;7;Interfejs audio USB Focusrite Scarlett 2i2 gen 3;Interfejs audio USB Focusrite Scarlett 2i2 gen 3;NIE;;OK;
EGZEMPLARZ_SPRZETU;2989;508;0000000000500;8;Interfejs audio USB Focusrite Scarlett 2i2 gen 3;Interfejs audio USB Focusrite Scarlett 2i2 gen 3;NIE;;OK;
EGZEMPLARZ_SPRZETU;2990;508;0000000000501;9;Interfejs audio USB Focusrite Scarlett 2i2 gen 3;Interfejs audio USB Focusrite Scarlett 2i2 gen 3;NIE;;OK;
MODEL_SPRZETU;509;509;0200000000430;;Ipad 10,9 10gen 64 Gb;Ipad 10,9 10gen 64 Gb;NIE;;OK;
EGZEMPLARZ_SPRZETU;1718;509;0000000001802;1;Ipad 10,9 10gen 64 Gb;Ipad 10,9 10gen 64 Gb;NIE;;OK;
EGZEMPLARZ_SPRZETU;1719;509;0000000001804;2;Ipad 10,9 10gen 64 Gb;Ipad 10,9 10gen 64 Gb;NIE;;OK;
MODEL_SPRZETU;510;510;0200000000428;;Ipad AIR 2 64Gb;Ipad AIR 2 64Gb;NIE;;OK;
EGZEMPLARZ_SPRZETU;1715;510;0000000001800;1;Ipad AIR 2 64Gb;Ipad AIR 2 64Gb;NIE;;OK;
MODEL_SPRZETU;511;511;0200000000693;;JBL powered studio monitor 306P MkII;JBL powered studio monitor 306P MkII;NIE;;OK;
EGZEMPLARZ_SPRZETU;2775;511;0000000003733;1;JBL powered studio monitor 306P MkII;JBL powered studio monitor 306P MkII;NIE;;OK;
EGZEMPLARZ_SPRZETU;2776;511;0000000003734;2;JBL powered studio monitor 306P MkII;JBL powered studio monitor 306P MkII;NIE;;OK;
MODEL_SPRZETU;512;512;0200000000178;;Jednostka centralna Integrus Digital Bosch INT-TX04;Jednostka centralna Integrus Digital Bosch INT-TX04;NIE;;OK;
EGZEMPLARZ_SPRZETU;949;512;0000000000979;1;Jednostka centralna Integrus Digital Bosch INT-TX04;Jednostka centralna Integrus Digital Bosch INT-TX04;NIE;;OK;
MODEL_SPRZETU;513;513;0000000002634;;K&M 29375 podstawa mikrofonu na gęsiej szyi z włącznikiem;K&M 29375 podstawa mikrofonu na gęsiej szyi z włącznikiem;NIE;;OK;
MODEL_SPRZETU;514;514;0200000000247;;K&M Statyw korbowy 4m;K&M Statyw korbowy 4m;NIE;;OK;
EGZEMPLARZ_SPRZETU;1245;514;0000000001223;1;K&M Statyw korbowy 4m;K&M Statyw korbowy 4m;NIE;;OK;
EGZEMPLARZ_SPRZETU;1246;514;0000000001224;2;K&M Statyw korbowy 4m;K&M Statyw korbowy 4m;NIE;;OK;
EGZEMPLARZ_SPRZETU;1247;514;0000000001225;3;K&M Statyw korbowy 4m;K&M Statyw korbowy 4m;NIE;;OK;
EGZEMPLARZ_SPRZETU;1248;514;0000000001226;4;K&M Statyw korbowy 4m;K&M Statyw korbowy 4m;NIE;;OK;
EGZEMPLARZ_SPRZETU;1249;514;0000000001227;5;K&M Statyw korbowy 4m;K&M Statyw korbowy 4m;NIE;;OK;
EGZEMPLARZ_SPRZETU;1250;514;0000000001228;6;K&M Statyw korbowy 4m;K&M Statyw korbowy 4m;NIE;;OK;
MODEL_SPRZETU;515;515;0200000000568;;KABINET ABSEN FL2.5 FLEX;KABINET ABSEN FL2.5 FLEX;NIE;;OK;
EGZEMPLARZ_SPRZETU;2047;515;0000000002928;1;KABINET ABSEN FL2.5 FLEX;KABINET ABSEN FL2.5 FLEX;NIE;;OK;
EGZEMPLARZ_SPRZETU;2048;515;0000000002937;10;KABINET ABSEN FL2.5 FLEX;KABINET ABSEN FL2.5 FLEX;NIE;;OK;
EGZEMPLARZ_SPRZETU;2049;515;0000000003027;100;KABINET ABSEN FL2.5 FLEX;KABINET ABSEN FL2.5 FLEX;NIE;;OK;
EGZEMPLARZ_SPRZETU;2050;515;0000000003028;101;KABINET ABSEN FL2.5 FLEX;KABINET ABSEN FL2.5 FLEX;NIE;;OK;
EGZEMPLARZ_SPRZETU;2051;515;0000000003029;102;KABINET ABSEN FL2.5 FLEX;KABINET ABSEN FL2.5 FLEX;NIE;;OK;
EGZEMPLARZ_SPRZETU;2052;515;0000000003030;103;KABINET ABSEN FL2.5 FLEX;KABINET ABSEN FL2.5 FLEX;NIE;;OK;
EGZEMPLARZ_SPRZETU;2053;515;0000000003031;104;KABINET ABSEN FL2.5 FLEX;KABINET ABSEN FL2.5 FLEX;NIE;;OK;
EGZEMPLARZ_SPRZETU;2054;515;0000000003032;105;KABINET ABSEN FL2.5 FLEX;KABINET ABSEN FL2.5 FLEX;NIE;;OK;
EGZEMPLARZ_SPRZETU;2055;515;0000000003033;106;KABINET ABSEN FL2.5 FLEX;KABINET ABSEN FL2.5 FLEX;NIE;;OK;
EGZEMPLARZ_SPRZETU;2056;515;0000000003034;107;KABINET ABSEN FL2.5 FLEX;KABINET ABSEN FL2.5 FLEX;NIE;;OK;
EGZEMPLARZ_SPRZETU;2057;515;0000000003035;108;KABINET ABSEN FL2.5 FLEX;KABINET ABSEN FL2.5 FLEX;NIE;;OK;
EGZEMPLARZ_SPRZETU;2058;515;0000000003036;109;KABINET ABSEN FL2.5 FLEX;KABINET ABSEN FL2.5 FLEX;NIE;;OK;
EGZEMPLARZ_SPRZETU;2059;515;0000000002938;11;KABINET ABSEN FL2.5 FLEX;KABINET ABSEN FL2.5 FLEX;NIE;;OK;
EGZEMPLARZ_SPRZETU;2060;515;0000000003037;110;KABINET ABSEN FL2.5 FLEX;KABINET ABSEN FL2.5 FLEX;NIE;;OK;
EGZEMPLARZ_SPRZETU;2061;515;0000000003038;111;KABINET ABSEN FL2.5 FLEX;KABINET ABSEN FL2.5 FLEX;NIE;;OK;
EGZEMPLARZ_SPRZETU;2062;515;0000000003039;112;KABINET ABSEN FL2.5 FLEX;KABINET ABSEN FL2.5 FLEX;NIE;;OK;
EGZEMPLARZ_SPRZETU;2063;515;0000000003040;113;KABINET ABSEN FL2.5 FLEX;KABINET ABSEN FL2.5 FLEX;NIE;;OK;
EGZEMPLARZ_SPRZETU;2064;515;0000000003041;114;KABINET ABSEN FL2.5 FLEX;KABINET ABSEN FL2.5 FLEX;NIE;;OK;
EGZEMPLARZ_SPRZETU;2065;515;0000000003042;115;KABINET ABSEN FL2.5 FLEX;KABINET ABSEN FL2.5 FLEX;NIE;;OK;
EGZEMPLARZ_SPRZETU;2066;515;0000000003043;116;KABINET ABSEN FL2.5 FLEX;KABINET ABSEN FL2.5 FLEX;NIE;;OK;
EGZEMPLARZ_SPRZETU;2067;515;0000000003044;117;KABINET ABSEN FL2.5 FLEX;KABINET ABSEN FL2.5 FLEX;NIE;;OK;
EGZEMPLARZ_SPRZETU;2068;515;0000000003045;118;KABINET ABSEN FL2.5 FLEX;KABINET ABSEN FL2.5 FLEX;NIE;;OK;
EGZEMPLARZ_SPRZETU;2069;515;0000000003046;119;KABINET ABSEN FL2.5 FLEX;KABINET ABSEN FL2.5 FLEX;NIE;;OK;
EGZEMPLARZ_SPRZETU;2070;515;0000000002939;12;KABINET ABSEN FL2.5 FLEX;KABINET ABSEN FL2.5 FLEX;NIE;;OK;
EGZEMPLARZ_SPRZETU;2071;515;0000000003047;120;KABINET ABSEN FL2.5 FLEX;KABINET ABSEN FL2.5 FLEX;NIE;;OK;
EGZEMPLARZ_SPRZETU;2072;515;0000000002940;13;KABINET ABSEN FL2.5 FLEX;KABINET ABSEN FL2.5 FLEX;NIE;;OK;
EGZEMPLARZ_SPRZETU;2073;515;0000000002941;14;KABINET ABSEN FL2.5 FLEX;KABINET ABSEN FL2.5 FLEX;NIE;;OK;
EGZEMPLARZ_SPRZETU;2074;515;0000000002942;15;KABINET ABSEN FL2.5 FLEX;KABINET ABSEN FL2.5 FLEX;NIE;;OK;
EGZEMPLARZ_SPRZETU;2075;515;0000000002943;16;KABINET ABSEN FL2.5 FLEX;KABINET ABSEN FL2.5 FLEX;NIE;;OK;
EGZEMPLARZ_SPRZETU;2076;515;0000000002944;17;KABINET ABSEN FL2.5 FLEX;KABINET ABSEN FL2.5 FLEX;NIE;;OK;
EGZEMPLARZ_SPRZETU;2077;515;0000000002945;18;KABINET ABSEN FL2.5 FLEX;KABINET ABSEN FL2.5 FLEX;NIE;;OK;
EGZEMPLARZ_SPRZETU;2078;515;0000000002946;19;KABINET ABSEN FL2.5 FLEX;KABINET ABSEN FL2.5 FLEX;NIE;;OK;
EGZEMPLARZ_SPRZETU;2079;515;0000000002929;2;KABINET ABSEN FL2.5 FLEX;KABINET ABSEN FL2.5 FLEX;NIE;;OK;
EGZEMPLARZ_SPRZETU;2080;515;0000000002947;20;KABINET ABSEN FL2.5 FLEX;KABINET ABSEN FL2.5 FLEX;NIE;;OK;
EGZEMPLARZ_SPRZETU;2081;515;0000000002948;21;KABINET ABSEN FL2.5 FLEX;KABINET ABSEN FL2.5 FLEX;NIE;;OK;
EGZEMPLARZ_SPRZETU;2082;515;0000000002949;22;KABINET ABSEN FL2.5 FLEX;KABINET ABSEN FL2.5 FLEX;NIE;;OK;
EGZEMPLARZ_SPRZETU;2083;515;0000000002950;23;KABINET ABSEN FL2.5 FLEX;KABINET ABSEN FL2.5 FLEX;NIE;;OK;
EGZEMPLARZ_SPRZETU;2084;515;0000000002951;24;KABINET ABSEN FL2.5 FLEX;KABINET ABSEN FL2.5 FLEX;NIE;;OK;
EGZEMPLARZ_SPRZETU;2085;515;0000000002952;25;KABINET ABSEN FL2.5 FLEX;KABINET ABSEN FL2.5 FLEX;NIE;;OK;
EGZEMPLARZ_SPRZETU;2086;515;0000000002953;26;KABINET ABSEN FL2.5 FLEX;KABINET ABSEN FL2.5 FLEX;NIE;;OK;
EGZEMPLARZ_SPRZETU;2087;515;0000000002954;27;KABINET ABSEN FL2.5 FLEX;KABINET ABSEN FL2.5 FLEX;NIE;;OK;
EGZEMPLARZ_SPRZETU;2088;515;0000000002955;28;KABINET ABSEN FL2.5 FLEX;KABINET ABSEN FL2.5 FLEX;NIE;;OK;
EGZEMPLARZ_SPRZETU;2089;515;0000000002956;29;KABINET ABSEN FL2.5 FLEX;KABINET ABSEN FL2.5 FLEX;NIE;;OK;
EGZEMPLARZ_SPRZETU;2090;515;0000000002930;3;KABINET ABSEN FL2.5 FLEX;KABINET ABSEN FL2.5 FLEX;NIE;;OK;
EGZEMPLARZ_SPRZETU;2091;515;0000000002957;30;KABINET ABSEN FL2.5 FLEX;KABINET ABSEN FL2.5 FLEX;NIE;;OK;
EGZEMPLARZ_SPRZETU;2092;515;0000000002958;31;KABINET ABSEN FL2.5 FLEX;KABINET ABSEN FL2.5 FLEX;NIE;;OK;
EGZEMPLARZ_SPRZETU;2093;515;0000000002959;32;KABINET ABSEN FL2.5 FLEX;KABINET ABSEN FL2.5 FLEX;NIE;;OK;
EGZEMPLARZ_SPRZETU;2094;515;0000000002960;33;KABINET ABSEN FL2.5 FLEX;KABINET ABSEN FL2.5 FLEX;NIE;;OK;
EGZEMPLARZ_SPRZETU;2095;515;0000000002961;34;KABINET ABSEN FL2.5 FLEX;KABINET ABSEN FL2.5 FLEX;NIE;;OK;
EGZEMPLARZ_SPRZETU;2096;515;0000000002962;35;KABINET ABSEN FL2.5 FLEX;KABINET ABSEN FL2.5 FLEX;NIE;;OK;
EGZEMPLARZ_SPRZETU;2097;515;0000000002963;36;KABINET ABSEN FL2.5 FLEX;KABINET ABSEN FL2.5 FLEX;NIE;;OK;
EGZEMPLARZ_SPRZETU;2098;515;0000000002964;37;KABINET ABSEN FL2.5 FLEX;KABINET ABSEN FL2.5 FLEX;NIE;;OK;
EGZEMPLARZ_SPRZETU;2099;515;0000000002965;38;KABINET ABSEN FL2.5 FLEX;KABINET ABSEN FL2.5 FLEX;NIE;;OK;
EGZEMPLARZ_SPRZETU;2100;515;0000000002966;39;KABINET ABSEN FL2.5 FLEX;KABINET ABSEN FL2.5 FLEX;NIE;;OK;
EGZEMPLARZ_SPRZETU;2101;515;0000000002931;4;KABINET ABSEN FL2.5 FLEX;KABINET ABSEN FL2.5 FLEX;NIE;;OK;
EGZEMPLARZ_SPRZETU;2102;515;0000000002967;40;KABINET ABSEN FL2.5 FLEX;KABINET ABSEN FL2.5 FLEX;NIE;;OK;
EGZEMPLARZ_SPRZETU;2103;515;0000000002968;41;KABINET ABSEN FL2.5 FLEX;KABINET ABSEN FL2.5 FLEX;NIE;;OK;
EGZEMPLARZ_SPRZETU;2104;515;0000000002969;42;KABINET ABSEN FL2.5 FLEX;KABINET ABSEN FL2.5 FLEX;NIE;;OK;
EGZEMPLARZ_SPRZETU;2105;515;0000000002970;43;KABINET ABSEN FL2.5 FLEX;KABINET ABSEN FL2.5 FLEX;NIE;;OK;
EGZEMPLARZ_SPRZETU;2106;515;0000000002971;44;KABINET ABSEN FL2.5 FLEX;KABINET ABSEN FL2.5 FLEX;NIE;;OK;
EGZEMPLARZ_SPRZETU;2107;515;0000000002972;45;KABINET ABSEN FL2.5 FLEX;KABINET ABSEN FL2.5 FLEX;NIE;;OK;
EGZEMPLARZ_SPRZETU;2108;515;0000000002973;46;KABINET ABSEN FL2.5 FLEX;KABINET ABSEN FL2.5 FLEX;NIE;;OK;
EGZEMPLARZ_SPRZETU;2109;515;0000000002974;47;KABINET ABSEN FL2.5 FLEX;KABINET ABSEN FL2.5 FLEX;NIE;;OK;
EGZEMPLARZ_SPRZETU;2110;515;0000000002975;48;KABINET ABSEN FL2.5 FLEX;KABINET ABSEN FL2.5 FLEX;NIE;;OK;
EGZEMPLARZ_SPRZETU;2111;515;0000000002976;49;KABINET ABSEN FL2.5 FLEX;KABINET ABSEN FL2.5 FLEX;NIE;;OK;
EGZEMPLARZ_SPRZETU;2112;515;0000000002932;5;KABINET ABSEN FL2.5 FLEX;KABINET ABSEN FL2.5 FLEX;NIE;;OK;
EGZEMPLARZ_SPRZETU;2113;515;0000000002977;50;KABINET ABSEN FL2.5 FLEX;KABINET ABSEN FL2.5 FLEX;NIE;;OK;
EGZEMPLARZ_SPRZETU;2114;515;0000000002978;51;KABINET ABSEN FL2.5 FLEX;KABINET ABSEN FL2.5 FLEX;NIE;;OK;
EGZEMPLARZ_SPRZETU;2115;515;0000000002979;52;KABINET ABSEN FL2.5 FLEX;KABINET ABSEN FL2.5 FLEX;NIE;;OK;
EGZEMPLARZ_SPRZETU;2116;515;0000000002980;53;KABINET ABSEN FL2.5 FLEX;KABINET ABSEN FL2.5 FLEX;NIE;;OK;
EGZEMPLARZ_SPRZETU;2117;515;0000000002981;54;KABINET ABSEN FL2.5 FLEX;KABINET ABSEN FL2.5 FLEX;NIE;;OK;
EGZEMPLARZ_SPRZETU;2118;515;0000000002982;55;KABINET ABSEN FL2.5 FLEX;KABINET ABSEN FL2.5 FLEX;NIE;;OK;
EGZEMPLARZ_SPRZETU;2119;515;0000000002983;56;KABINET ABSEN FL2.5 FLEX;KABINET ABSEN FL2.5 FLEX;NIE;;OK;
EGZEMPLARZ_SPRZETU;2120;515;0000000002984;57;KABINET ABSEN FL2.5 FLEX;KABINET ABSEN FL2.5 FLEX;NIE;;OK;
EGZEMPLARZ_SPRZETU;2121;515;0000000002985;58;KABINET ABSEN FL2.5 FLEX;KABINET ABSEN FL2.5 FLEX;NIE;;OK;
EGZEMPLARZ_SPRZETU;2122;515;0000000002986;59;KABINET ABSEN FL2.5 FLEX;KABINET ABSEN FL2.5 FLEX;NIE;;OK;
EGZEMPLARZ_SPRZETU;2123;515;0000000002933;6;KABINET ABSEN FL2.5 FLEX;KABINET ABSEN FL2.5 FLEX;NIE;;OK;
EGZEMPLARZ_SPRZETU;2124;515;0000000002987;60;KABINET ABSEN FL2.5 FLEX;KABINET ABSEN FL2.5 FLEX;NIE;;OK;
EGZEMPLARZ_SPRZETU;2125;515;0000000002988;61;KABINET ABSEN FL2.5 FLEX;KABINET ABSEN FL2.5 FLEX;NIE;;OK;
EGZEMPLARZ_SPRZETU;2126;515;0000000002989;62;KABINET ABSEN FL2.5 FLEX;KABINET ABSEN FL2.5 FLEX;NIE;;OK;
EGZEMPLARZ_SPRZETU;2127;515;0000000002990;63;KABINET ABSEN FL2.5 FLEX;KABINET ABSEN FL2.5 FLEX;NIE;;OK;
EGZEMPLARZ_SPRZETU;2128;515;0000000002991;64;KABINET ABSEN FL2.5 FLEX;KABINET ABSEN FL2.5 FLEX;NIE;;OK;
EGZEMPLARZ_SPRZETU;2129;515;0000000002992;65;KABINET ABSEN FL2.5 FLEX;KABINET ABSEN FL2.5 FLEX;NIE;;OK;
EGZEMPLARZ_SPRZETU;2130;515;0000000002993;66;KABINET ABSEN FL2.5 FLEX;KABINET ABSEN FL2.5 FLEX;NIE;;OK;
EGZEMPLARZ_SPRZETU;2131;515;0000000002994;67;KABINET ABSEN FL2.5 FLEX;KABINET ABSEN FL2.5 FLEX;NIE;;OK;
EGZEMPLARZ_SPRZETU;2132;515;0000000002995;68;KABINET ABSEN FL2.5 FLEX;KABINET ABSEN FL2.5 FLEX;NIE;;OK;
EGZEMPLARZ_SPRZETU;2133;515;0000000002996;69;KABINET ABSEN FL2.5 FLEX;KABINET ABSEN FL2.5 FLEX;NIE;;OK;
EGZEMPLARZ_SPRZETU;2134;515;0000000002934;7;KABINET ABSEN FL2.5 FLEX;KABINET ABSEN FL2.5 FLEX;NIE;;OK;
EGZEMPLARZ_SPRZETU;2135;515;0000000002997;70;KABINET ABSEN FL2.5 FLEX;KABINET ABSEN FL2.5 FLEX;NIE;;OK;
EGZEMPLARZ_SPRZETU;2136;515;0000000002998;71;KABINET ABSEN FL2.5 FLEX;KABINET ABSEN FL2.5 FLEX;NIE;;OK;
EGZEMPLARZ_SPRZETU;2137;515;0000000002999;72;KABINET ABSEN FL2.5 FLEX;KABINET ABSEN FL2.5 FLEX;NIE;;OK;
EGZEMPLARZ_SPRZETU;2138;515;0000000003000;73;KABINET ABSEN FL2.5 FLEX;KABINET ABSEN FL2.5 FLEX;NIE;;OK;
EGZEMPLARZ_SPRZETU;2139;515;0000000003001;74;KABINET ABSEN FL2.5 FLEX;KABINET ABSEN FL2.5 FLEX;NIE;;OK;
EGZEMPLARZ_SPRZETU;2140;515;0000000003002;75;KABINET ABSEN FL2.5 FLEX;KABINET ABSEN FL2.5 FLEX;NIE;;OK;
EGZEMPLARZ_SPRZETU;2141;515;0000000003003;76;KABINET ABSEN FL2.5 FLEX;KABINET ABSEN FL2.5 FLEX;NIE;;OK;
EGZEMPLARZ_SPRZETU;2142;515;0000000003004;77;KABINET ABSEN FL2.5 FLEX;KABINET ABSEN FL2.5 FLEX;NIE;;OK;
EGZEMPLARZ_SPRZETU;2143;515;0000000003005;78;KABINET ABSEN FL2.5 FLEX;KABINET ABSEN FL2.5 FLEX;NIE;;OK;
EGZEMPLARZ_SPRZETU;2144;515;0000000003006;79;KABINET ABSEN FL2.5 FLEX;KABINET ABSEN FL2.5 FLEX;NIE;;OK;
EGZEMPLARZ_SPRZETU;2145;515;0000000002935;8;KABINET ABSEN FL2.5 FLEX;KABINET ABSEN FL2.5 FLEX;NIE;;OK;
EGZEMPLARZ_SPRZETU;2146;515;0000000003007;80;KABINET ABSEN FL2.5 FLEX;KABINET ABSEN FL2.5 FLEX;NIE;;OK;
EGZEMPLARZ_SPRZETU;2147;515;0000000003008;81;KABINET ABSEN FL2.5 FLEX;KABINET ABSEN FL2.5 FLEX;NIE;;OK;
EGZEMPLARZ_SPRZETU;2148;515;0000000003009;82;KABINET ABSEN FL2.5 FLEX;KABINET ABSEN FL2.5 FLEX;NIE;;OK;
EGZEMPLARZ_SPRZETU;2149;515;0000000003010;83;KABINET ABSEN FL2.5 FLEX;KABINET ABSEN FL2.5 FLEX;NIE;;OK;
EGZEMPLARZ_SPRZETU;2150;515;0000000003011;84;KABINET ABSEN FL2.5 FLEX;KABINET ABSEN FL2.5 FLEX;NIE;;OK;
EGZEMPLARZ_SPRZETU;2151;515;0000000003012;85;KABINET ABSEN FL2.5 FLEX;KABINET ABSEN FL2.5 FLEX;NIE;;OK;
EGZEMPLARZ_SPRZETU;2152;515;0000000003013;86;KABINET ABSEN FL2.5 FLEX;KABINET ABSEN FL2.5 FLEX;NIE;;OK;
EGZEMPLARZ_SPRZETU;2153;515;0000000003014;87;KABINET ABSEN FL2.5 FLEX;KABINET ABSEN FL2.5 FLEX;NIE;;OK;
EGZEMPLARZ_SPRZETU;2154;515;0000000003015;88;KABINET ABSEN FL2.5 FLEX;KABINET ABSEN FL2.5 FLEX;NIE;;OK;
EGZEMPLARZ_SPRZETU;2155;515;0000000003016;89;KABINET ABSEN FL2.5 FLEX;KABINET ABSEN FL2.5 FLEX;NIE;;OK;
EGZEMPLARZ_SPRZETU;2156;515;0000000002936;9;KABINET ABSEN FL2.5 FLEX;KABINET ABSEN FL2.5 FLEX;NIE;;OK;
EGZEMPLARZ_SPRZETU;2157;515;0000000003017;90;KABINET ABSEN FL2.5 FLEX;KABINET ABSEN FL2.5 FLEX;NIE;;OK;
EGZEMPLARZ_SPRZETU;2158;515;0000000003018;91;KABINET ABSEN FL2.5 FLEX;KABINET ABSEN FL2.5 FLEX;NIE;;OK;
EGZEMPLARZ_SPRZETU;2159;515;0000000003019;92;KABINET ABSEN FL2.5 FLEX;KABINET ABSEN FL2.5 FLEX;NIE;;OK;
EGZEMPLARZ_SPRZETU;2160;515;0000000003020;93;KABINET ABSEN FL2.5 FLEX;KABINET ABSEN FL2.5 FLEX;NIE;;OK;
EGZEMPLARZ_SPRZETU;2161;515;0000000003021;94;KABINET ABSEN FL2.5 FLEX;KABINET ABSEN FL2.5 FLEX;NIE;;OK;
EGZEMPLARZ_SPRZETU;2162;515;0000000003022;95;KABINET ABSEN FL2.5 FLEX;KABINET ABSEN FL2.5 FLEX;NIE;;OK;
EGZEMPLARZ_SPRZETU;2163;515;0000000003023;96;KABINET ABSEN FL2.5 FLEX;KABINET ABSEN FL2.5 FLEX;NIE;;OK;
EGZEMPLARZ_SPRZETU;2164;515;0000000003024;97;KABINET ABSEN FL2.5 FLEX;KABINET ABSEN FL2.5 FLEX;NIE;;OK;
EGZEMPLARZ_SPRZETU;2165;515;0000000003025;98;KABINET ABSEN FL2.5 FLEX;KABINET ABSEN FL2.5 FLEX;NIE;;OK;
EGZEMPLARZ_SPRZETU;2166;515;0000000003026;99;KABINET ABSEN FL2.5 FLEX;KABINET ABSEN FL2.5 FLEX;NIE;;OK;
MODEL_SPRZETU;516;516;0000000003652;;KABINET ABSEN NT3.9W V2 0,5 x 0,5m;KABINET ABSEN NT3.9W V2 0,5 x 0,5m;NIE;;OK;
MODEL_SPRZETU;517;517;0000000003651;;KABINET ABSEN NT3.9W V2 0,5 x 1m;KABINET ABSEN NT3.9W V2 0,5 x 1m;NIE;;OK;
MODEL_SPRZETU;518;518;0200000000569;;KABINET ABSEN PL2.5;KABINET ABSEN PL2.5;NIE;;OK;
EGZEMPLARZ_SPRZETU;2167;518;0000000003048;1;KABINET ABSEN PL2.5;KABINET ABSEN PL2.5;NIE;;OK;
EGZEMPLARZ_SPRZETU;2168;518;0000000003057;10;KABINET ABSEN PL2.5;KABINET ABSEN PL2.5;NIE;;OK;
EGZEMPLARZ_SPRZETU;2169;518;0000000003147;100;KABINET ABSEN PL2.5;KABINET ABSEN PL2.5;NIE;;OK;
EGZEMPLARZ_SPRZETU;2170;518;0000000003148;101;KABINET ABSEN PL2.5;KABINET ABSEN PL2.5;NIE;;OK;
EGZEMPLARZ_SPRZETU;2171;518;0000000003149;102;KABINET ABSEN PL2.5;KABINET ABSEN PL2.5;NIE;;OK;
EGZEMPLARZ_SPRZETU;2172;518;0000000003150;103;KABINET ABSEN PL2.5;KABINET ABSEN PL2.5;NIE;;OK;
EGZEMPLARZ_SPRZETU;2173;518;0000000003151;104;KABINET ABSEN PL2.5;KABINET ABSEN PL2.5;NIE;;OK;
EGZEMPLARZ_SPRZETU;2174;518;0000000003152;105;KABINET ABSEN PL2.5;KABINET ABSEN PL2.5;NIE;;OK;
EGZEMPLARZ_SPRZETU;2175;518;0000000003153;106;KABINET ABSEN PL2.5;KABINET ABSEN PL2.5;NIE;;OK;
EGZEMPLARZ_SPRZETU;2176;518;0000000003154;107;KABINET ABSEN PL2.5;KABINET ABSEN PL2.5;NIE;;OK;
EGZEMPLARZ_SPRZETU;2177;518;0000000003155;108;KABINET ABSEN PL2.5;KABINET ABSEN PL2.5;NIE;;OK;
EGZEMPLARZ_SPRZETU;2178;518;0000000003156;109;KABINET ABSEN PL2.5;KABINET ABSEN PL2.5;NIE;;OK;
EGZEMPLARZ_SPRZETU;2179;518;0000000003058;11;KABINET ABSEN PL2.5;KABINET ABSEN PL2.5;NIE;;OK;
EGZEMPLARZ_SPRZETU;2180;518;0000000003157;110;KABINET ABSEN PL2.5;KABINET ABSEN PL2.5;NIE;;OK;
EGZEMPLARZ_SPRZETU;2181;518;0000000003158;111;KABINET ABSEN PL2.5;KABINET ABSEN PL2.5;NIE;;OK;
EGZEMPLARZ_SPRZETU;2182;518;0000000003159;112;KABINET ABSEN PL2.5;KABINET ABSEN PL2.5;NIE;;OK;
EGZEMPLARZ_SPRZETU;2183;518;0000000003160;113;KABINET ABSEN PL2.5;KABINET ABSEN PL2.5;NIE;;OK;
EGZEMPLARZ_SPRZETU;2184;518;0000000003161;114;KABINET ABSEN PL2.5;KABINET ABSEN PL2.5;NIE;;OK;
EGZEMPLARZ_SPRZETU;2185;518;0000000003162;115;KABINET ABSEN PL2.5;KABINET ABSEN PL2.5;NIE;;OK;
EGZEMPLARZ_SPRZETU;2186;518;0000000003163;116;KABINET ABSEN PL2.5;KABINET ABSEN PL2.5;NIE;;OK;
EGZEMPLARZ_SPRZETU;2187;518;0000000003164;117;KABINET ABSEN PL2.5;KABINET ABSEN PL2.5;NIE;;OK;
EGZEMPLARZ_SPRZETU;2188;518;0000000003165;118;KABINET ABSEN PL2.5;KABINET ABSEN PL2.5;NIE;;OK;
EGZEMPLARZ_SPRZETU;2189;518;0000000003166;119;KABINET ABSEN PL2.5;KABINET ABSEN PL2.5;NIE;;OK;
EGZEMPLARZ_SPRZETU;2190;518;0000000003059;12;KABINET ABSEN PL2.5;KABINET ABSEN PL2.5;NIE;;OK;
EGZEMPLARZ_SPRZETU;2191;518;0000000003167;120;KABINET ABSEN PL2.5;KABINET ABSEN PL2.5;NIE;;OK;
EGZEMPLARZ_SPRZETU;2192;518;0000000003168;121;KABINET ABSEN PL2.5;KABINET ABSEN PL2.5;NIE;;OK;
EGZEMPLARZ_SPRZETU;2193;518;0000000003169;122;KABINET ABSEN PL2.5;KABINET ABSEN PL2.5;NIE;;OK;
EGZEMPLARZ_SPRZETU;2194;518;0000000003170;123;KABINET ABSEN PL2.5;KABINET ABSEN PL2.5;NIE;;OK;
EGZEMPLARZ_SPRZETU;2195;518;0000000003171;124;KABINET ABSEN PL2.5;KABINET ABSEN PL2.5;NIE;;OK;
EGZEMPLARZ_SPRZETU;2196;518;0000000003172;125;KABINET ABSEN PL2.5;KABINET ABSEN PL2.5;NIE;;OK;
EGZEMPLARZ_SPRZETU;2197;518;0000000003173;126;KABINET ABSEN PL2.5;KABINET ABSEN PL2.5;NIE;;OK;
EGZEMPLARZ_SPRZETU;2198;518;0000000003174;127;KABINET ABSEN PL2.5;KABINET ABSEN PL2.5;NIE;;OK;
EGZEMPLARZ_SPRZETU;2199;518;0000000003175;128;KABINET ABSEN PL2.5;KABINET ABSEN PL2.5;NIE;;OK;
EGZEMPLARZ_SPRZETU;2200;518;0000000003176;129;KABINET ABSEN PL2.5;KABINET ABSEN PL2.5;NIE;;OK;
EGZEMPLARZ_SPRZETU;2201;518;0000000003060;13;KABINET ABSEN PL2.5;KABINET ABSEN PL2.5;NIE;;OK;
EGZEMPLARZ_SPRZETU;2202;518;0000000003177;130;KABINET ABSEN PL2.5;KABINET ABSEN PL2.5;NIE;;OK;
EGZEMPLARZ_SPRZETU;2203;518;0000000003178;131;KABINET ABSEN PL2.5;KABINET ABSEN PL2.5;NIE;;OK;
EGZEMPLARZ_SPRZETU;2204;518;0000000003179;132;KABINET ABSEN PL2.5;KABINET ABSEN PL2.5;NIE;;OK;
EGZEMPLARZ_SPRZETU;2205;518;0000000003180;133;KABINET ABSEN PL2.5;KABINET ABSEN PL2.5;NIE;;OK;
EGZEMPLARZ_SPRZETU;2206;518;0000000003181;134;KABINET ABSEN PL2.5;KABINET ABSEN PL2.5;NIE;;OK;
EGZEMPLARZ_SPRZETU;2207;518;0000000003182;135;KABINET ABSEN PL2.5;KABINET ABSEN PL2.5;NIE;;OK;
EGZEMPLARZ_SPRZETU;2208;518;0000000003183;136;KABINET ABSEN PL2.5;KABINET ABSEN PL2.5;NIE;;OK;
EGZEMPLARZ_SPRZETU;2209;518;0000000003184;137;KABINET ABSEN PL2.5;KABINET ABSEN PL2.5;NIE;;OK;
EGZEMPLARZ_SPRZETU;2210;518;0000000003185;138;KABINET ABSEN PL2.5;KABINET ABSEN PL2.5;NIE;;OK;
EGZEMPLARZ_SPRZETU;2211;518;0000000003186;139;KABINET ABSEN PL2.5;KABINET ABSEN PL2.5;NIE;;OK;
EGZEMPLARZ_SPRZETU;2212;518;0000000003061;14;KABINET ABSEN PL2.5;KABINET ABSEN PL2.5;NIE;;OK;
EGZEMPLARZ_SPRZETU;2213;518;0000000003187;140;KABINET ABSEN PL2.5;KABINET ABSEN PL2.5;NIE;;OK;
EGZEMPLARZ_SPRZETU;2214;518;0000000003188;141;KABINET ABSEN PL2.5;KABINET ABSEN PL2.5;NIE;;OK;
EGZEMPLARZ_SPRZETU;2215;518;0000000003189;142;KABINET ABSEN PL2.5;KABINET ABSEN PL2.5;NIE;;OK;
EGZEMPLARZ_SPRZETU;2216;518;0000000003190;143;KABINET ABSEN PL2.5;KABINET ABSEN PL2.5;NIE;;OK;
EGZEMPLARZ_SPRZETU;2217;518;0000000003191;144;KABINET ABSEN PL2.5;KABINET ABSEN PL2.5;NIE;;OK;
EGZEMPLARZ_SPRZETU;2218;518;0000000003192;145;KABINET ABSEN PL2.5;KABINET ABSEN PL2.5;NIE;;OK;
EGZEMPLARZ_SPRZETU;2219;518;0000000003193;146;KABINET ABSEN PL2.5;KABINET ABSEN PL2.5;NIE;;OK;
EGZEMPLARZ_SPRZETU;2220;518;0000000003194;147;KABINET ABSEN PL2.5;KABINET ABSEN PL2.5;NIE;;OK;
EGZEMPLARZ_SPRZETU;2221;518;0000000003195;148;KABINET ABSEN PL2.5;KABINET ABSEN PL2.5;NIE;;OK;
EGZEMPLARZ_SPRZETU;2222;518;0000000003196;149;KABINET ABSEN PL2.5;KABINET ABSEN PL2.5;NIE;;OK;
EGZEMPLARZ_SPRZETU;2223;518;0000000003062;15;KABINET ABSEN PL2.5;KABINET ABSEN PL2.5;NIE;;OK;
EGZEMPLARZ_SPRZETU;2224;518;0000000003197;150;KABINET ABSEN PL2.5;KABINET ABSEN PL2.5;NIE;;OK;
EGZEMPLARZ_SPRZETU;2225;518;0000000003198;151;KABINET ABSEN PL2.5;KABINET ABSEN PL2.5;NIE;;OK;
EGZEMPLARZ_SPRZETU;2226;518;0000000003199;152;KABINET ABSEN PL2.5;KABINET ABSEN PL2.5;NIE;;OK;
EGZEMPLARZ_SPRZETU;2227;518;0000000003200;153;KABINET ABSEN PL2.5;KABINET ABSEN PL2.5;NIE;;OK;
EGZEMPLARZ_SPRZETU;2228;518;0000000003201;154;KABINET ABSEN PL2.5;KABINET ABSEN PL2.5;NIE;;OK;
EGZEMPLARZ_SPRZETU;2229;518;0000000003202;155;KABINET ABSEN PL2.5;KABINET ABSEN PL2.5;NIE;;OK;
EGZEMPLARZ_SPRZETU;2230;518;0000000003203;156;KABINET ABSEN PL2.5;KABINET ABSEN PL2.5;NIE;;OK;
EGZEMPLARZ_SPRZETU;2231;518;0000000003204;157;KABINET ABSEN PL2.5;KABINET ABSEN PL2.5;NIE;;OK;
EGZEMPLARZ_SPRZETU;2232;518;0000000003205;158;KABINET ABSEN PL2.5;KABINET ABSEN PL2.5;NIE;;OK;
EGZEMPLARZ_SPRZETU;2233;518;0000000003206;159;KABINET ABSEN PL2.5;KABINET ABSEN PL2.5;NIE;;OK;
EGZEMPLARZ_SPRZETU;2234;518;0000000003063;16;KABINET ABSEN PL2.5;KABINET ABSEN PL2.5;NIE;;OK;
EGZEMPLARZ_SPRZETU;2235;518;0000000003207;160;KABINET ABSEN PL2.5;KABINET ABSEN PL2.5;NIE;;OK;
EGZEMPLARZ_SPRZETU;2236;518;0000000003208;161;KABINET ABSEN PL2.5;KABINET ABSEN PL2.5;NIE;;OK;
EGZEMPLARZ_SPRZETU;2237;518;0000000003209;162;KABINET ABSEN PL2.5;KABINET ABSEN PL2.5;NIE;;OK;
EGZEMPLARZ_SPRZETU;2238;518;0000000003210;163;KABINET ABSEN PL2.5;KABINET ABSEN PL2.5;NIE;;OK;
EGZEMPLARZ_SPRZETU;2239;518;0000000003211;164;KABINET ABSEN PL2.5;KABINET ABSEN PL2.5;NIE;;OK;
EGZEMPLARZ_SPRZETU;2240;518;0000000003212;165;KABINET ABSEN PL2.5;KABINET ABSEN PL2.5;NIE;;OK;
EGZEMPLARZ_SPRZETU;2241;518;0000000003213;166;KABINET ABSEN PL2.5;KABINET ABSEN PL2.5;NIE;;OK;
EGZEMPLARZ_SPRZETU;2242;518;0000000003214;167;KABINET ABSEN PL2.5;KABINET ABSEN PL2.5;NIE;;OK;
EGZEMPLARZ_SPRZETU;2243;518;0000000003215;168;KABINET ABSEN PL2.5;KABINET ABSEN PL2.5;NIE;;OK;
EGZEMPLARZ_SPRZETU;2244;518;0000000003216;169;KABINET ABSEN PL2.5;KABINET ABSEN PL2.5;NIE;;OK;
EGZEMPLARZ_SPRZETU;2245;518;0000000003064;17;KABINET ABSEN PL2.5;KABINET ABSEN PL2.5;NIE;;OK;
EGZEMPLARZ_SPRZETU;2246;518;0000000003217;170;KABINET ABSEN PL2.5;KABINET ABSEN PL2.5;NIE;;OK;
EGZEMPLARZ_SPRZETU;2247;518;0000000003218;171;KABINET ABSEN PL2.5;KABINET ABSEN PL2.5;NIE;;OK;
EGZEMPLARZ_SPRZETU;2248;518;0000000003219;172;KABINET ABSEN PL2.5;KABINET ABSEN PL2.5;NIE;;OK;
EGZEMPLARZ_SPRZETU;2249;518;0000000003220;173;KABINET ABSEN PL2.5;KABINET ABSEN PL2.5;NIE;;OK;
EGZEMPLARZ_SPRZETU;2250;518;0000000003221;174;KABINET ABSEN PL2.5;KABINET ABSEN PL2.5;NIE;;OK;
EGZEMPLARZ_SPRZETU;2251;518;0000000003222;175;KABINET ABSEN PL2.5;KABINET ABSEN PL2.5;NIE;;OK;
EGZEMPLARZ_SPRZETU;2252;518;0000000003223;176;KABINET ABSEN PL2.5;KABINET ABSEN PL2.5;NIE;;OK;
EGZEMPLARZ_SPRZETU;2253;518;0000000003224;177;KABINET ABSEN PL2.5;KABINET ABSEN PL2.5;NIE;;OK;
EGZEMPLARZ_SPRZETU;2254;518;0000000003225;178;KABINET ABSEN PL2.5;KABINET ABSEN PL2.5;NIE;;OK;
EGZEMPLARZ_SPRZETU;2255;518;0000000003226;179;KABINET ABSEN PL2.5;KABINET ABSEN PL2.5;NIE;;OK;
EGZEMPLARZ_SPRZETU;2256;518;0000000003065;18;KABINET ABSEN PL2.5;KABINET ABSEN PL2.5;NIE;;OK;
EGZEMPLARZ_SPRZETU;2257;518;0000000003227;180;KABINET ABSEN PL2.5;KABINET ABSEN PL2.5;NIE;;OK;
EGZEMPLARZ_SPRZETU;2258;518;0000000003228;181;KABINET ABSEN PL2.5;KABINET ABSEN PL2.5;NIE;;OK;
EGZEMPLARZ_SPRZETU;2259;518;0000000003229;182;KABINET ABSEN PL2.5;KABINET ABSEN PL2.5;NIE;;OK;
EGZEMPLARZ_SPRZETU;2260;518;0000000003230;183;KABINET ABSEN PL2.5;KABINET ABSEN PL2.5;NIE;;OK;
EGZEMPLARZ_SPRZETU;2261;518;0000000003231;184;KABINET ABSEN PL2.5;KABINET ABSEN PL2.5;NIE;;OK;
EGZEMPLARZ_SPRZETU;2262;518;0000000003232;185;KABINET ABSEN PL2.5;KABINET ABSEN PL2.5;NIE;;OK;
EGZEMPLARZ_SPRZETU;2263;518;0000000003233;186;KABINET ABSEN PL2.5;KABINET ABSEN PL2.5;NIE;;OK;
EGZEMPLARZ_SPRZETU;2264;518;0000000003234;187;KABINET ABSEN PL2.5;KABINET ABSEN PL2.5;NIE;;OK;
EGZEMPLARZ_SPRZETU;2265;518;0000000003235;188;KABINET ABSEN PL2.5;KABINET ABSEN PL2.5;NIE;;OK;
EGZEMPLARZ_SPRZETU;2266;518;0000000003236;189;KABINET ABSEN PL2.5;KABINET ABSEN PL2.5;NIE;;OK;
EGZEMPLARZ_SPRZETU;2267;518;0000000003066;19;KABINET ABSEN PL2.5;KABINET ABSEN PL2.5;NIE;;OK;
EGZEMPLARZ_SPRZETU;2268;518;0000000003237;190;KABINET ABSEN PL2.5;KABINET ABSEN PL2.5;NIE;;OK;
EGZEMPLARZ_SPRZETU;2269;518;0000000003238;191;KABINET ABSEN PL2.5;KABINET ABSEN PL2.5;NIE;;OK;
EGZEMPLARZ_SPRZETU;2270;518;0000000003239;192;KABINET ABSEN PL2.5;KABINET ABSEN PL2.5;NIE;;OK;
EGZEMPLARZ_SPRZETU;2271;518;0000000003240;193;KABINET ABSEN PL2.5;KABINET ABSEN PL2.5;NIE;;OK;
EGZEMPLARZ_SPRZETU;2272;518;0000000003241;194;KABINET ABSEN PL2.5;KABINET ABSEN PL2.5;NIE;;OK;
EGZEMPLARZ_SPRZETU;2273;518;0000000003242;195;KABINET ABSEN PL2.5;KABINET ABSEN PL2.5;NIE;;OK;
EGZEMPLARZ_SPRZETU;2274;518;0000000003243;196;KABINET ABSEN PL2.5;KABINET ABSEN PL2.5;NIE;;OK;
EGZEMPLARZ_SPRZETU;2275;518;0000000003244;197;KABINET ABSEN PL2.5;KABINET ABSEN PL2.5;NIE;;OK;
EGZEMPLARZ_SPRZETU;2276;518;0000000003245;198;KABINET ABSEN PL2.5;KABINET ABSEN PL2.5;NIE;;OK;
EGZEMPLARZ_SPRZETU;2277;518;0000000003246;199;KABINET ABSEN PL2.5;KABINET ABSEN PL2.5;NIE;;OK;
EGZEMPLARZ_SPRZETU;2278;518;0000000003049;2;KABINET ABSEN PL2.5;KABINET ABSEN PL2.5;NIE;;OK;
EGZEMPLARZ_SPRZETU;2279;518;0000000003067;20;KABINET ABSEN PL2.5;KABINET ABSEN PL2.5;NIE;;OK;
EGZEMPLARZ_SPRZETU;2280;518;0000000003247;200;KABINET ABSEN PL2.5;KABINET ABSEN PL2.5;NIE;;OK;
EGZEMPLARZ_SPRZETU;2281;518;0000000003248;201;KABINET ABSEN PL2.5;KABINET ABSEN PL2.5;NIE;;OK;
EGZEMPLARZ_SPRZETU;2282;518;0000000003249;202;KABINET ABSEN PL2.5;KABINET ABSEN PL2.5;NIE;;OK;
EGZEMPLARZ_SPRZETU;2283;518;0000000003250;203;KABINET ABSEN PL2.5;KABINET ABSEN PL2.5;NIE;;OK;
EGZEMPLARZ_SPRZETU;2284;518;0000000003251;204;KABINET ABSEN PL2.5;KABINET ABSEN PL2.5;NIE;;OK;
EGZEMPLARZ_SPRZETU;2285;518;0000000003252;205;KABINET ABSEN PL2.5;KABINET ABSEN PL2.5;NIE;;OK;
EGZEMPLARZ_SPRZETU;2286;518;0000000003253;206;KABINET ABSEN PL2.5;KABINET ABSEN PL2.5;NIE;;OK;
EGZEMPLARZ_SPRZETU;2287;518;0000000003254;207;KABINET ABSEN PL2.5;KABINET ABSEN PL2.5;NIE;;OK;
EGZEMPLARZ_SPRZETU;2288;518;0000000003255;208;KABINET ABSEN PL2.5;KABINET ABSEN PL2.5;NIE;;OK;
EGZEMPLARZ_SPRZETU;2289;518;0000000003256;209;KABINET ABSEN PL2.5;KABINET ABSEN PL2.5;NIE;;OK;
EGZEMPLARZ_SPRZETU;2290;518;0000000003068;21;KABINET ABSEN PL2.5;KABINET ABSEN PL2.5;NIE;;OK;
EGZEMPLARZ_SPRZETU;2291;518;0000000003257;210;KABINET ABSEN PL2.5;KABINET ABSEN PL2.5;NIE;;OK;
EGZEMPLARZ_SPRZETU;2292;518;0000000003258;211;KABINET ABSEN PL2.5;KABINET ABSEN PL2.5;NIE;;OK;
EGZEMPLARZ_SPRZETU;2293;518;0000000003259;212;KABINET ABSEN PL2.5;KABINET ABSEN PL2.5;NIE;;OK;
EGZEMPLARZ_SPRZETU;2294;518;0000000003260;213;KABINET ABSEN PL2.5;KABINET ABSEN PL2.5;NIE;;OK;
EGZEMPLARZ_SPRZETU;2295;518;0000000003261;214;KABINET ABSEN PL2.5;KABINET ABSEN PL2.5;NIE;;OK;
EGZEMPLARZ_SPRZETU;2296;518;0000000003262;215;KABINET ABSEN PL2.5;KABINET ABSEN PL2.5;NIE;;OK;
EGZEMPLARZ_SPRZETU;2297;518;0000000003263;216;KABINET ABSEN PL2.5;KABINET ABSEN PL2.5;NIE;;OK;
EGZEMPLARZ_SPRZETU;2298;518;0000000003264;217;KABINET ABSEN PL2.5;KABINET ABSEN PL2.5;NIE;;OK;
EGZEMPLARZ_SPRZETU;2299;518;0000000003265;218;KABINET ABSEN PL2.5;KABINET ABSEN PL2.5;NIE;;OK;
EGZEMPLARZ_SPRZETU;2300;518;0000000003266;219;KABINET ABSEN PL2.5;KABINET ABSEN PL2.5;NIE;;OK;
EGZEMPLARZ_SPRZETU;2301;518;0000000003069;22;KABINET ABSEN PL2.5;KABINET ABSEN PL2.5;NIE;;OK;
EGZEMPLARZ_SPRZETU;2302;518;0000000003267;220;KABINET ABSEN PL2.5;KABINET ABSEN PL2.5;NIE;;OK;
EGZEMPLARZ_SPRZETU;2303;518;0000000003268;221;KABINET ABSEN PL2.5;KABINET ABSEN PL2.5;NIE;;OK;
EGZEMPLARZ_SPRZETU;2304;518;0000000003269;222;KABINET ABSEN PL2.5;KABINET ABSEN PL2.5;NIE;;OK;
EGZEMPLARZ_SPRZETU;2305;518;0000000003270;223;KABINET ABSEN PL2.5;KABINET ABSEN PL2.5;NIE;;OK;
EGZEMPLARZ_SPRZETU;2306;518;0000000003271;224;KABINET ABSEN PL2.5;KABINET ABSEN PL2.5;NIE;;OK;
EGZEMPLARZ_SPRZETU;2307;518;0000000003272;225;KABINET ABSEN PL2.5;KABINET ABSEN PL2.5;NIE;;OK;
EGZEMPLARZ_SPRZETU;2308;518;0000000003273;226;KABINET ABSEN PL2.5;KABINET ABSEN PL2.5;NIE;;OK;
EGZEMPLARZ_SPRZETU;2309;518;0000000003274;227;KABINET ABSEN PL2.5;KABINET ABSEN PL2.5;NIE;;OK;
EGZEMPLARZ_SPRZETU;2310;518;0000000003275;228;KABINET ABSEN PL2.5;KABINET ABSEN PL2.5;NIE;;OK;
EGZEMPLARZ_SPRZETU;2311;518;0000000003276;229;KABINET ABSEN PL2.5;KABINET ABSEN PL2.5;NIE;;OK;
EGZEMPLARZ_SPRZETU;2312;518;0000000003070;23;KABINET ABSEN PL2.5;KABINET ABSEN PL2.5;NIE;;OK;
EGZEMPLARZ_SPRZETU;2313;518;0000000003277;230;KABINET ABSEN PL2.5;KABINET ABSEN PL2.5;NIE;;OK;
EGZEMPLARZ_SPRZETU;2314;518;0000000003278;231;KABINET ABSEN PL2.5;KABINET ABSEN PL2.5;NIE;;OK;
EGZEMPLARZ_SPRZETU;2315;518;0000000003279;232;KABINET ABSEN PL2.5;KABINET ABSEN PL2.5;NIE;;OK;
EGZEMPLARZ_SPRZETU;2316;518;0000000003280;233;KABINET ABSEN PL2.5;KABINET ABSEN PL2.5;NIE;;OK;
EGZEMPLARZ_SPRZETU;2317;518;0000000003281;234;KABINET ABSEN PL2.5;KABINET ABSEN PL2.5;NIE;;OK;
EGZEMPLARZ_SPRZETU;2318;518;0000000003282;235;KABINET ABSEN PL2.5;KABINET ABSEN PL2.5;NIE;;OK;
EGZEMPLARZ_SPRZETU;2319;518;0000000003283;236;KABINET ABSEN PL2.5;KABINET ABSEN PL2.5;NIE;;OK;
EGZEMPLARZ_SPRZETU;2320;518;0000000003284;237;KABINET ABSEN PL2.5;KABINET ABSEN PL2.5;NIE;;OK;
EGZEMPLARZ_SPRZETU;2321;518;0000000003285;238;KABINET ABSEN PL2.5;KABINET ABSEN PL2.5;NIE;;OK;
EGZEMPLARZ_SPRZETU;2322;518;0000000003286;239;KABINET ABSEN PL2.5;KABINET ABSEN PL2.5;NIE;;OK;
EGZEMPLARZ_SPRZETU;2323;518;0000000003071;24;KABINET ABSEN PL2.5;KABINET ABSEN PL2.5;NIE;;OK;
EGZEMPLARZ_SPRZETU;2324;518;0000000003287;240;KABINET ABSEN PL2.5;KABINET ABSEN PL2.5;NIE;;OK;
EGZEMPLARZ_SPRZETU;2325;518;0000000003288;241;KABINET ABSEN PL2.5;KABINET ABSEN PL2.5;NIE;;OK;
EGZEMPLARZ_SPRZETU;2326;518;0000000003289;242;KABINET ABSEN PL2.5;KABINET ABSEN PL2.5;NIE;;OK;
EGZEMPLARZ_SPRZETU;2327;518;0000000003290;243;KABINET ABSEN PL2.5;KABINET ABSEN PL2.5;NIE;;OK;
EGZEMPLARZ_SPRZETU;2328;518;0000000003291;244;KABINET ABSEN PL2.5;KABINET ABSEN PL2.5;NIE;;OK;
EGZEMPLARZ_SPRZETU;2329;518;0000000003292;245;KABINET ABSEN PL2.5;KABINET ABSEN PL2.5;NIE;;OK;
EGZEMPLARZ_SPRZETU;2330;518;0000000003293;246;KABINET ABSEN PL2.5;KABINET ABSEN PL2.5;NIE;;OK;
EGZEMPLARZ_SPRZETU;2331;518;0000000003294;247;KABINET ABSEN PL2.5;KABINET ABSEN PL2.5;NIE;;OK;
EGZEMPLARZ_SPRZETU;2332;518;0000000003295;248;KABINET ABSEN PL2.5;KABINET ABSEN PL2.5;NIE;;OK;
EGZEMPLARZ_SPRZETU;2333;518;0000000003296;249;KABINET ABSEN PL2.5;KABINET ABSEN PL2.5;NIE;;OK;
EGZEMPLARZ_SPRZETU;2334;518;0000000003072;25;KABINET ABSEN PL2.5;KABINET ABSEN PL2.5;NIE;;OK;
EGZEMPLARZ_SPRZETU;2335;518;0000000003297;250;KABINET ABSEN PL2.5;KABINET ABSEN PL2.5;NIE;;OK;
EGZEMPLARZ_SPRZETU;2336;518;0000000003298;251;KABINET ABSEN PL2.5;KABINET ABSEN PL2.5;NIE;;OK;
EGZEMPLARZ_SPRZETU;2337;518;0000000003299;252;KABINET ABSEN PL2.5;KABINET ABSEN PL2.5;NIE;;OK;
EGZEMPLARZ_SPRZETU;2338;518;0000000003300;253;KABINET ABSEN PL2.5;KABINET ABSEN PL2.5;NIE;;OK;
EGZEMPLARZ_SPRZETU;2339;518;0000000003301;254;KABINET ABSEN PL2.5;KABINET ABSEN PL2.5;NIE;;OK;
EGZEMPLARZ_SPRZETU;2340;518;0000000003302;255;KABINET ABSEN PL2.5;KABINET ABSEN PL2.5;NIE;;OK;
EGZEMPLARZ_SPRZETU;2341;518;0000000003303;256;KABINET ABSEN PL2.5;KABINET ABSEN PL2.5;NIE;;OK;
EGZEMPLARZ_SPRZETU;2342;518;0000000003304;257;KABINET ABSEN PL2.5;KABINET ABSEN PL2.5;NIE;;OK;
EGZEMPLARZ_SPRZETU;2343;518;0000000003305;258;KABINET ABSEN PL2.5;KABINET ABSEN PL2.5;NIE;;OK;
EGZEMPLARZ_SPRZETU;2344;518;0000000003306;259;KABINET ABSEN PL2.5;KABINET ABSEN PL2.5;NIE;;OK;
EGZEMPLARZ_SPRZETU;2345;518;0000000003073;26;KABINET ABSEN PL2.5;KABINET ABSEN PL2.5;NIE;;OK;
EGZEMPLARZ_SPRZETU;2346;518;0000000003307;260;KABINET ABSEN PL2.5;KABINET ABSEN PL2.5;NIE;;OK;
EGZEMPLARZ_SPRZETU;2347;518;0000000003308;261;KABINET ABSEN PL2.5;KABINET ABSEN PL2.5;NIE;;OK;
EGZEMPLARZ_SPRZETU;2348;518;0000000003309;262;KABINET ABSEN PL2.5;KABINET ABSEN PL2.5;NIE;;OK;
EGZEMPLARZ_SPRZETU;2349;518;0000000003310;263;KABINET ABSEN PL2.5;KABINET ABSEN PL2.5;NIE;;OK;
EGZEMPLARZ_SPRZETU;2350;518;0000000003311;264;KABINET ABSEN PL2.5;KABINET ABSEN PL2.5;NIE;;OK;
EGZEMPLARZ_SPRZETU;2351;518;0000000003312;265;KABINET ABSEN PL2.5;KABINET ABSEN PL2.5;NIE;;OK;
EGZEMPLARZ_SPRZETU;2352;518;0000000003313;266;KABINET ABSEN PL2.5;KABINET ABSEN PL2.5;NIE;;OK;
EGZEMPLARZ_SPRZETU;2353;518;0000000003314;267;KABINET ABSEN PL2.5;KABINET ABSEN PL2.5;NIE;;OK;
EGZEMPLARZ_SPRZETU;2354;518;0000000003315;268;KABINET ABSEN PL2.5;KABINET ABSEN PL2.5;NIE;;OK;
EGZEMPLARZ_SPRZETU;2355;518;0000000003316;269;KABINET ABSEN PL2.5;KABINET ABSEN PL2.5;NIE;;OK;
EGZEMPLARZ_SPRZETU;2356;518;0000000003074;27;KABINET ABSEN PL2.5;KABINET ABSEN PL2.5;NIE;;OK;
EGZEMPLARZ_SPRZETU;2357;518;0000000003317;270;KABINET ABSEN PL2.5;KABINET ABSEN PL2.5;NIE;;OK;
EGZEMPLARZ_SPRZETU;2358;518;0000000003318;271;KABINET ABSEN PL2.5;KABINET ABSEN PL2.5;NIE;;OK;
EGZEMPLARZ_SPRZETU;2359;518;0000000003319;272;KABINET ABSEN PL2.5;KABINET ABSEN PL2.5;NIE;;OK;
EGZEMPLARZ_SPRZETU;2360;518;0000000003320;273;KABINET ABSEN PL2.5;KABINET ABSEN PL2.5;NIE;;OK;
EGZEMPLARZ_SPRZETU;2361;518;0000000003321;274;KABINET ABSEN PL2.5;KABINET ABSEN PL2.5;NIE;;OK;
EGZEMPLARZ_SPRZETU;2362;518;0000000003322;275;KABINET ABSEN PL2.5;KABINET ABSEN PL2.5;NIE;;OK;
EGZEMPLARZ_SPRZETU;2363;518;0000000003323;276;KABINET ABSEN PL2.5;KABINET ABSEN PL2.5;NIE;;OK;
EGZEMPLARZ_SPRZETU;2364;518;0000000003324;277;KABINET ABSEN PL2.5;KABINET ABSEN PL2.5;NIE;;OK;
EGZEMPLARZ_SPRZETU;2365;518;0000000003325;278;KABINET ABSEN PL2.5;KABINET ABSEN PL2.5;NIE;;OK;
EGZEMPLARZ_SPRZETU;2366;518;0000000003326;279;KABINET ABSEN PL2.5;KABINET ABSEN PL2.5;NIE;;OK;
EGZEMPLARZ_SPRZETU;2367;518;0000000003075;28;KABINET ABSEN PL2.5;KABINET ABSEN PL2.5;NIE;;OK;
EGZEMPLARZ_SPRZETU;2368;518;0000000003327;280;KABINET ABSEN PL2.5;KABINET ABSEN PL2.5;NIE;;OK;
EGZEMPLARZ_SPRZETU;2369;518;0000000003328;281;KABINET ABSEN PL2.5;KABINET ABSEN PL2.5;NIE;;OK;
EGZEMPLARZ_SPRZETU;2370;518;0000000003329;282;KABINET ABSEN PL2.5;KABINET ABSEN PL2.5;NIE;;OK;
EGZEMPLARZ_SPRZETU;2371;518;0000000003330;283;KABINET ABSEN PL2.5;KABINET ABSEN PL2.5;NIE;;OK;
EGZEMPLARZ_SPRZETU;2372;518;0000000003331;284;KABINET ABSEN PL2.5;KABINET ABSEN PL2.5;NIE;;OK;
EGZEMPLARZ_SPRZETU;2373;518;0000000003332;285;KABINET ABSEN PL2.5;KABINET ABSEN PL2.5;NIE;;OK;
EGZEMPLARZ_SPRZETU;2374;518;0000000003333;286;KABINET ABSEN PL2.5;KABINET ABSEN PL2.5;NIE;;OK;
EGZEMPLARZ_SPRZETU;2375;518;0000000003334;287;KABINET ABSEN PL2.5;KABINET ABSEN PL2.5;NIE;;OK;
EGZEMPLARZ_SPRZETU;2376;518;0000000003335;288;KABINET ABSEN PL2.5;KABINET ABSEN PL2.5;NIE;;OK;
EGZEMPLARZ_SPRZETU;2377;518;0000000003336;289;KABINET ABSEN PL2.5;KABINET ABSEN PL2.5;NIE;;OK;
EGZEMPLARZ_SPRZETU;2378;518;0000000003076;29;KABINET ABSEN PL2.5;KABINET ABSEN PL2.5;NIE;;OK;
EGZEMPLARZ_SPRZETU;2379;518;0000000003337;290;KABINET ABSEN PL2.5;KABINET ABSEN PL2.5;NIE;;OK;
EGZEMPLARZ_SPRZETU;2380;518;0000000003338;291;KABINET ABSEN PL2.5;KABINET ABSEN PL2.5;NIE;;OK;
EGZEMPLARZ_SPRZETU;2381;518;0000000003339;292;KABINET ABSEN PL2.5;KABINET ABSEN PL2.5;NIE;;OK;
EGZEMPLARZ_SPRZETU;2382;518;0000000003340;293;KABINET ABSEN PL2.5;KABINET ABSEN PL2.5;NIE;;OK;
EGZEMPLARZ_SPRZETU;2383;518;0000000003341;294;KABINET ABSEN PL2.5;KABINET ABSEN PL2.5;NIE;;OK;
EGZEMPLARZ_SPRZETU;2384;518;0000000003342;295;KABINET ABSEN PL2.5;KABINET ABSEN PL2.5;NIE;;OK;
EGZEMPLARZ_SPRZETU;2385;518;0000000003343;296;KABINET ABSEN PL2.5;KABINET ABSEN PL2.5;NIE;;OK;
EGZEMPLARZ_SPRZETU;2386;518;0000000003344;297;KABINET ABSEN PL2.5;KABINET ABSEN PL2.5;NIE;;OK;
EGZEMPLARZ_SPRZETU;2387;518;0000000003345;298;KABINET ABSEN PL2.5;KABINET ABSEN PL2.5;NIE;;OK;
EGZEMPLARZ_SPRZETU;2388;518;0000000003346;299;KABINET ABSEN PL2.5;KABINET ABSEN PL2.5;NIE;;OK;
EGZEMPLARZ_SPRZETU;2389;518;0000000003050;3;KABINET ABSEN PL2.5;KABINET ABSEN PL2.5;NIE;;OK;
EGZEMPLARZ_SPRZETU;2390;518;0000000003077;30;KABINET ABSEN PL2.5;KABINET ABSEN PL2.5;NIE;;OK;
EGZEMPLARZ_SPRZETU;2391;518;0000000003347;300;KABINET ABSEN PL2.5;KABINET ABSEN PL2.5;NIE;;OK;
EGZEMPLARZ_SPRZETU;2392;518;0000000003348;301;KABINET ABSEN PL2.5;KABINET ABSEN PL2.5;NIE;;OK;
EGZEMPLARZ_SPRZETU;2393;518;0000000003349;302;KABINET ABSEN PL2.5;KABINET ABSEN PL2.5;NIE;;OK;
EGZEMPLARZ_SPRZETU;2394;518;0000000003350;303;KABINET ABSEN PL2.5;KABINET ABSEN PL2.5;NIE;;OK;
EGZEMPLARZ_SPRZETU;2395;518;0000000003351;304;KABINET ABSEN PL2.5;KABINET ABSEN PL2.5;NIE;;OK;
EGZEMPLARZ_SPRZETU;2396;518;0000000003352;305;KABINET ABSEN PL2.5;KABINET ABSEN PL2.5;NIE;;OK;
EGZEMPLARZ_SPRZETU;2397;518;0000000003353;306;KABINET ABSEN PL2.5;KABINET ABSEN PL2.5;NIE;;OK;
EGZEMPLARZ_SPRZETU;2398;518;0000000003354;307;KABINET ABSEN PL2.5;KABINET ABSEN PL2.5;NIE;;OK;
EGZEMPLARZ_SPRZETU;2399;518;0000000003355;308;KABINET ABSEN PL2.5;KABINET ABSEN PL2.5;NIE;;OK;
EGZEMPLARZ_SPRZETU;2400;518;0000000003356;309;KABINET ABSEN PL2.5;KABINET ABSEN PL2.5;NIE;;OK;
EGZEMPLARZ_SPRZETU;2401;518;0000000003078;31;KABINET ABSEN PL2.5;KABINET ABSEN PL2.5;NIE;;OK;
EGZEMPLARZ_SPRZETU;2402;518;0000000003357;310;KABINET ABSEN PL2.5;KABINET ABSEN PL2.5;NIE;;OK;
EGZEMPLARZ_SPRZETU;2403;518;0000000003358;311;KABINET ABSEN PL2.5;KABINET ABSEN PL2.5;NIE;;OK;
EGZEMPLARZ_SPRZETU;2404;518;0000000003359;312;KABINET ABSEN PL2.5;KABINET ABSEN PL2.5;NIE;;OK;
EGZEMPLARZ_SPRZETU;2405;518;0000000003360;313;KABINET ABSEN PL2.5;KABINET ABSEN PL2.5;NIE;;OK;
EGZEMPLARZ_SPRZETU;2406;518;0000000003361;314;KABINET ABSEN PL2.5;KABINET ABSEN PL2.5;NIE;;OK;
EGZEMPLARZ_SPRZETU;2407;518;0000000003362;315;KABINET ABSEN PL2.5;KABINET ABSEN PL2.5;NIE;;OK;
EGZEMPLARZ_SPRZETU;2408;518;0000000003363;316;KABINET ABSEN PL2.5;KABINET ABSEN PL2.5;NIE;;OK;
EGZEMPLARZ_SPRZETU;2409;518;0000000003364;317;KABINET ABSEN PL2.5;KABINET ABSEN PL2.5;NIE;;OK;
EGZEMPLARZ_SPRZETU;2410;518;0000000003365;318;KABINET ABSEN PL2.5;KABINET ABSEN PL2.5;NIE;;OK;
EGZEMPLARZ_SPRZETU;2411;518;0000000003366;319;KABINET ABSEN PL2.5;KABINET ABSEN PL2.5;NIE;;OK;
EGZEMPLARZ_SPRZETU;2412;518;0000000003079;32;KABINET ABSEN PL2.5;KABINET ABSEN PL2.5;NIE;;OK;
EGZEMPLARZ_SPRZETU;2413;518;0000000003367;320;KABINET ABSEN PL2.5;KABINET ABSEN PL2.5;NIE;;OK;
EGZEMPLARZ_SPRZETU;2414;518;0000000003368;321;KABINET ABSEN PL2.5;KABINET ABSEN PL2.5;NIE;;OK;
EGZEMPLARZ_SPRZETU;2415;518;0000000003369;322;KABINET ABSEN PL2.5;KABINET ABSEN PL2.5;NIE;;OK;
EGZEMPLARZ_SPRZETU;2416;518;0000000003370;323;KABINET ABSEN PL2.5;KABINET ABSEN PL2.5;NIE;;OK;
EGZEMPLARZ_SPRZETU;2417;518;0000000003371;324;KABINET ABSEN PL2.5;KABINET ABSEN PL2.5;NIE;;OK;
EGZEMPLARZ_SPRZETU;2418;518;0000000003372;325;KABINET ABSEN PL2.5;KABINET ABSEN PL2.5;NIE;;OK;
EGZEMPLARZ_SPRZETU;2419;518;0000000003373;326;KABINET ABSEN PL2.5;KABINET ABSEN PL2.5;NIE;;OK;
EGZEMPLARZ_SPRZETU;2420;518;0000000003374;327;KABINET ABSEN PL2.5;KABINET ABSEN PL2.5;NIE;;OK;
EGZEMPLARZ_SPRZETU;2421;518;0000000003375;328;KABINET ABSEN PL2.5;KABINET ABSEN PL2.5;NIE;;OK;
EGZEMPLARZ_SPRZETU;2422;518;0000000003376;329;KABINET ABSEN PL2.5;KABINET ABSEN PL2.5;NIE;;OK;
EGZEMPLARZ_SPRZETU;2423;518;0000000003080;33;KABINET ABSEN PL2.5;KABINET ABSEN PL2.5;NIE;;OK;
EGZEMPLARZ_SPRZETU;2424;518;0000000003377;330;KABINET ABSEN PL2.5;KABINET ABSEN PL2.5;NIE;;OK;
EGZEMPLARZ_SPRZETU;2425;518;0000000003378;331;KABINET ABSEN PL2.5;KABINET ABSEN PL2.5;NIE;;OK;
EGZEMPLARZ_SPRZETU;2426;518;0000000003379;332;KABINET ABSEN PL2.5;KABINET ABSEN PL2.5;NIE;;OK;
EGZEMPLARZ_SPRZETU;2427;518;0000000003380;333;KABINET ABSEN PL2.5;KABINET ABSEN PL2.5;NIE;;OK;
EGZEMPLARZ_SPRZETU;2428;518;0000000003381;334;KABINET ABSEN PL2.5;KABINET ABSEN PL2.5;NIE;;OK;
EGZEMPLARZ_SPRZETU;2429;518;0000000003382;335;KABINET ABSEN PL2.5;KABINET ABSEN PL2.5;NIE;;OK;
EGZEMPLARZ_SPRZETU;2430;518;0000000003383;336;KABINET ABSEN PL2.5;KABINET ABSEN PL2.5;NIE;;OK;
EGZEMPLARZ_SPRZETU;2431;518;0000000003384;337;KABINET ABSEN PL2.5;KABINET ABSEN PL2.5;NIE;;OK;
EGZEMPLARZ_SPRZETU;2432;518;0000000003385;338;KABINET ABSEN PL2.5;KABINET ABSEN PL2.5;NIE;;OK;
EGZEMPLARZ_SPRZETU;2433;518;0000000003386;339;KABINET ABSEN PL2.5;KABINET ABSEN PL2.5;NIE;;OK;
EGZEMPLARZ_SPRZETU;2434;518;0000000003081;34;KABINET ABSEN PL2.5;KABINET ABSEN PL2.5;NIE;;OK;
EGZEMPLARZ_SPRZETU;2435;518;0000000003387;340;KABINET ABSEN PL2.5;KABINET ABSEN PL2.5;NIE;;OK;
EGZEMPLARZ_SPRZETU;2436;518;0000000003388;341;KABINET ABSEN PL2.5;KABINET ABSEN PL2.5;NIE;;OK;
EGZEMPLARZ_SPRZETU;2437;518;0000000003389;342;KABINET ABSEN PL2.5;KABINET ABSEN PL2.5;NIE;;OK;
EGZEMPLARZ_SPRZETU;2438;518;0000000003390;343;KABINET ABSEN PL2.5;KABINET ABSEN PL2.5;NIE;;OK;
EGZEMPLARZ_SPRZETU;2439;518;0000000003391;344;KABINET ABSEN PL2.5;KABINET ABSEN PL2.5;NIE;;OK;
EGZEMPLARZ_SPRZETU;2440;518;0000000003392;345;KABINET ABSEN PL2.5;KABINET ABSEN PL2.5;NIE;;OK;
EGZEMPLARZ_SPRZETU;2441;518;0000000003393;346;KABINET ABSEN PL2.5;KABINET ABSEN PL2.5;NIE;;OK;
EGZEMPLARZ_SPRZETU;2442;518;0000000003394;347;KABINET ABSEN PL2.5;KABINET ABSEN PL2.5;NIE;;OK;
EGZEMPLARZ_SPRZETU;2443;518;0000000003395;348;KABINET ABSEN PL2.5;KABINET ABSEN PL2.5;NIE;;OK;
EGZEMPLARZ_SPRZETU;2444;518;0000000003396;349;KABINET ABSEN PL2.5;KABINET ABSEN PL2.5;NIE;;OK;
EGZEMPLARZ_SPRZETU;2445;518;0000000003082;35;KABINET ABSEN PL2.5;KABINET ABSEN PL2.5;NIE;;OK;
EGZEMPLARZ_SPRZETU;2446;518;0000000003397;350;KABINET ABSEN PL2.5;KABINET ABSEN PL2.5;NIE;;OK;
EGZEMPLARZ_SPRZETU;2447;518;0000000003398;351;KABINET ABSEN PL2.5;KABINET ABSEN PL2.5;NIE;;OK;
EGZEMPLARZ_SPRZETU;2448;518;0000000003399;352;KABINET ABSEN PL2.5;KABINET ABSEN PL2.5;NIE;;OK;
EGZEMPLARZ_SPRZETU;2449;518;0000000003400;353;KABINET ABSEN PL2.5;KABINET ABSEN PL2.5;NIE;;OK;
EGZEMPLARZ_SPRZETU;2450;518;0000000003401;354;KABINET ABSEN PL2.5;KABINET ABSEN PL2.5;NIE;;OK;
EGZEMPLARZ_SPRZETU;2451;518;0000000003402;355;KABINET ABSEN PL2.5;KABINET ABSEN PL2.5;NIE;;OK;
EGZEMPLARZ_SPRZETU;2452;518;0000000003403;356;KABINET ABSEN PL2.5;KABINET ABSEN PL2.5;NIE;;OK;
EGZEMPLARZ_SPRZETU;2453;518;0000000003404;357;KABINET ABSEN PL2.5;KABINET ABSEN PL2.5;NIE;;OK;
EGZEMPLARZ_SPRZETU;2454;518;0000000003405;358;KABINET ABSEN PL2.5;KABINET ABSEN PL2.5;NIE;;OK;
EGZEMPLARZ_SPRZETU;2455;518;0000000003406;359;KABINET ABSEN PL2.5;KABINET ABSEN PL2.5;NIE;;OK;
EGZEMPLARZ_SPRZETU;2456;518;0000000003083;36;KABINET ABSEN PL2.5;KABINET ABSEN PL2.5;NIE;;OK;
EGZEMPLARZ_SPRZETU;2457;518;0000000003407;360;KABINET ABSEN PL2.5;KABINET ABSEN PL2.5;NIE;;OK;
EGZEMPLARZ_SPRZETU;2458;518;0000000003408;361;KABINET ABSEN PL2.5;KABINET ABSEN PL2.5;NIE;;OK;
EGZEMPLARZ_SPRZETU;2459;518;0000000003409;362;KABINET ABSEN PL2.5;KABINET ABSEN PL2.5;NIE;;OK;
EGZEMPLARZ_SPRZETU;2460;518;0000000003410;363;KABINET ABSEN PL2.5;KABINET ABSEN PL2.5;NIE;;OK;
EGZEMPLARZ_SPRZETU;2461;518;0000000003411;364;KABINET ABSEN PL2.5;KABINET ABSEN PL2.5;NIE;;OK;
EGZEMPLARZ_SPRZETU;2462;518;0000000003412;365;KABINET ABSEN PL2.5;KABINET ABSEN PL2.5;NIE;;OK;
EGZEMPLARZ_SPRZETU;2463;518;0000000003413;366;KABINET ABSEN PL2.5;KABINET ABSEN PL2.5;NIE;;OK;
EGZEMPLARZ_SPRZETU;2464;518;0000000003414;367;KABINET ABSEN PL2.5;KABINET ABSEN PL2.5;NIE;;OK;
EGZEMPLARZ_SPRZETU;2465;518;0000000003415;368;KABINET ABSEN PL2.5;KABINET ABSEN PL2.5;NIE;;OK;
EGZEMPLARZ_SPRZETU;2466;518;0000000003416;369;KABINET ABSEN PL2.5;KABINET ABSEN PL2.5;NIE;;OK;
EGZEMPLARZ_SPRZETU;2467;518;0000000003084;37;KABINET ABSEN PL2.5;KABINET ABSEN PL2.5;NIE;;OK;
EGZEMPLARZ_SPRZETU;2468;518;0000000003417;370;KABINET ABSEN PL2.5;KABINET ABSEN PL2.5;NIE;;OK;
EGZEMPLARZ_SPRZETU;2469;518;0000000003418;371;KABINET ABSEN PL2.5;KABINET ABSEN PL2.5;NIE;;OK;
EGZEMPLARZ_SPRZETU;2470;518;0000000003419;372;KABINET ABSEN PL2.5;KABINET ABSEN PL2.5;NIE;;OK;
EGZEMPLARZ_SPRZETU;2471;518;0000000003420;373;KABINET ABSEN PL2.5;KABINET ABSEN PL2.5;NIE;;OK;
EGZEMPLARZ_SPRZETU;2472;518;0000000003421;374;KABINET ABSEN PL2.5;KABINET ABSEN PL2.5;NIE;;OK;
EGZEMPLARZ_SPRZETU;2473;518;0000000003422;375;KABINET ABSEN PL2.5;KABINET ABSEN PL2.5;NIE;;OK;
EGZEMPLARZ_SPRZETU;2474;518;0000000003423;376;KABINET ABSEN PL2.5;KABINET ABSEN PL2.5;NIE;;OK;
EGZEMPLARZ_SPRZETU;2475;518;0000000003424;377;KABINET ABSEN PL2.5;KABINET ABSEN PL2.5;NIE;;OK;
EGZEMPLARZ_SPRZETU;2476;518;0000000003425;378;KABINET ABSEN PL2.5;KABINET ABSEN PL2.5;NIE;;OK;
EGZEMPLARZ_SPRZETU;2477;518;0000000003426;379;KABINET ABSEN PL2.5;KABINET ABSEN PL2.5;NIE;;OK;
EGZEMPLARZ_SPRZETU;2478;518;0000000003085;38;KABINET ABSEN PL2.5;KABINET ABSEN PL2.5;NIE;;OK;
EGZEMPLARZ_SPRZETU;2479;518;0000000003427;380;KABINET ABSEN PL2.5;KABINET ABSEN PL2.5;NIE;;OK;
EGZEMPLARZ_SPRZETU;2480;518;0000000003428;381;KABINET ABSEN PL2.5;KABINET ABSEN PL2.5;NIE;;OK;
EGZEMPLARZ_SPRZETU;2481;518;0000000003429;382;KABINET ABSEN PL2.5;KABINET ABSEN PL2.5;NIE;;OK;
EGZEMPLARZ_SPRZETU;2482;518;0000000003430;383;KABINET ABSEN PL2.5;KABINET ABSEN PL2.5;NIE;;OK;
EGZEMPLARZ_SPRZETU;2483;518;0000000003431;384;KABINET ABSEN PL2.5;KABINET ABSEN PL2.5;NIE;;OK;
EGZEMPLARZ_SPRZETU;2484;518;0000000003432;385;KABINET ABSEN PL2.5;KABINET ABSEN PL2.5;NIE;;OK;
EGZEMPLARZ_SPRZETU;2485;518;0000000003433;386;KABINET ABSEN PL2.5;KABINET ABSEN PL2.5;NIE;;OK;
EGZEMPLARZ_SPRZETU;2486;518;0000000003434;387;KABINET ABSEN PL2.5;KABINET ABSEN PL2.5;NIE;;OK;
EGZEMPLARZ_SPRZETU;2487;518;0000000003435;388;KABINET ABSEN PL2.5;KABINET ABSEN PL2.5;NIE;;OK;
EGZEMPLARZ_SPRZETU;2488;518;0000000003436;389;KABINET ABSEN PL2.5;KABINET ABSEN PL2.5;NIE;;OK;
EGZEMPLARZ_SPRZETU;2489;518;0000000003086;39;KABINET ABSEN PL2.5;KABINET ABSEN PL2.5;NIE;;OK;
EGZEMPLARZ_SPRZETU;2490;518;0000000003437;390;KABINET ABSEN PL2.5;KABINET ABSEN PL2.5;NIE;;OK;
EGZEMPLARZ_SPRZETU;2491;518;0000000003438;391;KABINET ABSEN PL2.5;KABINET ABSEN PL2.5;NIE;;OK;
EGZEMPLARZ_SPRZETU;2492;518;0000000003439;392;KABINET ABSEN PL2.5;KABINET ABSEN PL2.5;NIE;;OK;
EGZEMPLARZ_SPRZETU;2493;518;0000000003440;393;KABINET ABSEN PL2.5;KABINET ABSEN PL2.5;NIE;;OK;
EGZEMPLARZ_SPRZETU;2494;518;0000000003441;394;KABINET ABSEN PL2.5;KABINET ABSEN PL2.5;NIE;;OK;
EGZEMPLARZ_SPRZETU;2495;518;0000000003442;395;KABINET ABSEN PL2.5;KABINET ABSEN PL2.5;NIE;;OK;
EGZEMPLARZ_SPRZETU;2496;518;0000000003443;396;KABINET ABSEN PL2.5;KABINET ABSEN PL2.5;NIE;;OK;
EGZEMPLARZ_SPRZETU;2497;518;0000000003444;397;KABINET ABSEN PL2.5;KABINET ABSEN PL2.5;NIE;;OK;
EGZEMPLARZ_SPRZETU;2498;518;0000000003445;398;KABINET ABSEN PL2.5;KABINET ABSEN PL2.5;NIE;;OK;
EGZEMPLARZ_SPRZETU;2499;518;0000000003446;399;KABINET ABSEN PL2.5;KABINET ABSEN PL2.5;NIE;;OK;
EGZEMPLARZ_SPRZETU;2500;518;0000000003051;4;KABINET ABSEN PL2.5;KABINET ABSEN PL2.5;NIE;;OK;
EGZEMPLARZ_SPRZETU;2501;518;0000000003087;40;KABINET ABSEN PL2.5;KABINET ABSEN PL2.5;NIE;;OK;
EGZEMPLARZ_SPRZETU;2502;518;0000000003447;400;KABINET ABSEN PL2.5;KABINET ABSEN PL2.5;NIE;;OK;
EGZEMPLARZ_SPRZETU;2503;518;0000000003448;401;KABINET ABSEN PL2.5;KABINET ABSEN PL2.5;NIE;;OK;
EGZEMPLARZ_SPRZETU;2504;518;0000000003449;402;KABINET ABSEN PL2.5;KABINET ABSEN PL2.5;NIE;;OK;
EGZEMPLARZ_SPRZETU;2505;518;0000000003450;403;KABINET ABSEN PL2.5;KABINET ABSEN PL2.5;NIE;;OK;
EGZEMPLARZ_SPRZETU;2506;518;0000000003451;404;KABINET ABSEN PL2.5;KABINET ABSEN PL2.5;NIE;;OK;
EGZEMPLARZ_SPRZETU;2507;518;0000000003452;405;KABINET ABSEN PL2.5;KABINET ABSEN PL2.5;NIE;;OK;
EGZEMPLARZ_SPRZETU;2508;518;0000000003453;406;KABINET ABSEN PL2.5;KABINET ABSEN PL2.5;NIE;;OK;
EGZEMPLARZ_SPRZETU;2509;518;0000000003454;407;KABINET ABSEN PL2.5;KABINET ABSEN PL2.5;NIE;;OK;
EGZEMPLARZ_SPRZETU;2510;518;0000000003455;408;KABINET ABSEN PL2.5;KABINET ABSEN PL2.5;NIE;;OK;
EGZEMPLARZ_SPRZETU;2511;518;0000000003456;409;KABINET ABSEN PL2.5;KABINET ABSEN PL2.5;NIE;;OK;
EGZEMPLARZ_SPRZETU;2512;518;0000000003088;41;KABINET ABSEN PL2.5;KABINET ABSEN PL2.5;NIE;;OK;
EGZEMPLARZ_SPRZETU;2513;518;0000000003457;410;KABINET ABSEN PL2.5;KABINET ABSEN PL2.5;NIE;;OK;
EGZEMPLARZ_SPRZETU;2514;518;0000000003458;411;KABINET ABSEN PL2.5;KABINET ABSEN PL2.5;NIE;;OK;
EGZEMPLARZ_SPRZETU;2515;518;0000000003459;412;KABINET ABSEN PL2.5;KABINET ABSEN PL2.5;NIE;;OK;
EGZEMPLARZ_SPRZETU;2516;518;0000000003460;413;KABINET ABSEN PL2.5;KABINET ABSEN PL2.5;NIE;;OK;
EGZEMPLARZ_SPRZETU;2517;518;0000000003461;414;KABINET ABSEN PL2.5;KABINET ABSEN PL2.5;NIE;;OK;
EGZEMPLARZ_SPRZETU;2518;518;0000000003462;415;KABINET ABSEN PL2.5;KABINET ABSEN PL2.5;NIE;;OK;
EGZEMPLARZ_SPRZETU;2519;518;0000000003463;416;KABINET ABSEN PL2.5;KABINET ABSEN PL2.5;NIE;;OK;
EGZEMPLARZ_SPRZETU;2520;518;0000000003464;417;KABINET ABSEN PL2.5;KABINET ABSEN PL2.5;NIE;;OK;
EGZEMPLARZ_SPRZETU;2521;518;0000000003465;418;KABINET ABSEN PL2.5;KABINET ABSEN PL2.5;NIE;;OK;
EGZEMPLARZ_SPRZETU;2522;518;0000000003466;419;KABINET ABSEN PL2.5;KABINET ABSEN PL2.5;NIE;;OK;
EGZEMPLARZ_SPRZETU;2523;518;0000000003089;42;KABINET ABSEN PL2.5;KABINET ABSEN PL2.5;NIE;;OK;
EGZEMPLARZ_SPRZETU;2524;518;0000000003467;420;KABINET ABSEN PL2.5;KABINET ABSEN PL2.5;NIE;;OK;
EGZEMPLARZ_SPRZETU;2525;518;0000000003468;421;KABINET ABSEN PL2.5;KABINET ABSEN PL2.5;NIE;;OK;
EGZEMPLARZ_SPRZETU;2526;518;0000000003469;422;KABINET ABSEN PL2.5;KABINET ABSEN PL2.5;NIE;;OK;
EGZEMPLARZ_SPRZETU;2527;518;0000000003470;423;KABINET ABSEN PL2.5;KABINET ABSEN PL2.5;NIE;;OK;
EGZEMPLARZ_SPRZETU;2528;518;0000000003471;424;KABINET ABSEN PL2.5;KABINET ABSEN PL2.5;NIE;;OK;
EGZEMPLARZ_SPRZETU;2529;518;0000000003472;425;KABINET ABSEN PL2.5;KABINET ABSEN PL2.5;NIE;;OK;
EGZEMPLARZ_SPRZETU;2530;518;0000000003473;426;KABINET ABSEN PL2.5;KABINET ABSEN PL2.5;NIE;;OK;
EGZEMPLARZ_SPRZETU;2531;518;0000000003474;427;KABINET ABSEN PL2.5;KABINET ABSEN PL2.5;NIE;;OK;
EGZEMPLARZ_SPRZETU;2532;518;0000000003475;428;KABINET ABSEN PL2.5;KABINET ABSEN PL2.5;NIE;;OK;
EGZEMPLARZ_SPRZETU;2533;518;0000000003476;429;KABINET ABSEN PL2.5;KABINET ABSEN PL2.5;NIE;;OK;
EGZEMPLARZ_SPRZETU;2534;518;0000000003090;43;KABINET ABSEN PL2.5;KABINET ABSEN PL2.5;NIE;;OK;
EGZEMPLARZ_SPRZETU;2535;518;0000000003477;430;KABINET ABSEN PL2.5;KABINET ABSEN PL2.5;NIE;;OK;
EGZEMPLARZ_SPRZETU;2536;518;0000000003478;431;KABINET ABSEN PL2.5;KABINET ABSEN PL2.5;NIE;;OK;
EGZEMPLARZ_SPRZETU;2537;518;0000000003479;432;KABINET ABSEN PL2.5;KABINET ABSEN PL2.5;NIE;;OK;
EGZEMPLARZ_SPRZETU;2538;518;0000000003480;433;KABINET ABSEN PL2.5;KABINET ABSEN PL2.5;NIE;;OK;
EGZEMPLARZ_SPRZETU;2539;518;0000000003481;434;KABINET ABSEN PL2.5;KABINET ABSEN PL2.5;NIE;;OK;
EGZEMPLARZ_SPRZETU;2540;518;0000000003482;435;KABINET ABSEN PL2.5;KABINET ABSEN PL2.5;NIE;;OK;
EGZEMPLARZ_SPRZETU;2541;518;0000000003483;436;KABINET ABSEN PL2.5;KABINET ABSEN PL2.5;NIE;;OK;
EGZEMPLARZ_SPRZETU;2542;518;0000000003484;437;KABINET ABSEN PL2.5;KABINET ABSEN PL2.5;NIE;;OK;
EGZEMPLARZ_SPRZETU;2543;518;0000000003485;438;KABINET ABSEN PL2.5;KABINET ABSEN PL2.5;NIE;;OK;
EGZEMPLARZ_SPRZETU;2544;518;0000000003486;439;KABINET ABSEN PL2.5;KABINET ABSEN PL2.5;NIE;;OK;
EGZEMPLARZ_SPRZETU;2545;518;0000000003091;44;KABINET ABSEN PL2.5;KABINET ABSEN PL2.5;NIE;;OK;
EGZEMPLARZ_SPRZETU;2546;518;0000000003487;440;KABINET ABSEN PL2.5;KABINET ABSEN PL2.5;NIE;;OK;
EGZEMPLARZ_SPRZETU;2547;518;0000000003488;441;KABINET ABSEN PL2.5;KABINET ABSEN PL2.5;NIE;;OK;
EGZEMPLARZ_SPRZETU;2548;518;0000000003489;442;KABINET ABSEN PL2.5;KABINET ABSEN PL2.5;NIE;;OK;
EGZEMPLARZ_SPRZETU;2549;518;0000000003490;443;KABINET ABSEN PL2.5;KABINET ABSEN PL2.5;NIE;;OK;
EGZEMPLARZ_SPRZETU;2550;518;0000000003491;444;KABINET ABSEN PL2.5;KABINET ABSEN PL2.5;NIE;;OK;
EGZEMPLARZ_SPRZETU;2551;518;0000000003492;445;KABINET ABSEN PL2.5;KABINET ABSEN PL2.5;NIE;;OK;
EGZEMPLARZ_SPRZETU;2552;518;0000000003493;446;KABINET ABSEN PL2.5;KABINET ABSEN PL2.5;NIE;;OK;
EGZEMPLARZ_SPRZETU;2553;518;0000000003494;447;KABINET ABSEN PL2.5;KABINET ABSEN PL2.5;NIE;;OK;
EGZEMPLARZ_SPRZETU;2554;518;0000000003495;448;KABINET ABSEN PL2.5;KABINET ABSEN PL2.5;NIE;;OK;
EGZEMPLARZ_SPRZETU;2555;518;0000000003496;449;KABINET ABSEN PL2.5;KABINET ABSEN PL2.5;NIE;;OK;
EGZEMPLARZ_SPRZETU;2556;518;0000000003092;45;KABINET ABSEN PL2.5;KABINET ABSEN PL2.5;NIE;;OK;
EGZEMPLARZ_SPRZETU;2557;518;0000000003497;450;KABINET ABSEN PL2.5;KABINET ABSEN PL2.5;NIE;;OK;
EGZEMPLARZ_SPRZETU;2558;518;0000000003498;451;KABINET ABSEN PL2.5;KABINET ABSEN PL2.5;NIE;;OK;
EGZEMPLARZ_SPRZETU;2559;518;0000000003499;452;KABINET ABSEN PL2.5;KABINET ABSEN PL2.5;NIE;;OK;
EGZEMPLARZ_SPRZETU;2560;518;0000000003500;453;KABINET ABSEN PL2.5;KABINET ABSEN PL2.5;NIE;;OK;
EGZEMPLARZ_SPRZETU;2561;518;0000000003501;454;KABINET ABSEN PL2.5;KABINET ABSEN PL2.5;NIE;;OK;
EGZEMPLARZ_SPRZETU;2562;518;0000000003502;455;KABINET ABSEN PL2.5;KABINET ABSEN PL2.5;NIE;;OK;
EGZEMPLARZ_SPRZETU;2563;518;0000000003503;456;KABINET ABSEN PL2.5;KABINET ABSEN PL2.5;NIE;;OK;
EGZEMPLARZ_SPRZETU;2564;518;0000000003504;457;KABINET ABSEN PL2.5;KABINET ABSEN PL2.5;NIE;;OK;
EGZEMPLARZ_SPRZETU;2565;518;0000000003505;458;KABINET ABSEN PL2.5;KABINET ABSEN PL2.5;NIE;;OK;
EGZEMPLARZ_SPRZETU;2566;518;0000000003506;459;KABINET ABSEN PL2.5;KABINET ABSEN PL2.5;NIE;;OK;
EGZEMPLARZ_SPRZETU;2567;518;0000000003093;46;KABINET ABSEN PL2.5;KABINET ABSEN PL2.5;NIE;;OK;
EGZEMPLARZ_SPRZETU;2568;518;0000000003507;460;KABINET ABSEN PL2.5;KABINET ABSEN PL2.5;NIE;;OK;
EGZEMPLARZ_SPRZETU;2569;518;0000000003508;461;KABINET ABSEN PL2.5;KABINET ABSEN PL2.5;NIE;;OK;
EGZEMPLARZ_SPRZETU;2570;518;0000000003509;462;KABINET ABSEN PL2.5;KABINET ABSEN PL2.5;NIE;;OK;
EGZEMPLARZ_SPRZETU;2571;518;0000000003510;463;KABINET ABSEN PL2.5;KABINET ABSEN PL2.5;NIE;;OK;
EGZEMPLARZ_SPRZETU;2572;518;0000000003511;464;KABINET ABSEN PL2.5;KABINET ABSEN PL2.5;NIE;;OK;
EGZEMPLARZ_SPRZETU;2573;518;0000000003512;465;KABINET ABSEN PL2.5;KABINET ABSEN PL2.5;NIE;;OK;
EGZEMPLARZ_SPRZETU;2574;518;0000000003513;466;KABINET ABSEN PL2.5;KABINET ABSEN PL2.5;NIE;;OK;
EGZEMPLARZ_SPRZETU;2575;518;0000000003514;467;KABINET ABSEN PL2.5;KABINET ABSEN PL2.5;NIE;;OK;
EGZEMPLARZ_SPRZETU;2576;518;0000000003515;468;KABINET ABSEN PL2.5;KABINET ABSEN PL2.5;NIE;;OK;
EGZEMPLARZ_SPRZETU;2577;518;0000000003516;469;KABINET ABSEN PL2.5;KABINET ABSEN PL2.5;NIE;;OK;
EGZEMPLARZ_SPRZETU;2578;518;0000000003094;47;KABINET ABSEN PL2.5;KABINET ABSEN PL2.5;NIE;;OK;
EGZEMPLARZ_SPRZETU;2579;518;0000000003517;470;KABINET ABSEN PL2.5;KABINET ABSEN PL2.5;NIE;;OK;
EGZEMPLARZ_SPRZETU;2580;518;0000000003518;471;KABINET ABSEN PL2.5;KABINET ABSEN PL2.5;NIE;;OK;
EGZEMPLARZ_SPRZETU;2581;518;0000000003519;472;KABINET ABSEN PL2.5;KABINET ABSEN PL2.5;NIE;;OK;
EGZEMPLARZ_SPRZETU;2582;518;0000000003520;473;KABINET ABSEN PL2.5;KABINET ABSEN PL2.5;NIE;;OK;
EGZEMPLARZ_SPRZETU;2583;518;0000000003521;474;KABINET ABSEN PL2.5;KABINET ABSEN PL2.5;NIE;;OK;
EGZEMPLARZ_SPRZETU;2584;518;0000000003522;475;KABINET ABSEN PL2.5;KABINET ABSEN PL2.5;NIE;;OK;
EGZEMPLARZ_SPRZETU;2585;518;0000000003523;476;KABINET ABSEN PL2.5;KABINET ABSEN PL2.5;NIE;;OK;
EGZEMPLARZ_SPRZETU;2586;518;0000000003524;477;KABINET ABSEN PL2.5;KABINET ABSEN PL2.5;NIE;;OK;
EGZEMPLARZ_SPRZETU;2587;518;0000000003525;478;KABINET ABSEN PL2.5;KABINET ABSEN PL2.5;NIE;;OK;
EGZEMPLARZ_SPRZETU;2588;518;0000000003526;479;KABINET ABSEN PL2.5;KABINET ABSEN PL2.5;NIE;;OK;
EGZEMPLARZ_SPRZETU;2589;518;0000000003095;48;KABINET ABSEN PL2.5;KABINET ABSEN PL2.5;NIE;;OK;
EGZEMPLARZ_SPRZETU;2590;518;0000000003527;480;KABINET ABSEN PL2.5;KABINET ABSEN PL2.5;NIE;;OK;
EGZEMPLARZ_SPRZETU;2591;518;0000000003528;481;KABINET ABSEN PL2.5;KABINET ABSEN PL2.5;NIE;;OK;
EGZEMPLARZ_SPRZETU;2592;518;0000000003529;482;KABINET ABSEN PL2.5;KABINET ABSEN PL2.5;NIE;;OK;
EGZEMPLARZ_SPRZETU;2593;518;0000000003530;483;KABINET ABSEN PL2.5;KABINET ABSEN PL2.5;NIE;;OK;
EGZEMPLARZ_SPRZETU;2594;518;0000000003531;484;KABINET ABSEN PL2.5;KABINET ABSEN PL2.5;NIE;;OK;
EGZEMPLARZ_SPRZETU;2595;518;0000000003532;485;KABINET ABSEN PL2.5;KABINET ABSEN PL2.5;NIE;;OK;
EGZEMPLARZ_SPRZETU;2596;518;0000000003533;486;KABINET ABSEN PL2.5;KABINET ABSEN PL2.5;NIE;;OK;
EGZEMPLARZ_SPRZETU;2597;518;0000000003534;487;KABINET ABSEN PL2.5;KABINET ABSEN PL2.5;NIE;;OK;
EGZEMPLARZ_SPRZETU;2598;518;0000000003535;488;KABINET ABSEN PL2.5;KABINET ABSEN PL2.5;NIE;;OK;
EGZEMPLARZ_SPRZETU;2599;518;0000000003536;489;KABINET ABSEN PL2.5;KABINET ABSEN PL2.5;NIE;;OK;
EGZEMPLARZ_SPRZETU;2600;518;0000000003096;49;KABINET ABSEN PL2.5;KABINET ABSEN PL2.5;NIE;;OK;
EGZEMPLARZ_SPRZETU;2601;518;0000000003537;490;KABINET ABSEN PL2.5;KABINET ABSEN PL2.5;NIE;;OK;
EGZEMPLARZ_SPRZETU;2602;518;0000000003538;491;KABINET ABSEN PL2.5;KABINET ABSEN PL2.5;NIE;;OK;
EGZEMPLARZ_SPRZETU;2603;518;0000000003539;492;KABINET ABSEN PL2.5;KABINET ABSEN PL2.5;NIE;;OK;
EGZEMPLARZ_SPRZETU;2604;518;0000000003052;5;KABINET ABSEN PL2.5;KABINET ABSEN PL2.5;NIE;;OK;
EGZEMPLARZ_SPRZETU;2605;518;0000000003097;50;KABINET ABSEN PL2.5;KABINET ABSEN PL2.5;NIE;;OK;
EGZEMPLARZ_SPRZETU;2606;518;0000000003098;51;KABINET ABSEN PL2.5;KABINET ABSEN PL2.5;NIE;;OK;
EGZEMPLARZ_SPRZETU;2607;518;0000000003099;52;KABINET ABSEN PL2.5;KABINET ABSEN PL2.5;NIE;;OK;
EGZEMPLARZ_SPRZETU;2608;518;0000000003100;53;KABINET ABSEN PL2.5;KABINET ABSEN PL2.5;NIE;;OK;
EGZEMPLARZ_SPRZETU;2609;518;0000000003101;54;KABINET ABSEN PL2.5;KABINET ABSEN PL2.5;NIE;;OK;
EGZEMPLARZ_SPRZETU;2610;518;0000000003102;55;KABINET ABSEN PL2.5;KABINET ABSEN PL2.5;NIE;;OK;
EGZEMPLARZ_SPRZETU;2611;518;0000000003103;56;KABINET ABSEN PL2.5;KABINET ABSEN PL2.5;NIE;;OK;
EGZEMPLARZ_SPRZETU;2612;518;0000000003104;57;KABINET ABSEN PL2.5;KABINET ABSEN PL2.5;NIE;;OK;
EGZEMPLARZ_SPRZETU;2613;518;0000000003105;58;KABINET ABSEN PL2.5;KABINET ABSEN PL2.5;NIE;;OK;
EGZEMPLARZ_SPRZETU;2614;518;0000000003106;59;KABINET ABSEN PL2.5;KABINET ABSEN PL2.5;NIE;;OK;
EGZEMPLARZ_SPRZETU;2615;518;0000000003053;6;KABINET ABSEN PL2.5;KABINET ABSEN PL2.5;NIE;;OK;
EGZEMPLARZ_SPRZETU;2616;518;0000000003107;60;KABINET ABSEN PL2.5;KABINET ABSEN PL2.5;NIE;;OK;
EGZEMPLARZ_SPRZETU;2617;518;0000000003108;61;KABINET ABSEN PL2.5;KABINET ABSEN PL2.5;NIE;;OK;
EGZEMPLARZ_SPRZETU;2618;518;0000000003109;62;KABINET ABSEN PL2.5;KABINET ABSEN PL2.5;NIE;;OK;
EGZEMPLARZ_SPRZETU;2619;518;0000000003110;63;KABINET ABSEN PL2.5;KABINET ABSEN PL2.5;NIE;;OK;
EGZEMPLARZ_SPRZETU;2620;518;0000000003111;64;KABINET ABSEN PL2.5;KABINET ABSEN PL2.5;NIE;;OK;
EGZEMPLARZ_SPRZETU;2621;518;0000000003112;65;KABINET ABSEN PL2.5;KABINET ABSEN PL2.5;NIE;;OK;
EGZEMPLARZ_SPRZETU;2622;518;0000000003113;66;KABINET ABSEN PL2.5;KABINET ABSEN PL2.5;NIE;;OK;
EGZEMPLARZ_SPRZETU;2623;518;0000000003114;67;KABINET ABSEN PL2.5;KABINET ABSEN PL2.5;NIE;;OK;
EGZEMPLARZ_SPRZETU;2624;518;0000000003115;68;KABINET ABSEN PL2.5;KABINET ABSEN PL2.5;NIE;;OK;
EGZEMPLARZ_SPRZETU;2625;518;0000000003116;69;KABINET ABSEN PL2.5;KABINET ABSEN PL2.5;NIE;;OK;
EGZEMPLARZ_SPRZETU;2626;518;0000000003054;7;KABINET ABSEN PL2.5;KABINET ABSEN PL2.5;NIE;;OK;
EGZEMPLARZ_SPRZETU;2627;518;0000000003117;70;KABINET ABSEN PL2.5;KABINET ABSEN PL2.5;NIE;;OK;
EGZEMPLARZ_SPRZETU;2628;518;0000000003118;71;KABINET ABSEN PL2.5;KABINET ABSEN PL2.5;NIE;;OK;
EGZEMPLARZ_SPRZETU;2629;518;0000000003119;72;KABINET ABSEN PL2.5;KABINET ABSEN PL2.5;NIE;;OK;
EGZEMPLARZ_SPRZETU;2630;518;0000000003120;73;KABINET ABSEN PL2.5;KABINET ABSEN PL2.5;NIE;;OK;
EGZEMPLARZ_SPRZETU;2631;518;0000000003121;74;KABINET ABSEN PL2.5;KABINET ABSEN PL2.5;NIE;;OK;
EGZEMPLARZ_SPRZETU;2632;518;0000000003122;75;KABINET ABSEN PL2.5;KABINET ABSEN PL2.5;NIE;;OK;
EGZEMPLARZ_SPRZETU;2633;518;0000000003123;76;KABINET ABSEN PL2.5;KABINET ABSEN PL2.5;NIE;;OK;
EGZEMPLARZ_SPRZETU;2634;518;0000000003124;77;KABINET ABSEN PL2.5;KABINET ABSEN PL2.5;NIE;;OK;
EGZEMPLARZ_SPRZETU;2635;518;0000000003125;78;KABINET ABSEN PL2.5;KABINET ABSEN PL2.5;NIE;;OK;
EGZEMPLARZ_SPRZETU;2636;518;0000000003126;79;KABINET ABSEN PL2.5;KABINET ABSEN PL2.5;NIE;;OK;
EGZEMPLARZ_SPRZETU;2637;518;0000000003055;8;KABINET ABSEN PL2.5;KABINET ABSEN PL2.5;NIE;;OK;
EGZEMPLARZ_SPRZETU;2638;518;0000000003127;80;KABINET ABSEN PL2.5;KABINET ABSEN PL2.5;NIE;;OK;
EGZEMPLARZ_SPRZETU;2639;518;0000000003128;81;KABINET ABSEN PL2.5;KABINET ABSEN PL2.5;NIE;;OK;
EGZEMPLARZ_SPRZETU;2640;518;0000000003129;82;KABINET ABSEN PL2.5;KABINET ABSEN PL2.5;NIE;;OK;
EGZEMPLARZ_SPRZETU;2641;518;0000000003130;83;KABINET ABSEN PL2.5;KABINET ABSEN PL2.5;NIE;;OK;
EGZEMPLARZ_SPRZETU;2642;518;0000000003131;84;KABINET ABSEN PL2.5;KABINET ABSEN PL2.5;NIE;;OK;
EGZEMPLARZ_SPRZETU;2643;518;0000000003132;85;KABINET ABSEN PL2.5;KABINET ABSEN PL2.5;NIE;;OK;
EGZEMPLARZ_SPRZETU;2644;518;0000000003133;86;KABINET ABSEN PL2.5;KABINET ABSEN PL2.5;NIE;;OK;
EGZEMPLARZ_SPRZETU;2645;518;0000000003134;87;KABINET ABSEN PL2.5;KABINET ABSEN PL2.5;NIE;;OK;
EGZEMPLARZ_SPRZETU;2646;518;0000000003135;88;KABINET ABSEN PL2.5;KABINET ABSEN PL2.5;NIE;;OK;
EGZEMPLARZ_SPRZETU;2647;518;0000000003136;89;KABINET ABSEN PL2.5;KABINET ABSEN PL2.5;NIE;;OK;
EGZEMPLARZ_SPRZETU;2648;518;0000000003056;9;KABINET ABSEN PL2.5;KABINET ABSEN PL2.5;NIE;;OK;
EGZEMPLARZ_SPRZETU;2649;518;0000000003137;90;KABINET ABSEN PL2.5;KABINET ABSEN PL2.5;NIE;;OK;
EGZEMPLARZ_SPRZETU;2650;518;0000000003138;91;KABINET ABSEN PL2.5;KABINET ABSEN PL2.5;NIE;;OK;
EGZEMPLARZ_SPRZETU;2651;518;0000000003139;92;KABINET ABSEN PL2.5;KABINET ABSEN PL2.5;NIE;;OK;
EGZEMPLARZ_SPRZETU;2652;518;0000000003140;93;KABINET ABSEN PL2.5;KABINET ABSEN PL2.5;NIE;;OK;
EGZEMPLARZ_SPRZETU;2653;518;0000000003141;94;KABINET ABSEN PL2.5;KABINET ABSEN PL2.5;NIE;;OK;
EGZEMPLARZ_SPRZETU;2654;518;0000000003142;95;KABINET ABSEN PL2.5;KABINET ABSEN PL2.5;NIE;;OK;
EGZEMPLARZ_SPRZETU;2655;518;0000000003143;96;KABINET ABSEN PL2.5;KABINET ABSEN PL2.5;NIE;;OK;
EGZEMPLARZ_SPRZETU;2656;518;0000000003144;97;KABINET ABSEN PL2.5;KABINET ABSEN PL2.5;NIE;;OK;
EGZEMPLARZ_SPRZETU;2657;518;0000000003145;98;KABINET ABSEN PL2.5;KABINET ABSEN PL2.5;NIE;;OK;
EGZEMPLARZ_SPRZETU;2658;518;0000000003146;99;KABINET ABSEN PL2.5;KABINET ABSEN PL2.5;NIE;;OK;
MODEL_SPRZETU;519;519;0200000000567;;KABINET ABSEN PL2.5 V2 CORNER;KABINET ABSEN PL2.5 V2 CORNER;NIE;;OK;
EGZEMPLARZ_SPRZETU;1999;519;0000000002880;1;KABINET ABSEN PL2.5 V2 CORNER;KABINET ABSEN PL2.5 V2 CORNER;NIE;;OK;
EGZEMPLARZ_SPRZETU;2000;519;0000000002889;10;KABINET ABSEN PL2.5 V2 CORNER;KABINET ABSEN PL2.5 V2 CORNER;NIE;;OK;
EGZEMPLARZ_SPRZETU;2001;519;0000000002890;11;KABINET ABSEN PL2.5 V2 CORNER;KABINET ABSEN PL2.5 V2 CORNER;NIE;;OK;
EGZEMPLARZ_SPRZETU;2002;519;0000000002891;12;KABINET ABSEN PL2.5 V2 CORNER;KABINET ABSEN PL2.5 V2 CORNER;NIE;;OK;
EGZEMPLARZ_SPRZETU;2003;519;0000000002892;13;KABINET ABSEN PL2.5 V2 CORNER;KABINET ABSEN PL2.5 V2 CORNER;NIE;;OK;
EGZEMPLARZ_SPRZETU;2004;519;0000000002893;14;KABINET ABSEN PL2.5 V2 CORNER;KABINET ABSEN PL2.5 V2 CORNER;NIE;;OK;
EGZEMPLARZ_SPRZETU;2005;519;0000000002894;15;KABINET ABSEN PL2.5 V2 CORNER;KABINET ABSEN PL2.5 V2 CORNER;NIE;;OK;
EGZEMPLARZ_SPRZETU;2006;519;0000000002895;16;KABINET ABSEN PL2.5 V2 CORNER;KABINET ABSEN PL2.5 V2 CORNER;NIE;;OK;
EGZEMPLARZ_SPRZETU;2007;519;0000000002896;17;KABINET ABSEN PL2.5 V2 CORNER;KABINET ABSEN PL2.5 V2 CORNER;NIE;;OK;
EGZEMPLARZ_SPRZETU;2008;519;0000000002897;18;KABINET ABSEN PL2.5 V2 CORNER;KABINET ABSEN PL2.5 V2 CORNER;NIE;;OK;
EGZEMPLARZ_SPRZETU;2009;519;0000000002898;19;KABINET ABSEN PL2.5 V2 CORNER;KABINET ABSEN PL2.5 V2 CORNER;NIE;;OK;
EGZEMPLARZ_SPRZETU;2010;519;0000000002881;2;KABINET ABSEN PL2.5 V2 CORNER;KABINET ABSEN PL2.5 V2 CORNER;NIE;;OK;
EGZEMPLARZ_SPRZETU;2011;519;0000000002899;20;KABINET ABSEN PL2.5 V2 CORNER;KABINET ABSEN PL2.5 V2 CORNER;NIE;;OK;
EGZEMPLARZ_SPRZETU;2012;519;0000000002900;21;KABINET ABSEN PL2.5 V2 CORNER;KABINET ABSEN PL2.5 V2 CORNER;NIE;;OK;
EGZEMPLARZ_SPRZETU;2013;519;0000000002901;22;KABINET ABSEN PL2.5 V2 CORNER;KABINET ABSEN PL2.5 V2 CORNER;NIE;;OK;
EGZEMPLARZ_SPRZETU;2014;519;0000000002902;23;KABINET ABSEN PL2.5 V2 CORNER;KABINET ABSEN PL2.5 V2 CORNER;NIE;;OK;
EGZEMPLARZ_SPRZETU;2015;519;0000000002903;24;KABINET ABSEN PL2.5 V2 CORNER;KABINET ABSEN PL2.5 V2 CORNER;NIE;;OK;
EGZEMPLARZ_SPRZETU;2016;519;0000000002904;25;KABINET ABSEN PL2.5 V2 CORNER;KABINET ABSEN PL2.5 V2 CORNER;NIE;;OK;
EGZEMPLARZ_SPRZETU;2017;519;0000000002905;26;KABINET ABSEN PL2.5 V2 CORNER;KABINET ABSEN PL2.5 V2 CORNER;NIE;;OK;
EGZEMPLARZ_SPRZETU;2018;519;0000000002906;27;KABINET ABSEN PL2.5 V2 CORNER;KABINET ABSEN PL2.5 V2 CORNER;NIE;;OK;
EGZEMPLARZ_SPRZETU;2019;519;0000000002907;28;KABINET ABSEN PL2.5 V2 CORNER;KABINET ABSEN PL2.5 V2 CORNER;NIE;;OK;
EGZEMPLARZ_SPRZETU;2020;519;0000000002908;29;KABINET ABSEN PL2.5 V2 CORNER;KABINET ABSEN PL2.5 V2 CORNER;NIE;;OK;
EGZEMPLARZ_SPRZETU;2021;519;0000000002882;3;KABINET ABSEN PL2.5 V2 CORNER;KABINET ABSEN PL2.5 V2 CORNER;NIE;;OK;
EGZEMPLARZ_SPRZETU;2022;519;0000000002909;30;KABINET ABSEN PL2.5 V2 CORNER;KABINET ABSEN PL2.5 V2 CORNER;NIE;;OK;
EGZEMPLARZ_SPRZETU;2023;519;0000000002910;31;KABINET ABSEN PL2.5 V2 CORNER;KABINET ABSEN PL2.5 V2 CORNER;NIE;;OK;
EGZEMPLARZ_SPRZETU;2024;519;0000000002911;32;KABINET ABSEN PL2.5 V2 CORNER;KABINET ABSEN PL2.5 V2 CORNER;NIE;;OK;
EGZEMPLARZ_SPRZETU;2025;519;0000000002912;33;KABINET ABSEN PL2.5 V2 CORNER;KABINET ABSEN PL2.5 V2 CORNER;NIE;;OK;
EGZEMPLARZ_SPRZETU;2026;519;0000000002913;34;KABINET ABSEN PL2.5 V2 CORNER;KABINET ABSEN PL2.5 V2 CORNER;NIE;;OK;
EGZEMPLARZ_SPRZETU;2027;519;0000000002914;35;KABINET ABSEN PL2.5 V2 CORNER;KABINET ABSEN PL2.5 V2 CORNER;NIE;;OK;
EGZEMPLARZ_SPRZETU;2028;519;0000000002915;36;KABINET ABSEN PL2.5 V2 CORNER;KABINET ABSEN PL2.5 V2 CORNER;NIE;;OK;
EGZEMPLARZ_SPRZETU;2029;519;0000000002916;37;KABINET ABSEN PL2.5 V2 CORNER;KABINET ABSEN PL2.5 V2 CORNER;NIE;;OK;
EGZEMPLARZ_SPRZETU;2030;519;0000000002917;38;KABINET ABSEN PL2.5 V2 CORNER;KABINET ABSEN PL2.5 V2 CORNER;NIE;;OK;
EGZEMPLARZ_SPRZETU;2031;519;0000000002918;39;KABINET ABSEN PL2.5 V2 CORNER;KABINET ABSEN PL2.5 V2 CORNER;NIE;;OK;
EGZEMPLARZ_SPRZETU;2032;519;0000000002883;4;KABINET ABSEN PL2.5 V2 CORNER;KABINET ABSEN PL2.5 V2 CORNER;NIE;;OK;
EGZEMPLARZ_SPRZETU;2033;519;0000000002919;40;KABINET ABSEN PL2.5 V2 CORNER;KABINET ABSEN PL2.5 V2 CORNER;NIE;;OK;
EGZEMPLARZ_SPRZETU;2034;519;0000000002920;41;KABINET ABSEN PL2.5 V2 CORNER;KABINET ABSEN PL2.5 V2 CORNER;NIE;;OK;
EGZEMPLARZ_SPRZETU;2035;519;0000000002921;42;KABINET ABSEN PL2.5 V2 CORNER;KABINET ABSEN PL2.5 V2 CORNER;NIE;;OK;
EGZEMPLARZ_SPRZETU;2036;519;0000000002922;43;KABINET ABSEN PL2.5 V2 CORNER;KABINET ABSEN PL2.5 V2 CORNER;NIE;;OK;
EGZEMPLARZ_SPRZETU;2037;519;0000000002923;44;KABINET ABSEN PL2.5 V2 CORNER;KABINET ABSEN PL2.5 V2 CORNER;NIE;;OK;
EGZEMPLARZ_SPRZETU;2038;519;0000000002924;45;KABINET ABSEN PL2.5 V2 CORNER;KABINET ABSEN PL2.5 V2 CORNER;NIE;;OK;
EGZEMPLARZ_SPRZETU;2039;519;0000000002925;46;KABINET ABSEN PL2.5 V2 CORNER;KABINET ABSEN PL2.5 V2 CORNER;NIE;;OK;
EGZEMPLARZ_SPRZETU;2040;519;0000000002926;47;KABINET ABSEN PL2.5 V2 CORNER;KABINET ABSEN PL2.5 V2 CORNER;NIE;;OK;
EGZEMPLARZ_SPRZETU;2041;519;0000000002927;48;KABINET ABSEN PL2.5 V2 CORNER;KABINET ABSEN PL2.5 V2 CORNER;NIE;;OK;
EGZEMPLARZ_SPRZETU;2042;519;0000000002884;5;KABINET ABSEN PL2.5 V2 CORNER;KABINET ABSEN PL2.5 V2 CORNER;NIE;;OK;
EGZEMPLARZ_SPRZETU;2043;519;0000000002885;6;KABINET ABSEN PL2.5 V2 CORNER;KABINET ABSEN PL2.5 V2 CORNER;NIE;;OK;
EGZEMPLARZ_SPRZETU;2044;519;0000000002886;7;KABINET ABSEN PL2.5 V2 CORNER;KABINET ABSEN PL2.5 V2 CORNER;NIE;;OK;
EGZEMPLARZ_SPRZETU;2045;519;0000000002887;8;KABINET ABSEN PL2.5 V2 CORNER;KABINET ABSEN PL2.5 V2 CORNER;NIE;;OK;
EGZEMPLARZ_SPRZETU;2046;519;0000000002888;9;KABINET ABSEN PL2.5 V2 CORNER;KABINET ABSEN PL2.5 V2 CORNER;NIE;;OK;
MODEL_SPRZETU;520;520;0200000000177;;KCa Dwuosobowa kabina do tłumaczeń symultanicznych;KCa Dwuosobowa kabina do tłumaczeń symultanicznych;NIE;;OK;
EGZEMPLARZ_SPRZETU;948;520;0000000000978;1;KCa Dwuosobowa kabina do tłumaczeń symultanicznych;KCa Dwuosobowa kabina do tłumaczeń symultanicznych;NIE;;OK;
MODEL_SPRZETU;521;521;0000000002683;;Kabel Ethercon 10m;Kabel Ethercon 10m;NIE;;OK;
MODEL_SPRZETU;522;522;0000000002684;;Kabel Ethercon 15m;Kabel Ethercon 15m;NIE;;OK;
MODEL_SPRZETU;523;523;0000000002681;;Kabel Ethercon 1m;Kabel Ethercon 1m;NIE;;OK;
MODEL_SPRZETU;524;524;0000000002682;;Kabel Ethercon 5m;Kabel Ethercon 5m;NIE;;OK;
MODEL_SPRZETU;525;525;0000000002547;;Kabel HDMI - USB-C 1,8m;Kabel HDMI - USB-C 1,8m;NIE;;OK;
MODEL_SPRZETU;526;526;0000000002619;;Kabel HDMI - mini DP 3,0m;Kabel HDMI - mini DP 3,0m;NIE;;OK;
MODEL_SPRZETU;527;527;0000000002687;;Kabel Truecon 10m;Kabel Truecon 10m;NIE;;OK;
MODEL_SPRZETU;528;528;0000000002685;;Kabel Truecon 1m;Kabel Truecon 1m;NIE;;OK;
MODEL_SPRZETU;529;529;0000000002686;;Kabel Truecon 5m;Kabel Truecon 5m;NIE;;OK;
MODEL_SPRZETU;530;530;0000000002600;;Kabel USB - USB C 0,4m;Kabel USB - USB C 0,4m;NIE;;OK;
MODEL_SPRZETU;531;531;0000000002621;;Kabel USB - USB C 1,0m;Kabel USB - USB C 1,0m;NIE;;OK;
MODEL_SPRZETU;532;532;0000000002620;;Kabel USB - micro USB 1,5m;Kabel USB - micro USB 1,5m;NIE;;OK;
MODEL_SPRZETU;533;533;0000000001332;;Kabel USB B 1,5m;Kabel USB B 1,5m;NIE;;OK;
MODEL_SPRZETU;534;534;0200000000580;;Kabel USB C - USB C (FX6);Kabel USB C - USB C (FX6);NIE;;OK;
EGZEMPLARZ_SPRZETU;2701;534;0000000003562;1;Kabel USB C - USB C;Kabel USB C - USB C;NIE;;OK;
EGZEMPLARZ_SPRZETU;2702;534;0000000003578;2;Kabel USB C - USB C;Kabel USB C - USB C;NIE;;OK;
MODEL_SPRZETU;535;535;0000000002622;;Kabel USB C 0,4m;Kabel USB C 0,4m;NIE;;OK;
MODEL_SPRZETU;536;536;0000000002599;;Kabel USB C 1,0m;Kabel USB C 1,0m;NIE;;OK;
MODEL_SPRZETU;537;537;0000000001558;;Kabel antenowy;Kabel antenowy;NIE;;OK;
MODEL_SPRZETU;538;538;0200000000475;;Kamera Blackmagic Studio Camera 4K Pro;Kamera Blackmagic Studio Camera 4K Pro;NIE;;OK;
EGZEMPLARZ_SPRZETU;1895;538;0000000002557;1;Kamera Blackmagic Studio Camera 4K Pro;Kamera Blackmagic Studio Camera 4K Pro;NIE;;OK;
EGZEMPLARZ_SPRZETU;1896;538;0000000002558;2;Kamera Blackmagic Studio Camera 4K Pro;Kamera Blackmagic Studio Camera 4K Pro;NIE;;OK;
EGZEMPLARZ_SPRZETU;1897;538;0000000002559;3;Kamera Blackmagic Studio Camera 4K Pro;Kamera Blackmagic Studio Camera 4K Pro;NIE;;OK;
EGZEMPLARZ_SPRZETU;1898;538;0000000002560;4;Kamera Blackmagic Studio Camera 4K Pro;Kamera Blackmagic Studio Camera 4K Pro;NIE;;OK;
EGZEMPLARZ_SPRZETU;1899;538;0000000002561;5;Kamera Blackmagic Studio Camera 4K Pro;Kamera Blackmagic Studio Camera 4K Pro;NIE;;OK;
MODEL_SPRZETU;539;539;0200000000570;;Kamera Sony PXW-FX6;Kamera Sony PXW-FX6;NIE;;OK;
EGZEMPLARZ_SPRZETU;2674;539;0000000003550;1;Kamera Sony PXW-FX6;Kamera Sony PXW-FX6;NIE;;OK;
EGZEMPLARZ_SPRZETU;2675;539;0000000003566;2;Kamera Sony PXW-FX6;Kamera Sony PXW-FX6;NIE;;OK;
MODEL_SPRZETU;540;540;0200000000027;;Kamera Sony PXW-X70;Kamera Sony PXW-X70;NIE;;OK;
EGZEMPLARZ_SPRZETU;1302;540;0000000000062;1;Kamera Sony PXW-X70;Kamera Sony PXW-X70;NIE;;OK;
EGZEMPLARZ_SPRZETU;1303;540;0000000000063;2;Kamera Sony PXW-X70;Kamera Sony PXW-X70;NIE;;OK;
EGZEMPLARZ_SPRZETU;1304;540;0000000000064;3;Kamera Sony PXW-X70;Kamera Sony PXW-X70;NIE;;OK;
EGZEMPLARZ_SPRZETU;1305;540;0000000000065;4;Kamera Sony PXW-X70;Kamera Sony PXW-X70;NIE;;OK;
EGZEMPLARZ_SPRZETU;1306;540;0000000000066;5;Kamera Sony PXW-X70;Kamera Sony PXW-X70;NIE;;OK;
EGZEMPLARZ_SPRZETU;1307;540;0000000000067;6;Kamera Sony PXW-X70;Kamera Sony PXW-X70;NIE;;OK;
EGZEMPLARZ_SPRZETU;1308;540;0000000000068;7;Kamera Sony PXW-X70;Kamera Sony PXW-X70;NIE;;OK;
MODEL_SPRZETU;541;541;0200000000201;;Kamera internetowa Logitech C 920;Kamera internetowa Logitech C 920;NIE;;OK;
EGZEMPLARZ_SPRZETU;1036;541;0000000001051;1;Kamera internetowa Logitech C 920;Kamera internetowa Logitech C 920;NIE;;OK;
MODEL_SPRZETU;542;542;0200000000578;;Karta Lexar CFexpress 4.0 Pro Gold, VPG400, R1800/W1650 (Type A) 1TB;Karta Lexar CFexpress 4.0 Pro Gold, VPG400, R1800/W1650 (Type A) 1TB;NIE;;OK;
EGZEMPLARZ_SPRZETU;2691;542;0000000003559;1;Karta Lexar CFexpress 4.0 Pro Gold, VPG400, R1800/W1650 (Type A) 1TB;Karta Lexar CFexpress 4.0 Pro Gold, VPG400, R1800/W1650 (Type A) 1TB;NIE;;OK;
EGZEMPLARZ_SPRZETU;2692;542;0000000003560;2;Karta Lexar CFexpress 4.0 Pro Gold, VPG400, R1800/W1650 (Type A) 1TB;Karta Lexar CFexpress 4.0 Pro Gold, VPG400, R1800/W1650 (Type A) 1TB;NIE;;OK;
EGZEMPLARZ_SPRZETU;2693;542;0000000003575;3;Karta Lexar CFexpress 4.0 Pro Gold, VPG400, R1800/W1650 (Type A) 1TB;Karta Lexar CFexpress 4.0 Pro Gold, VPG400, R1800/W1650 (Type A) 1TB;NIE;;OK;
EGZEMPLARZ_SPRZETU;2694;542;0000000003576;4;Karta Lexar CFexpress 4.0 Pro Gold, VPG400, R1800/W1650 (Type A) 1TB;Karta Lexar CFexpress 4.0 Pro Gold, VPG400, R1800/W1650 (Type A) 1TB;NIE;;OK;
MODEL_SPRZETU;543;543;0200000000130;;Karta przechwytująca HDMI;Karta przechwytująca HDMI;NIE;;OK;
EGZEMPLARZ_SPRZETU;623;543;0000000000657;1;CAM LINK Elgato 4K;CAM LINK Elgato 4K;NIE;;OK;
EGZEMPLARZ_SPRZETU;624;543;0000000000659;1;AverMedia Live Gamer Portable 2;AverMedia Live Gamer Portable 2;NIE;;OK;
EGZEMPLARZ_SPRZETU;625;543;0000000000658;2;CAM LINK Elgato 4K;CAM LINK Elgato 4K;NIE;;OK;
MODEL_SPRZETU;544;544;0200000000211;;KeyDigital KD-1x4CSK splitter HDMI 1:4 4K;KeyDigital KD-1x4CSK splitter HDMI 1:4 4K;NIE;;OK;
EGZEMPLARZ_SPRZETU;1142;544;0000000001125;1;KeyDigital KD-1x4CSK splitter HDMI 1:4 4K;KeyDigital KD-1x4CSK splitter HDMI 1:4 4K;NIE;;OK;
EGZEMPLARZ_SPRZETU;1143;544;0000000001126;2;KeyDigital KD-1x4CSK splitter HDMI 1:4 4K;KeyDigital KD-1x4CSK splitter HDMI 1:4 4K;NIE;;OK;
MODEL_SPRZETU;545;545;0200000000210;;KeyDigital KD-DA1x4X splitter HDMI 1:4 4K;KeyDigital KD-DA1x4X splitter HDMI 1:4 4K;NIE;;OK;
EGZEMPLARZ_SPRZETU;1141;545;0000000001124;1;KeyDigital KD-DA1x4X splitter HDMI 1:4 4K;KeyDigital KD-DA1x4X splitter HDMI 1:4 4K;NIE;;OK;
MODEL_SPRZETU;546;546;0200000000212;;KeyDigital KD-HD1x4ProK splitter HDMI 1:4 4K;KeyDigital KD-HD1x4ProK splitter HDMI 1:4 4K;NIE;;OK;
EGZEMPLARZ_SPRZETU;1144;546;0000000001127;1;KeyDigital KD-HD1x4ProK splitter HDMI 1:4 4K;KeyDigital KD-HD1x4ProK splitter HDMI 1:4 4K;NIE;;OK;
EGZEMPLARZ_SPRZETU;1145;546;0000000001128;2;KeyDigital KD-HD1x4ProK splitter HDMI 1:4 4K;KeyDigital KD-HD1x4ProK splitter HDMI 1:4 4K;NIE;;OK;
EGZEMPLARZ_SPRZETU;1146;546;0000000001129;3;KeyDigital KD-HD1x4ProK splitter HDMI 1:4 4K;KeyDigital KD-HD1x4ProK splitter HDMI 1:4 4K;NIE;;OK;
MODEL_SPRZETU;547;547;0200000000209;;KeyDigital KD-HDDA1x8 Splitter HDMI 1:8;KeyDigital KD-HDDA1x8 Splitter HDMI 1:8;NIE;;OK;
EGZEMPLARZ_SPRZETU;1138;547;0000000001123;1;KeyDigital KD-HDDA1x8 Splitter HDMI 1:8;KeyDigital KD-HDDA1x8 Splitter HDMI 1:8;NIE;;OK;
MODEL_SPRZETU;548;548;0200000000590;;Kierunkowy mikrofon nagłowy DPA 4288-DP-F-F90-LH CORE+, kolor beżowy;Kierunkowy mikrofon nagłowy DPA 4288-DP-F-F90-LH CORE+, kolor beżowy;NIE;;OK;
EGZEMPLARZ_SPRZETU;2708;548;0000000003588;1;Kierunkowy mikrofon nagłowy DPA 4288-DP-F-F90-LH CORE+, kolor beżowy;Kierunkowy mikrofon nagłowy DPA 4288-DP-F-F90-LH CORE+, kolor beżowy;NIE;;OK;
EGZEMPLARZ_SPRZETU;2709;548;0000000003594;2;Kierunkowy mikrofon nagłowy DPA 4288-DP-F-F90-LH CORE+, kolor beżowy;Kierunkowy mikrofon nagłowy DPA 4288-DP-F-F90-LH CORE+, kolor beżowy;NIE;;OK;
MODEL_SPRZETU;549;549;0000000002314;;Klamra spinająca podesty Alustage SCD-47;Klamra spinająca podesty Alustage SCD-47;NIE;;OK;
MODEL_SPRZETU;550;550;0000000002311;;Klamra łącząca 2 nogi podestu Alustage SCD-20;Klamra łącząca 2 nogi podestu Alustage SCD-20;NIE;;OK;
MODEL_SPRZETU;551;551;0000000002668;;Klapka prądowa 6 gniazdowa LANBERG;Klapka prądowa 6 gniazdowa LANBERG;NIE;;OK;
MODEL_SPRZETU;552;552;0200000000571;;Klatka Tilta ES-T20-A;Klatka Tilta ES-T20-A;NIE;;OK;
EGZEMPLARZ_SPRZETU;2676;552;0000000003551;1;Klatka Tilta ES-T20-A;Klatka Tilta ES-T20-A;NIE;;OK;
EGZEMPLARZ_SPRZETU;2677;552;0000000003567;2;Klatka Tilta ES-T20-A;Klatka Tilta ES-T20-A;NIE;;OK;
MODEL_SPRZETU;553;553;0200000000193;;Klawiatura + mysz bezprzewodowa Tracer BARTIX II RF NANO;Klawiatura + mysz bezprzewodowa Tracer BARTIX II RF NANO;NIE;;OK;
EGZEMPLARZ_SPRZETU;1002;553;0000000001033;1;Klawiatura + mysz bezprzewodowa Tracer BARTIX II RF NANO;Klawiatura + mysz bezprzewodowa Tracer BARTIX II RF NANO;NIE;;OK;
EGZEMPLARZ_SPRZETU;1003;553;0000000001034;2;Klawiatura + mysz bezprzewodowa Tracer BARTIX II RF NANO;Klawiatura + mysz bezprzewodowa Tracer BARTIX II RF NANO;NIE;;OK;
MODEL_SPRZETU;554;554;0000000001466;;Klawiatura Dell KB216;Klawiatura Dell KB216;NIE;;OK;
MODEL_SPRZETU;555;555;0000000001467;;Klawiatura Logitech K120;Klawiatura Logitech K120;NIE;;OK;
MODEL_SPRZETU;556;556;0200000000465;;Klawiatura USB-C Slim W3;Klawiatura USB-C Slim W3;NIE;;OK;
EGZEMPLARZ_SPRZETU;1878;556;0000000002533;1;Klawiatura USB-C Slim W3;Klawiatura USB-C Slim W3;NIE;;OK;
EGZEMPLARZ_SPRZETU;1879;556;0000000002534;2;Klawiatura USB-C Slim W3;Klawiatura USB-C Slim W3;NIE;;OK;
EGZEMPLARZ_SPRZETU;1880;556;0000000002535;3;Klawiatura USB-C Slim W3;Klawiatura USB-C Slim W3;NIE;;OK;
EGZEMPLARZ_SPRZETU;1881;556;0000000002536;4;Klawiatura USB-C Slim W3;Klawiatura USB-C Slim W3;NIE;;OK;
MODEL_SPRZETU;557;557;0000000002661;;Klucz Torx Waart CR-V T25;Klucz Torx Waart CR-V T25;NIE;;OK;
MODEL_SPRZETU;558;558;0000000002679;;Klucz imbusowy 6mm Rickmann;Klucz imbusowy 6mm Rickmann;NIE;;OK;
MODEL_SPRZETU;559;559;0000000002660;;Klucz nasadowy Top Tools;Klucz nasadowy Top Tools;NIE;;OK;
MODEL_SPRZETU;560;560;0000000002640;;Klucz płaski 19mm;Klucz płaski 19mm;NIE;;OK;
MODEL_SPRZETU;561;561;0000000002641;;Klucz płaski 29mm;Klucz płaski 29mm;NIE;;OK;
MODEL_SPRZETU;562;562;0200000000435;;Kolumna pasywna L'Acoustics KS 21;Kolumna pasywna L'Acoustics KS 21;NIE;;OK;
EGZEMPLARZ_SPRZETU;1720;562;0000000001809;1;Kolumna pasywna L'Acoustics KS 21;Kolumna pasywna L'Acoustics KS 21;NIE;;OK;
EGZEMPLARZ_SPRZETU;1721;562;0000000001810;2;Kolumna pasywna L'Acoustics KS 21;Kolumna pasywna L'Acoustics KS 21;NIE;;OK;
MODEL_SPRZETU;563;563;0200000000160;;Kolumna pasywna L'Acoustics X12;Kolumna pasywna L'Acoustics X12;NIE;;OK;
EGZEMPLARZ_SPRZETU;786;563;0000000000807;1;Kolumna pasywna L'Acoustics X12;Kolumna pasywna L'Acoustics X12;NIE;;OK;
EGZEMPLARZ_SPRZETU;787;563;0000000000812;2;Kolumna pasywna L'Acoustics X12;Kolumna pasywna L'Acoustics X12;NIE;;OK;
EGZEMPLARZ_SPRZETU;788;563;0000000000808;3;Kolumna pasywna L'Acoustics X12;Kolumna pasywna L'Acoustics X12;NIE;;OK;
EGZEMPLARZ_SPRZETU;789;563;0000000000809;4;Kolumna pasywna L'Acoustics X12;Kolumna pasywna L'Acoustics X12;NIE;;OK;
MODEL_SPRZETU;564;564;0200000000159;;Kolumna pasywna L'Acoustics X8;Kolumna pasywna L'Acoustics X8;NIE;;OK;
EGZEMPLARZ_SPRZETU;780;564;0000000000803;1;Kolumna pasywna L'Acoustics X8;Kolumna pasywna L'Acoustics X8;NIE;;OK;
EGZEMPLARZ_SPRZETU;781;564;0000000000804;2;Kolumna pasywna L'Acoustics X8;Kolumna pasywna L'Acoustics X8;NIE;;OK;
EGZEMPLARZ_SPRZETU;782;564;0000000000805;3;Kolumna pasywna L'Acoustics X8;Kolumna pasywna L'Acoustics X8;NIE;;OK;
EGZEMPLARZ_SPRZETU;783;564;0000000000806;4;Kolumna pasywna L'Acoustics X8;Kolumna pasywna L'Acoustics X8;NIE;;OK;
MODEL_SPRZETU;565;565;0200000000528;;Komputer PCS Jupiter H610B;Komputer PCS Jupiter H610B;NIE;;OK;
EGZEMPLARZ_SPRZETU;1973;565;0000000002657;1;Komputer PCS Jupiter H610B;Komputer PCS Jupiter H610B;NIE;;OK;
EGZEMPLARZ_SPRZETU;1974;565;0000000002663;2;Komputer PCS Jupiter H610B;Komputer PCS Jupiter H610B;NIE;;OK;
EGZEMPLARZ_SPRZETU;1975;565;0000000002664;3;Komputer PCS Jupiter H610B;Komputer PCS Jupiter H610B;NIE;;OK;
EGZEMPLARZ_SPRZETU;1976;565;0000000002665;4;Komputer PCS Jupiter H610B;Komputer PCS Jupiter H610B;NIE;;OK;
MODEL_SPRZETU;566;566;0200000000493;;Komputer stacjonarny SFF Dell Precision 3440;Komputer stacjonarny SFF Dell Precision 3440;NIE;;OK;
EGZEMPLARZ_SPRZETU;1955;566;0000000002601;101;Komputer stacjonarny SFF Dell Precision 3440;Komputer stacjonarny SFF Dell Precision 3440;NIE;;OK;
EGZEMPLARZ_SPRZETU;1956;566;0000000002602;102;Komputer stacjonarny SFF Dell Precision 3440;Komputer stacjonarny SFF Dell Precision 3440;NIE;;OK;
EGZEMPLARZ_SPRZETU;1957;566;0000000002603;103;Komputer stacjonarny SFF Dell Precision 3440;Komputer stacjonarny SFF Dell Precision 3440;NIE;;OK;
EGZEMPLARZ_SPRZETU;1958;566;0000000002604;104;Komputer stacjonarny SFF Dell Precision 3440;Komputer stacjonarny SFF Dell Precision 3440;NIE;;OK;
MODEL_SPRZETU;567;567;0200000000158;;Koncowka mocy L'Acoustics LA4X;Koncowka mocy L'Acoustics LA4X;NIE;;OK;
EGZEMPLARZ_SPRZETU;776;567;0000000000802;1;Koncowka mocy L'Acoustics LA4X;Koncowka mocy L'Acoustics LA4X;NIE;;OK;
EGZEMPLARZ_SPRZETU;777;567;0000000000810;2;Koncowka mocy L'Acoustics LA4X;Koncowka mocy L'Acoustics LA4X;NIE;;OK;
EGZEMPLARZ_SPRZETU;778;567;0000000000811;3;Koncowka mocy L'Acoustics LA4X;Koncowka mocy L'Acoustics LA4X;NIE;;OK;
EGZEMPLARZ_SPRZETU;779;567;0000000001811;4;Koncowka mocy L'Acoustics LA4X;Koncowka mocy L'Acoustics LA4X;NIE;;OK;
MODEL_SPRZETU;568;568;0200000000045;;Konwerter HDMI -> SDI;Konwerter HDMI -> SDI;NIE;;OK;
EGZEMPLARZ_SPRZETU;1749;568;0000000000176;1;Micro Converter Black Magic Design HDMI na SDI;Micro Converter Black Magic Design HDMI na SDI;NIE;;OK;
MODEL_SPRZETU;569;569;0200000000046;;Konwerter HDMI <-> SDI;Konwerter HDMI <-> SDI;NIE;;DO_KONTROLI;html_tag
EGZEMPLARZ_SPRZETU;1831;569;0000000000177;1;Bidirectional Converter Black Magic Design SDI HDMI;Bidirectional Converter Black Magic Design SDI HDMI;NIE;;OK;
EGZEMPLARZ_SPRZETU;1832;569;0000000000197;1;Decimator konwerter HDMI <-> SDI;Decimator konwerter HDMI <-> SDI;NIE;;DO_KONTROLI;html_tag
EGZEMPLARZ_SPRZETU;1833;569;0000000000206;10;Decimator konwerter HDMI <-> SDI;Decimator konwerter HDMI <-> SDI;NIE;;DO_KONTROLI;html_tag
EGZEMPLARZ_SPRZETU;1834;569;0000000000207;11;Decimator konwerter HDMI <-> SDI;Decimator konwerter HDMI <-> SDI;NIE;;DO_KONTROLI;html_tag
EGZEMPLARZ_SPRZETU;1835;569;0000000000208;12;Decimator konwerter HDMI <-> SDI;Decimator konwerter HDMI <-> SDI;NIE;;DO_KONTROLI;html_tag
EGZEMPLARZ_SPRZETU;1836;569;0000000002496;13;Decimator konwerter HDMI <-> SDI;Decimator konwerter HDMI <-> SDI;NIE;;DO_KONTROLI;html_tag
EGZEMPLARZ_SPRZETU;1837;569;0000000002497;14;Decimator konwerter HDMI <-> SDI;Decimator konwerter HDMI <-> SDI;NIE;;DO_KONTROLI;html_tag
EGZEMPLARZ_SPRZETU;1838;569;0000000002498;15;Decimator konwerter HDMI <-> SDI;Decimator konwerter HDMI <-> SDI;NIE;;DO_KONTROLI;html_tag
EGZEMPLARZ_SPRZETU;1839;569;0000000002499;16;Decimator konwerter HDMI <-> SDI;Decimator konwerter HDMI <-> SDI;NIE;;DO_KONTROLI;html_tag
EGZEMPLARZ_SPRZETU;1840;569;0000000002500;17;Decimator konwerter HDMI <-> SDI;Decimator konwerter HDMI <-> SDI;NIE;;DO_KONTROLI;html_tag
EGZEMPLARZ_SPRZETU;1841;569;0000000002501;18;Decimator konwerter HDMI <-> SDI;Decimator konwerter HDMI <-> SDI;NIE;;DO_KONTROLI;html_tag
EGZEMPLARZ_SPRZETU;1842;569;0000000002502;19;Decimator konwerter HDMI <-> SDI;Decimator konwerter HDMI <-> SDI;NIE;;DO_KONTROLI;html_tag
EGZEMPLARZ_SPRZETU;1843;569;0000000000178;2;Bidirectional Converter Black Magic Design SDI HDMI;Bidirectional Converter Black Magic Design SDI HDMI;NIE;;OK;
EGZEMPLARZ_SPRZETU;1844;569;0000000000198;2;Decimator konwerter HDMI <-> SDI;Decimator konwerter HDMI <-> SDI;NIE;;DO_KONTROLI;html_tag
EGZEMPLARZ_SPRZETU;1845;569;0000000002503;20;Decimator konwerter HDMI <-> SDI;Decimator konwerter HDMI <-> SDI;NIE;;DO_KONTROLI;html_tag
EGZEMPLARZ_SPRZETU;1846;569;0000000002504;21;Decimator konwerter HDMI <-> SDI;Decimator konwerter HDMI <-> SDI;NIE;;DO_KONTROLI;html_tag
EGZEMPLARZ_SPRZETU;1847;569;0000000002505;22;Decimator konwerter HDMI <-> SDI;Decimator konwerter HDMI <-> SDI;NIE;;DO_KONTROLI;html_tag
EGZEMPLARZ_SPRZETU;1848;569;0000000002506;23;Decimator konwerter HDMI <-> SDI;Decimator konwerter HDMI <-> SDI;NIE;;DO_KONTROLI;html_tag
EGZEMPLARZ_SPRZETU;1849;569;0000000002507;24;Decimator konwerter HDMI <-> SDI;Decimator konwerter HDMI <-> SDI;NIE;;DO_KONTROLI;html_tag
EGZEMPLARZ_SPRZETU;1850;569;0000000002508;25;Decimator konwerter HDMI <-> SDI;Decimator konwerter HDMI <-> SDI;NIE;;DO_KONTROLI;html_tag
EGZEMPLARZ_SPRZETU;1851;569;0000000002509;26;Decimator konwerter HDMI <-> SDI;Decimator konwerter HDMI <-> SDI;NIE;;DO_KONTROLI;html_tag
EGZEMPLARZ_SPRZETU;1852;569;0000000000179;3;Bidirectional Converter Black Magic Design SDI HDMI;Bidirectional Converter Black Magic Design SDI HDMI;NIE;;OK;
EGZEMPLARZ_SPRZETU;1853;569;0000000000199;3;Decimator konwerter HDMI <-> SDI;Decimator konwerter HDMI <-> SDI;NIE;;DO_KONTROLI;html_tag
EGZEMPLARZ_SPRZETU;1854;569;0000000000180;4;Bidirectional Converter Black Magic Design SDI HDMI;Bidirectional Converter Black Magic Design SDI HDMI;NIE;;OK;
EGZEMPLARZ_SPRZETU;1855;569;0000000000200;4;Decimator konwerter HDMI <-> SDI;Decimator konwerter HDMI <-> SDI;NIE;;DO_KONTROLI;html_tag
EGZEMPLARZ_SPRZETU;1856;569;0000000000181;5;Bidirectional Converter Black Magic Design SDI HDMI;Bidirectional Converter Black Magic Design SDI HDMI;NIE;;OK;
EGZEMPLARZ_SPRZETU;1857;569;0000000000201;5;Decimator konwerter HDMI <-> SDI;Decimator konwerter HDMI <-> SDI;NIE;;DO_KONTROLI;html_tag
EGZEMPLARZ_SPRZETU;1858;569;0000000000182;6;Bidirectional Converter Black Magic Design SDI HDMI;Bidirectional Converter Black Magic Design SDI HDMI;NIE;;OK;
EGZEMPLARZ_SPRZETU;1859;569;0000000000202;6;Decimator konwerter HDMI <-> SDI;Decimator konwerter HDMI <-> SDI;NIE;;DO_KONTROLI;html_tag
EGZEMPLARZ_SPRZETU;1860;569;0000000000183;7;Bidirectional Converter Black Magic Design SDI HDMI;Bidirectional Converter Black Magic Design SDI HDMI;NIE;;OK;
EGZEMPLARZ_SPRZETU;1861;569;0000000000203;7;Decimator konwerter HDMI <-> SDI;Decimator konwerter HDMI <-> SDI;NIE;;DO_KONTROLI;html_tag
EGZEMPLARZ_SPRZETU;1862;569;0000000000184;8;Bidirectional Converter Black Magic Design SDI HDMI;Bidirectional Converter Black Magic Design SDI HDMI;NIE;;OK;
EGZEMPLARZ_SPRZETU;1863;569;0000000000204;8;Decimator konwerter HDMI <-> SDI;Decimator konwerter HDMI <-> SDI;NIE;;DO_KONTROLI;html_tag
EGZEMPLARZ_SPRZETU;1864;569;0000000000205;9;Decimator konwerter HDMI <-> SDI;Decimator konwerter HDMI <-> SDI;NIE;;DO_KONTROLI;html_tag
MODEL_SPRZETU;570;570;0200000000044;;Konwerter SDI -> HDMI;Konwerter SDI -> HDMI;NIE;;OK;
EGZEMPLARZ_SPRZETU;1726;570;0000000000164;1;Micro Converter Black Magic Design SDI na HDMI;Micro Converter Black Magic Design SDI na HDMI;NIE;;OK;
EGZEMPLARZ_SPRZETU;1727;570;0000000000254;1;Mini Converter Black Magic Design SDI na HDMI;Mini Converter Black Magic Design SDI na HDMI;NIE;;OK;
EGZEMPLARZ_SPRZETU;1728;570;0000000000173;10;Micro Converter Black Magic Design SDI na HDMI;Micro Converter Black Magic Design SDI na HDMI;NIE;;OK;
EGZEMPLARZ_SPRZETU;1729;570;0000000000174;11;Micro Converter Black Magic Design SDI na HDMI;Micro Converter Black Magic Design SDI na HDMI;NIE;;OK;
EGZEMPLARZ_SPRZETU;1730;570;0000000000175;12;Micro Converter Black Magic Design SDI na HDMI;Micro Converter Black Magic Design SDI na HDMI;NIE;;OK;
EGZEMPLARZ_SPRZETU;1731;570;0000000000165;2;Micro Converter Black Magic Design SDI na HDMI;Micro Converter Black Magic Design SDI na HDMI;NIE;;OK;
EGZEMPLARZ_SPRZETU;1732;570;0000000000255;2;Mini Converter Black Magic Design SDI na HDMI;Mini Converter Black Magic Design SDI na HDMI;NIE;;OK;
EGZEMPLARZ_SPRZETU;1733;570;0000000000166;3;Micro Converter Black Magic Design SDI na HDMI;Micro Converter Black Magic Design SDI na HDMI;NIE;;OK;
EGZEMPLARZ_SPRZETU;1734;570;0000000000167;4;Micro Converter Black Magic Design SDI na HDMI;Micro Converter Black Magic Design SDI na HDMI;NIE;;OK;
EGZEMPLARZ_SPRZETU;1735;570;0000000000168;5;Micro Converter Black Magic Design SDI na HDMI;Micro Converter Black Magic Design SDI na HDMI;NIE;;OK;
EGZEMPLARZ_SPRZETU;1736;570;0000000000169;6;Micro Converter Black Magic Design SDI na HDMI;Micro Converter Black Magic Design SDI na HDMI;NIE;;OK;
EGZEMPLARZ_SPRZETU;1737;570;0000000000170;7;Micro Converter Black Magic Design SDI na HDMI;Micro Converter Black Magic Design SDI na HDMI;NIE;;OK;
EGZEMPLARZ_SPRZETU;1738;570;0000000000171;8;Micro Converter Black Magic Design SDI na HDMI;Micro Converter Black Magic Design SDI na HDMI;NIE;;OK;
EGZEMPLARZ_SPRZETU;1739;570;0000000000172;9;Micro Converter Black Magic Design SDI na HDMI;Micro Converter Black Magic Design SDI na HDMI;NIE;;OK;
MODEL_SPRZETU;571;571;0200000000118;;Kostka dziennikarska Drawmer Kickbox 4x4;Kostka dziennikarska Drawmer Kickbox 4x4;NIE;;OK;
EGZEMPLARZ_SPRZETU;579;571;0000000000620;1;Kostka dziennikarska Drawmer Kickbox 4x4;Kostka dziennikarska Drawmer Kickbox 4x4;NIE;;OK;
MODEL_SPRZETU;572;572;0000000002312;;Kostka samopoziomująca Alustage SCD-03;Kostka samopoziomująca Alustage SCD-03;NIE;;OK;
MODEL_SPRZETU;573;573;0000000001263;;Kotara 3x6m;Kotara 3x6m;NIE;;OK;
MODEL_SPRZETU;574;574;0200000000603;;Koumna Pasywna L'Acoustics Syva;Koumna Pasywna L'Acoustics Syva;NIE;;OK;
EGZEMPLARZ_SPRZETU;2714;574;0000000003606;1;Koumna Pasywna L'Acoustics Syva;Koumna Pasywna L'Acoustics Syva;NIE;;OK;
EGZEMPLARZ_SPRZETU;2715;574;0000000003607;2;Koumna Pasywna L'Acoustics Syva;Koumna Pasywna L'Acoustics Syva;NIE;;OK;
MODEL_SPRZETU;575;575;0200000000601;;Koumna Pasywna L'Acoustics Syva Low;Koumna Pasywna L'Acoustics Syva Low;NIE;;OK;
EGZEMPLARZ_SPRZETU;2712;575;0000000003603;1;Koumna Pasywna L'Acoustics Syva Low;Koumna Pasywna L'Acoustics Syva Low;NIE;;OK;
EGZEMPLARZ_SPRZETU;2713;575;0000000003604;2;Koumna Pasywna L'Acoustics Syva Low;Koumna Pasywna L'Acoustics Syva Low;NIE;;OK;
MODEL_SPRZETU;576;576;0200000000173;;Krause Drabina 3x10;Krause Drabina 3x10;NIE;;OK;
EGZEMPLARZ_SPRZETU;931;576;0000000000949;1;Krause Drabina 3x10;Krause Drabina 3x10;NIE;;OK;
MODEL_SPRZETU;577;577;0200000000604;;L'Acoustics Syva Bar;L'Acoustics Syva Bar;NIE;;OK;
EGZEMPLARZ_SPRZETU;2716;577;0000000003608;1;L'Acoustics Syva Bar;L'Acoustics Syva Bar;NIE;;OK;
EGZEMPLARZ_SPRZETU;2717;577;0000000003609;2;L'Acoustics Syva Bar;L'Acoustics Syva Bar;NIE;;OK;
MODEL_SPRZETU;578;578;0000000003605;;L'Acoustics Syva Base;L'Acoustics Syva Base;NIE;;OK;
MODEL_SPRZETU;579;579;0200000000169;;LEDWash Robe 600X;LEDWash Robe 600X;NIE;;OK;
EGZEMPLARZ_SPRZETU;914;579;0000000000934;1;LEDWash Robe 600X;LEDWash Robe 600X;NIE;;OK;
EGZEMPLARZ_SPRZETU;915;579;0000000000943;10;LEDWash Robe 600X;LEDWash Robe 600X;NIE;;OK;
EGZEMPLARZ_SPRZETU;916;579;0000000000944;11;LEDWash Robe 600X;LEDWash Robe 600X;NIE;;OK;
EGZEMPLARZ_SPRZETU;917;579;0000000000945;12;LEDWash Robe 600X;LEDWash Robe 600X;NIE;;OK;
EGZEMPLARZ_SPRZETU;918;579;0000000000935;2;LEDWash Robe 600X;LEDWash Robe 600X;NIE;;OK;
EGZEMPLARZ_SPRZETU;919;579;0000000000936;3;LEDWash Robe 600X;LEDWash Robe 600X;NIE;;OK;
EGZEMPLARZ_SPRZETU;920;579;0000000000937;4;LEDWash Robe 600X;LEDWash Robe 600X;NIE;;OK;
EGZEMPLARZ_SPRZETU;921;579;0000000000938;5;LEDWash Robe 600X;LEDWash Robe 600X;NIE;;OK;
EGZEMPLARZ_SPRZETU;922;579;0000000000939;6;LEDWash Robe 600X;LEDWash Robe 600X;NIE;;OK;
EGZEMPLARZ_SPRZETU;923;579;0000000000940;7;LEDWash Robe 600X;LEDWash Robe 600X;NIE;;OK;
EGZEMPLARZ_SPRZETU;924;579;0000000000941;8;LEDWash Robe 600X;LEDWash Robe 600X;NIE;;OK;
EGZEMPLARZ_SPRZETU;925;579;0000000000942;9;LEDWash Robe 600X;LEDWash Robe 600X;NIE;;OK;
MODEL_SPRZETU;580;580;0200000000001;;Laptop DELL Latitude 5440;Laptop DELL Latitude 5440;NIE;;OK;
EGZEMPLARZ_SPRZETU;485;580;0000000001424;100;DELL Latitude 5440;DELL Latitude 5440;NIE;;OK;
EGZEMPLARZ_SPRZETU;486;580;0000000001160;71;DELL Latitude 5440;DELL Latitude 5440;NIE;;OK;
EGZEMPLARZ_SPRZETU;487;580;0000000001161;72;DELL Latitude 5440;DELL Latitude 5440;NIE;;OK;
EGZEMPLARZ_SPRZETU;488;580;0000000001162;73;DELL Latitude 5440;DELL Latitude 5440;NIE;;OK;
EGZEMPLARZ_SPRZETU;489;580;0000000001163;74;DELL Latitude 5440;DELL Latitude 5440;NIE;;OK;
EGZEMPLARZ_SPRZETU;490;580;0000000001164;75;DELL Latitude 5440;DELL Latitude 5440;NIE;;OK;
EGZEMPLARZ_SPRZETU;491;580;0000000001165;76;DELL Latitude 5440;DELL Latitude 5440;NIE;;OK;
EGZEMPLARZ_SPRZETU;492;580;0000000001166;77;DELL Latitude 5440;DELL Latitude 5440;NIE;;OK;
EGZEMPLARZ_SPRZETU;493;580;0000000001167;78;DELL Latitude 5440;DELL Latitude 5440;NIE;;OK;
EGZEMPLARZ_SPRZETU;494;580;0000000001168;79;DELL Latitude 5440;DELL Latitude 5440;NIE;;OK;
EGZEMPLARZ_SPRZETU;495;580;0000000001169;80;DELL Latitude 5440;DELL Latitude 5440;NIE;;OK;
EGZEMPLARZ_SPRZETU;496;580;0000000001405;81;DELL Latitude 5440;DELL Latitude 5440;NIE;;OK;
EGZEMPLARZ_SPRZETU;497;580;0000000001406;82;DELL Latitude 5440;DELL Latitude 5440;NIE;;OK;
EGZEMPLARZ_SPRZETU;498;580;0000000001407;83;DELL Latitude 5440;DELL Latitude 5440;NIE;;OK;
EGZEMPLARZ_SPRZETU;499;580;0000000001408;84;DELL Latitude 5440;DELL Latitude 5440;NIE;;OK;
EGZEMPLARZ_SPRZETU;500;580;0000000001409;85;DELL Latitude 5440;DELL Latitude 5440;NIE;;OK;
EGZEMPLARZ_SPRZETU;501;580;0000000001410;86;DELL Latitude 5440;DELL Latitude 5440;NIE;;OK;
EGZEMPLARZ_SPRZETU;502;580;0000000001411;87;DELL Latitude 5440;DELL Latitude 5440;NIE;;OK;
EGZEMPLARZ_SPRZETU;503;580;0000000001412;88;DELL Latitude 5440;DELL Latitude 5440;NIE;;OK;
EGZEMPLARZ_SPRZETU;504;580;0000000001413;89;DELL Latitude 5440;DELL Latitude 5440;NIE;;OK;
EGZEMPLARZ_SPRZETU;505;580;0000000001414;90;DELL Latitude 5440;DELL Latitude 5440;NIE;;OK;
EGZEMPLARZ_SPRZETU;506;580;0000000001415;91;DELL Latitude 5440;DELL Latitude 5440;NIE;;OK;
EGZEMPLARZ_SPRZETU;507;580;0000000001416;92;DELL Latitude 5440;DELL Latitude 5440;NIE;;OK;
EGZEMPLARZ_SPRZETU;508;580;0000000001417;93;DELL Latitude 5440;DELL Latitude 5440;NIE;;OK;
EGZEMPLARZ_SPRZETU;509;580;0000000001418;94;DELL Latitude 5440;DELL Latitude 5440;NIE;;OK;
EGZEMPLARZ_SPRZETU;510;580;0000000001419;95;DELL Latitude 5440;DELL Latitude 5440;NIE;;OK;
EGZEMPLARZ_SPRZETU;511;580;0000000001420;96;DELL Latitude 5440;DELL Latitude 5440;NIE;;OK;
EGZEMPLARZ_SPRZETU;512;580;0000000001421;97;DELL Latitude 5440;DELL Latitude 5440;NIE;;OK;
EGZEMPLARZ_SPRZETU;513;580;0000000001422;98;DELL Latitude 5440;DELL Latitude 5440;NIE;;OK;
EGZEMPLARZ_SPRZETU;514;580;0000000001423;99;DELL Latitude 5440;DELL Latitude 5440;NIE;;OK;
MODEL_SPRZETU;581;581;0200000000456;;Laptop DELL PRO PLUS 14;Laptop DELL PRO PLUS 14;NIE;;OK;
EGZEMPLARZ_SPRZETU;1811;581;0000000002424;101;Laptop DELL PRO PLUS 14;Laptop DELL PRO PLUS 14;NIE;;OK;
EGZEMPLARZ_SPRZETU;1812;581;0000000002425;102;Laptop DELL PRO PLUS 14;Laptop DELL PRO PLUS 14;NIE;;OK;
EGZEMPLARZ_SPRZETU;1813;581;0000000002426;103;Laptop DELL PRO PLUS 14;Laptop DELL PRO PLUS 14;NIE;;OK;
EGZEMPLARZ_SPRZETU;1814;581;0000000002427;104;Laptop DELL PRO PLUS 14;Laptop DELL PRO PLUS 14;NIE;;OK;
EGZEMPLARZ_SPRZETU;1815;581;0000000002428;105;Laptop DELL PRO PLUS 14;Laptop DELL PRO PLUS 14;NIE;;OK;
EGZEMPLARZ_SPRZETU;1816;581;0000000002429;106;Laptop DELL PRO PLUS 14;Laptop DELL PRO PLUS 14;NIE;;OK;
EGZEMPLARZ_SPRZETU;1817;581;0000000002430;107;Laptop DELL PRO PLUS 14;Laptop DELL PRO PLUS 14;NIE;;OK;
EGZEMPLARZ_SPRZETU;1818;581;0000000002431;108;Laptop DELL PRO PLUS 14;Laptop DELL PRO PLUS 14;NIE;;OK;
EGZEMPLARZ_SPRZETU;1819;581;0000000002432;109;Laptop DELL PRO PLUS 14;Laptop DELL PRO PLUS 14;NIE;;OK;
EGZEMPLARZ_SPRZETU;1820;581;0000000002433;110;Laptop DELL PRO PLUS 14;Laptop DELL PRO PLUS 14;NIE;;OK;
EGZEMPLARZ_SPRZETU;1821;581;0000000002434;111;Laptop DELL PRO PLUS 14;Laptop DELL PRO PLUS 14;NIE;;OK;
EGZEMPLARZ_SPRZETU;1822;581;0000000002435;112;Laptop DELL PRO PLUS 14;Laptop DELL PRO PLUS 14;NIE;;OK;
EGZEMPLARZ_SPRZETU;1823;581;0000000002436;113;Laptop DELL PRO PLUS 14;Laptop DELL PRO PLUS 14;NIE;;OK;
EGZEMPLARZ_SPRZETU;1824;581;0000000002437;114;Laptop DELL PRO PLUS 14;Laptop DELL PRO PLUS 14;NIE;;OK;
EGZEMPLARZ_SPRZETU;1825;581;0000000002438;115;Laptop DELL PRO PLUS 14;Laptop DELL PRO PLUS 14;NIE;;OK;
EGZEMPLARZ_SPRZETU;1826;581;0000000002439;116;Laptop DELL PRO PLUS 14;Laptop DELL PRO PLUS 14;NIE;;OK;
EGZEMPLARZ_SPRZETU;1827;581;0000000002440;117;Laptop DELL PRO PLUS 14;Laptop DELL PRO PLUS 14;NIE;;OK;
EGZEMPLARZ_SPRZETU;1828;581;0000000002441;118;Laptop DELL PRO PLUS 14;Laptop DELL PRO PLUS 14;NIE;;OK;
EGZEMPLARZ_SPRZETU;1829;581;0000000002442;119;Laptop DELL PRO PLUS 14;Laptop DELL PRO PLUS 14;NIE;;OK;
EGZEMPLARZ_SPRZETU;1830;581;0000000002443;120;Laptop DELL PRO PLUS 14;Laptop DELL PRO PLUS 14;NIE;;OK;
MODEL_SPRZETU;582;582;0200000000220;;Laptop DELL Precision 3520;Laptop DELL Precision 3520;NIE;;OK;
EGZEMPLARZ_SPRZETU;1179;582;0000000001175;51;Precision 3520;Precision 3520;NIE;;OK;
EGZEMPLARZ_SPRZETU;1180;582;0000000001170;52;Precision 3520;Precision 3520;NIE;;OK;
EGZEMPLARZ_SPRZETU;1181;582;0000000001171;53;Precision 3520;Precision 3520;NIE;;OK;
EGZEMPLARZ_SPRZETU;1182;582;0000000001172;54;Precision 3520;Precision 3520;NIE;;OK;
EGZEMPLARZ_SPRZETU;1183;582;0000000001173;55;Precision 3520;Precision 3520;NIE;;OK;
EGZEMPLARZ_SPRZETU;1184;582;0000000001174;56;Precision 3520;Precision 3520;NIE;;OK;
EGZEMPLARZ_SPRZETU;1185;582;0000000001391;57;DELL Precision 3520;DELL Precision 3520;NIE;;OK;
EGZEMPLARZ_SPRZETU;1186;582;0000000001392;58;DELL Precision 3520;DELL Precision 3520;NIE;;OK;
EGZEMPLARZ_SPRZETU;1187;582;0000000001393;59;DELL Precision 3520;DELL Precision 3520;NIE;;OK;
EGZEMPLARZ_SPRZETU;1188;582;0000000001394;60;DELL Precision 3520;DELL Precision 3520;NIE;;OK;
EGZEMPLARZ_SPRZETU;1189;582;0000000001395;61;DELL Precision 3520;DELL Precision 3520;NIE;;OK;
EGZEMPLARZ_SPRZETU;1190;582;0000000001396;62;DELL Precision 3520;DELL Precision 3520;NIE;;OK;
EGZEMPLARZ_SPRZETU;1191;582;0000000001397;63;DELL Precision 3520;DELL Precision 3520;NIE;;OK;
EGZEMPLARZ_SPRZETU;1192;582;0000000001398;64;DELL Precision 3520;DELL Precision 3520;NIE;;OK;
EGZEMPLARZ_SPRZETU;1193;582;0000000001399;65;DELL Precision 3520;DELL Precision 3520;NIE;;OK;
EGZEMPLARZ_SPRZETU;1194;582;0000000001400;66;DELL Precision 3520;DELL Precision 3520;NIE;;OK;
EGZEMPLARZ_SPRZETU;1195;582;0000000001401;67;DELL Precision 3520;DELL Precision 3520;NIE;;OK;
EGZEMPLARZ_SPRZETU;1196;582;0000000001402;68;DELL Precision 3520;DELL Precision 3520;NIE;;OK;
EGZEMPLARZ_SPRZETU;1197;582;0000000001403;69;DELL Precision 3520;DELL Precision 3520;NIE;;OK;
EGZEMPLARZ_SPRZETU;1198;582;0000000001404;70;DELL Precision 3520;DELL Precision 3520;NIE;;OK;
MODEL_SPRZETU;583;583;0200000000330;;Laptop Dell Latitude E5450;Laptop Dell Latitude E5450;NIE;;OK;
EGZEMPLARZ_SPRZETU;1363;583;0000000001371;31;Dell Latitude E5450;Dell Latitude E5450;NIE;;OK;
EGZEMPLARZ_SPRZETU;1364;583;0000000001372;32;Dell Latitude E5450;Dell Latitude E5450;NIE;;OK;
EGZEMPLARZ_SPRZETU;1365;583;0000000001373;33;Dell Latitude E5450;Dell Latitude E5450;NIE;;OK;
EGZEMPLARZ_SPRZETU;1366;583;0000000001374;34;Dell Latitude E5450;Dell Latitude E5450;NIE;;OK;
EGZEMPLARZ_SPRZETU;1367;583;0000000001375;35;Dell Latitude E5450;Dell Latitude E5450;NIE;;OK;
EGZEMPLARZ_SPRZETU;1368;583;0000000001376;36;Dell Latitude E5450;Dell Latitude E5450;NIE;;OK;
EGZEMPLARZ_SPRZETU;1369;583;0000000001377;37;Dell Latitude E5450;Dell Latitude E5450;NIE;;OK;
EGZEMPLARZ_SPRZETU;1370;583;0000000001378;38;Dell Latitude E5450;Dell Latitude E5450;NIE;;OK;
EGZEMPLARZ_SPRZETU;1371;583;0000000001379;39;Dell Latitude E5450;Dell Latitude E5450;NIE;;OK;
EGZEMPLARZ_SPRZETU;1372;583;0000000001380;40;Dell Latitude E5450;Dell Latitude E5450;NIE;;OK;
EGZEMPLARZ_SPRZETU;1373;583;0000000001381;41;Dell Latitude E5450;Dell Latitude E5450;NIE;;OK;
EGZEMPLARZ_SPRZETU;1374;583;0000000001382;42;Dell Latitude E5450;Dell Latitude E5450;NIE;;OK;
EGZEMPLARZ_SPRZETU;1375;583;0000000001383;43;Dell Latitude E5450;Dell Latitude E5450;NIE;;OK;
EGZEMPLARZ_SPRZETU;1376;583;0000000001384;44;Dell Latitude E5450;Dell Latitude E5450;NIE;;OK;
EGZEMPLARZ_SPRZETU;1377;583;0000000001385;45;Dell Latitude E5450;Dell Latitude E5450;NIE;;OK;
EGZEMPLARZ_SPRZETU;1378;583;0000000001386;46;Dell Latitude E5450;Dell Latitude E5450;NIE;;OK;
EGZEMPLARZ_SPRZETU;1379;583;0000000001387;47;Dell Latitude E5450;Dell Latitude E5450;NIE;;OK;
EGZEMPLARZ_SPRZETU;1380;583;0000000001388;48;Dell Latitude E5450;Dell Latitude E5450;NIE;;OK;
EGZEMPLARZ_SPRZETU;1381;583;0000000001389;49;Dell Latitude E5450;Dell Latitude E5450;NIE;;OK;
EGZEMPLARZ_SPRZETU;1382;583;0000000001390;50;Dell Latitude E5450;Dell Latitude E5450;NIE;;OK;
MODEL_SPRZETU;584;584;0200000000309;;Laptop Lenovo T540p;Laptop Lenovo T540p;NIE;;OK;
EGZEMPLARZ_SPRZETU;1345;584;0000000001345;25;Laptop Lenovo T540p;Laptop Lenovo T540p;NIE;;OK;
EGZEMPLARZ_SPRZETU;1346;584;0000000001346;26;Laptop Lenovo T540p;Laptop Lenovo T540p;NIE;;OK;
EGZEMPLARZ_SPRZETU;1347;584;0000000001347;27;Laptop Lenovo T540p;Laptop Lenovo T540p;NIE;;OK;
EGZEMPLARZ_SPRZETU;1348;584;0000000001348;28;Laptop Lenovo T540p;Laptop Lenovo T540p;NIE;;OK;
EGZEMPLARZ_SPRZETU;1349;584;0000000001349;29;Laptop Lenovo T540p;Laptop Lenovo T540p;NIE;;OK;
EGZEMPLARZ_SPRZETU;1350;584;0000000001350;30;Laptop Lenovo T540p;Laptop Lenovo T540p;NIE;;OK;
MODEL_SPRZETU;585;585;0200000000308;;Laptop MacBook Air M1;Laptop MacBook Air M1;NIE;;OK;
EGZEMPLARZ_SPRZETU;1341;585;0000000001341;1;Laptop MacBook Air M1;Laptop MacBook Air M1;NIE;;OK;
EGZEMPLARZ_SPRZETU;1342;585;0000000001342;2;Laptop MacBook Air M1;Laptop MacBook Air M1;NIE;;OK;
EGZEMPLARZ_SPRZETU;1343;585;0000000001343;3;Laptop MacBook Air M1;Laptop MacBook Air M1;NIE;;OK;
EGZEMPLARZ_SPRZETU;1344;585;0000000001344;4;Laptop MacBook Air M1;Laptop MacBook Air M1;NIE;;OK;
MODEL_SPRZETU;586;586;0200000000436;;Laptop MacBook Pro 14 cali M4;Laptop MacBook Pro 14 cali M4;NIE;;OK;
EGZEMPLARZ_SPRZETU;1722;586;0000000001812;1;Laptop MacBook Pro 14 cali M4;Laptop MacBook Pro 14 cali M4;NIE;;OK;
EGZEMPLARZ_SPRZETU;1723;586;0000000001813;2;Laptop MacBook Pro 14 cali M4;Laptop MacBook Pro 14 cali M4;NIE;;OK;
EGZEMPLARZ_SPRZETU;1724;586;0000000001814;3;Laptop MacBook Pro 14 cali M4;Laptop MacBook Pro 14 cali M4;NIE;;OK;
EGZEMPLARZ_SPRZETU;1725;586;0000000001815;4;Laptop MacBook Pro 14 cali M4;Laptop MacBook Pro 14 cali M4;NIE;;OK;
MODEL_SPRZETU;587;587;0200000000162;;LedBar Flash Professional L1810 25 RGBW;LedBar Flash Professional L1810 25 RGBW;NIE;;OK;
EGZEMPLARZ_SPRZETU;814;587;0000000000838;1;LedBar Flash Professional L1810 25 RGBW;LedBar Flash Professional L1810 25 RGBW;NIE;;OK;
EGZEMPLARZ_SPRZETU;815;587;0000000000847;10;LedBar Flash Professional L1810 25 RGBW;LedBar Flash Professional L1810 25 RGBW;NIE;;OK;
EGZEMPLARZ_SPRZETU;816;587;0000000000848;11;LedBar Flash Professional L1810 25 RGBW;LedBar Flash Professional L1810 25 RGBW;NIE;;OK;
EGZEMPLARZ_SPRZETU;817;587;0000000000849;12;LedBar Flash Professional L1810 25 RGBW;LedBar Flash Professional L1810 25 RGBW;NIE;;OK;
EGZEMPLARZ_SPRZETU;818;587;0000000000850;13;LedBar Flash Professional L1810 25 RGBW;LedBar Flash Professional L1810 25 RGBW;NIE;;OK;
EGZEMPLARZ_SPRZETU;819;587;0000000000851;14;LedBar Flash Professional L1810 25 RGBW;LedBar Flash Professional L1810 25 RGBW;NIE;;OK;
EGZEMPLARZ_SPRZETU;820;587;0000000000852;15;LedBar Flash Professional L1810 25 RGBW;LedBar Flash Professional L1810 25 RGBW;NIE;;OK;
EGZEMPLARZ_SPRZETU;821;587;0000000000853;16;LedBar Flash Professional L1810 25 RGBW;LedBar Flash Professional L1810 25 RGBW;NIE;;OK;
EGZEMPLARZ_SPRZETU;822;587;0000000000854;17;LedBar Flash Professional L1810 25 RGBW;LedBar Flash Professional L1810 25 RGBW;NIE;;OK;
EGZEMPLARZ_SPRZETU;823;587;0000000000855;18;LedBar Flash Professional L1810 25 RGBW;LedBar Flash Professional L1810 25 RGBW;NIE;;OK;
EGZEMPLARZ_SPRZETU;824;587;0000000000856;19;LedBar Flash Professional L1810 25 RGBW;LedBar Flash Professional L1810 25 RGBW;NIE;;OK;
EGZEMPLARZ_SPRZETU;825;587;0000000000839;2;LedBar Flash Professional L1810 25 RGBW;LedBar Flash Professional L1810 25 RGBW;NIE;;OK;
EGZEMPLARZ_SPRZETU;826;587;0000000000857;20;LedBar Flash Professional L1810 25 RGBW;LedBar Flash Professional L1810 25 RGBW;NIE;;OK;
EGZEMPLARZ_SPRZETU;827;587;0000000000858;21;LedBar Flash Professional L1810 25 RGBW;LedBar Flash Professional L1810 25 RGBW;NIE;;OK;
EGZEMPLARZ_SPRZETU;828;587;0000000000859;22;LedBar Flash Professional L1810 25 RGBW;LedBar Flash Professional L1810 25 RGBW;NIE;;OK;
EGZEMPLARZ_SPRZETU;829;587;0000000000860;23;LedBar Flash Professional L1810 25 RGBW;LedBar Flash Professional L1810 25 RGBW;NIE;;OK;
EGZEMPLARZ_SPRZETU;830;587;0000000000861;24;LedBar Flash Professional L1810 25 RGBW;LedBar Flash Professional L1810 25 RGBW;NIE;;OK;
EGZEMPLARZ_SPRZETU;831;587;0000000000862;25;LedBar Flash Professional L1810 25 RGBW;LedBar Flash Professional L1810 25 RGBW;NIE;;OK;
EGZEMPLARZ_SPRZETU;832;587;0000000000863;26;LedBar Flash Professional L1810 25 RGBW;LedBar Flash Professional L1810 25 RGBW;NIE;;OK;
EGZEMPLARZ_SPRZETU;833;587;0000000000864;27;LedBar Flash Professional L1810 25 RGBW;LedBar Flash Professional L1810 25 RGBW;NIE;;OK;
EGZEMPLARZ_SPRZETU;834;587;0000000000865;28;LedBar Flash Professional L1810 25 RGBW;LedBar Flash Professional L1810 25 RGBW;NIE;;OK;
EGZEMPLARZ_SPRZETU;835;587;0000000000866;29;LedBar Flash Professional L1810 25 RGBW;LedBar Flash Professional L1810 25 RGBW;NIE;;OK;
EGZEMPLARZ_SPRZETU;836;587;0000000000840;3;LedBar Flash Professional L1810 25 RGBW;LedBar Flash Professional L1810 25 RGBW;NIE;;OK;
EGZEMPLARZ_SPRZETU;837;587;0000000000867;30;LedBar Flash Professional L1810 25 RGBW;LedBar Flash Professional L1810 25 RGBW;NIE;;OK;
EGZEMPLARZ_SPRZETU;838;587;0000000000868;31;LedBar Flash Professional L1810 25 RGBW;LedBar Flash Professional L1810 25 RGBW;NIE;;OK;
EGZEMPLARZ_SPRZETU;839;587;0000000000869;32;LedBar Flash Professional L1810 25 RGBW;LedBar Flash Professional L1810 25 RGBW;NIE;;OK;
EGZEMPLARZ_SPRZETU;840;587;0000000000870;33;LedBar Flash Professional L1810 25 RGBW;LedBar Flash Professional L1810 25 RGBW;NIE;;OK;
EGZEMPLARZ_SPRZETU;841;587;0000000000871;34;LedBar Flash Professional L1810 25 RGBW;LedBar Flash Professional L1810 25 RGBW;NIE;;OK;
EGZEMPLARZ_SPRZETU;842;587;0000000000872;35;LedBar Flash Professional L1810 25 RGBW;LedBar Flash Professional L1810 25 RGBW;NIE;;OK;
EGZEMPLARZ_SPRZETU;843;587;0000000000873;36;LedBar Flash Professional L1810 25 RGBW;LedBar Flash Professional L1810 25 RGBW;NIE;;OK;
EGZEMPLARZ_SPRZETU;844;587;0000000000874;37;LedBar Flash Professional L1810 25 RGBW;LedBar Flash Professional L1810 25 RGBW;NIE;;OK;
EGZEMPLARZ_SPRZETU;845;587;0000000000875;38;LedBar Flash Professional L1810 25 RGBW;LedBar Flash Professional L1810 25 RGBW;NIE;;OK;
EGZEMPLARZ_SPRZETU;846;587;0000000000876;39;LedBar Flash Professional L1810 25 RGBW;LedBar Flash Professional L1810 25 RGBW;NIE;;OK;
EGZEMPLARZ_SPRZETU;847;587;0000000000841;4;LedBar Flash Professional L1810 25 RGBW;LedBar Flash Professional L1810 25 RGBW;NIE;;OK;
EGZEMPLARZ_SPRZETU;848;587;0000000000877;40;LedBar Flash Professional L1810 25 RGBW;LedBar Flash Professional L1810 25 RGBW;NIE;;OK;
EGZEMPLARZ_SPRZETU;849;587;0000000000878;41;LedBar Flash Professional L1810 25 RGBW;LedBar Flash Professional L1810 25 RGBW;NIE;;OK;
EGZEMPLARZ_SPRZETU;850;587;0000000000879;42;LedBar Flash Professional L1810 25 RGBW;LedBar Flash Professional L1810 25 RGBW;NIE;;OK;
EGZEMPLARZ_SPRZETU;851;587;0000000000880;43;LedBar Flash Professional L1810 25 RGBW;LedBar Flash Professional L1810 25 RGBW;NIE;;OK;
EGZEMPLARZ_SPRZETU;852;587;0000000000881;44;LedBar Flash Professional L1810 25 RGBW;LedBar Flash Professional L1810 25 RGBW;NIE;;OK;
EGZEMPLARZ_SPRZETU;853;587;0000000000882;45;LedBar Flash Professional L1810 25 RGBW;LedBar Flash Professional L1810 25 RGBW;NIE;;OK;
EGZEMPLARZ_SPRZETU;854;587;0000000000883;46;LedBar Flash Professional L1810 25 RGBW;LedBar Flash Professional L1810 25 RGBW;NIE;;OK;
EGZEMPLARZ_SPRZETU;855;587;0000000000884;47;LedBar Flash Professional L1810 25 RGBW;LedBar Flash Professional L1810 25 RGBW;NIE;;OK;
EGZEMPLARZ_SPRZETU;856;587;0000000000885;48;LedBar Flash Professional L1810 25 RGBW;LedBar Flash Professional L1810 25 RGBW;NIE;;OK;
EGZEMPLARZ_SPRZETU;857;587;0000000000842;5;LedBar Flash Professional L1810 25 RGBW;LedBar Flash Professional L1810 25 RGBW;NIE;;OK;
EGZEMPLARZ_SPRZETU;858;587;0000000000843;6;LedBar Flash Professional L1810 25 RGBW;LedBar Flash Professional L1810 25 RGBW;NIE;;OK;
EGZEMPLARZ_SPRZETU;859;587;0000000000844;7;LedBar Flash Professional L1810 25 RGBW;LedBar Flash Professional L1810 25 RGBW;NIE;;OK;
EGZEMPLARZ_SPRZETU;860;587;0000000000845;8;LedBar Flash Professional L1810 25 RGBW;LedBar Flash Professional L1810 25 RGBW;NIE;;OK;
EGZEMPLARZ_SPRZETU;861;587;0000000000846;9;LedBar Flash Professional L1810 25 RGBW;LedBar Flash Professional L1810 25 RGBW;NIE;;OK;
MODEL_SPRZETU;588;588;0200000000039;;LedBar TRIBAR 400 IR;LedBar TRIBAR 400 IR;NIE;;OK;
EGZEMPLARZ_SPRZETU;1487;588;0000000000109;1;LedBar TRIBAR 400 IR;LedBar TRIBAR 400 IR;NIE;;OK;
EGZEMPLARZ_SPRZETU;1488;588;0000000000118;10;LedBar TRIBAR 400 IR;LedBar TRIBAR 400 IR;NIE;;OK;
EGZEMPLARZ_SPRZETU;1489;588;0000000000119;11;LedBar TRIBAR 400 IR;LedBar TRIBAR 400 IR;NIE;;OK;
EGZEMPLARZ_SPRZETU;1490;588;0000000000120;12;LedBar TRIBAR 400 IR;LedBar TRIBAR 400 IR;NIE;;OK;
EGZEMPLARZ_SPRZETU;1491;588;0000000000121;13;LedBar TRIBAR 400 IR;LedBar TRIBAR 400 IR;NIE;;OK;
EGZEMPLARZ_SPRZETU;1492;588;0000000000122;14;LedBar TRIBAR 400 IR;LedBar TRIBAR 400 IR;NIE;;OK;
EGZEMPLARZ_SPRZETU;1493;588;0000000000123;15;LedBar TRIBAR 400 IR;LedBar TRIBAR 400 IR;NIE;;OK;
EGZEMPLARZ_SPRZETU;1494;588;0000000000124;16;LedBar TRIBAR 400 IR;LedBar TRIBAR 400 IR;NIE;;OK;
EGZEMPLARZ_SPRZETU;1495;588;0000000000125;17;LedBar TRIBAR 400 IR;LedBar TRIBAR 400 IR;NIE;;OK;
EGZEMPLARZ_SPRZETU;1496;588;0000000000126;18;LedBar TRIBAR 400 IR;LedBar TRIBAR 400 IR;NIE;;OK;
EGZEMPLARZ_SPRZETU;1497;588;0000000000127;19;LedBar TRIBAR 400 IR;LedBar TRIBAR 400 IR;NIE;;OK;
EGZEMPLARZ_SPRZETU;1498;588;0000000000110;2;LedBar TRIBAR 400 IR;LedBar TRIBAR 400 IR;NIE;;OK;
EGZEMPLARZ_SPRZETU;1499;588;0000000000128;20;LedBar TRIBAR 400 IR;LedBar TRIBAR 400 IR;NIE;;OK;
EGZEMPLARZ_SPRZETU;1500;588;0000000000129;21;LedBar TRIBAR 400 IR;LedBar TRIBAR 400 IR;NIE;;OK;
EGZEMPLARZ_SPRZETU;1501;588;0000000000130;22;LedBar TRIBAR 400 IR;LedBar TRIBAR 400 IR;NIE;;OK;
EGZEMPLARZ_SPRZETU;1502;588;0000000000131;23;LedBar TRIBAR 400 IR;LedBar TRIBAR 400 IR;NIE;;OK;
EGZEMPLARZ_SPRZETU;1503;588;0000000000132;24;LedBar TRIBAR 400 IR;LedBar TRIBAR 400 IR;NIE;;OK;
EGZEMPLARZ_SPRZETU;1504;588;0000000000133;25;LedBar TRIBAR 400 IR;LedBar TRIBAR 400 IR;NIE;;OK;
EGZEMPLARZ_SPRZETU;1505;588;0000000000134;26;LedBar TRIBAR 400 IR;LedBar TRIBAR 400 IR;NIE;;OK;
EGZEMPLARZ_SPRZETU;1506;588;0000000000135;27;LedBar TRIBAR 400 IR;LedBar TRIBAR 400 IR;NIE;;OK;
EGZEMPLARZ_SPRZETU;1507;588;0000000000136;28;LedBar TRIBAR 400 IR;LedBar TRIBAR 400 IR;NIE;;OK;
EGZEMPLARZ_SPRZETU;1508;588;0000000000137;29;LedBar TRIBAR 400 IR;LedBar TRIBAR 400 IR;NIE;;OK;
EGZEMPLARZ_SPRZETU;1509;588;0000000000111;3;LedBar TRIBAR 400 IR;LedBar TRIBAR 400 IR;NIE;;OK;
EGZEMPLARZ_SPRZETU;1510;588;0000000000138;30;LedBar TRIBAR 400 IR;LedBar TRIBAR 400 IR;NIE;;OK;
EGZEMPLARZ_SPRZETU;1511;588;0000000000139;31;LedBar TRIBAR 400 IR;LedBar TRIBAR 400 IR;NIE;;OK;
EGZEMPLARZ_SPRZETU;1512;588;0000000000140;32;LedBar TRIBAR 400 IR;LedBar TRIBAR 400 IR;NIE;;OK;
EGZEMPLARZ_SPRZETU;1513;588;0000000000141;33;LedBar TRIBAR 400 IR;LedBar TRIBAR 400 IR;NIE;;OK;
EGZEMPLARZ_SPRZETU;1514;588;0000000000142;34;LedBar TRIBAR 400 IR;LedBar TRIBAR 400 IR;NIE;;OK;
EGZEMPLARZ_SPRZETU;1515;588;0000000000143;35;LedBar TRIBAR 400 IR;LedBar TRIBAR 400 IR;NIE;;OK;
EGZEMPLARZ_SPRZETU;1516;588;0000000000144;36;LedBar TRIBAR 400 IR;LedBar TRIBAR 400 IR;NIE;;OK;
EGZEMPLARZ_SPRZETU;1517;588;0000000000145;37;LedBar TRIBAR 400 IR;LedBar TRIBAR 400 IR;NIE;;OK;
EGZEMPLARZ_SPRZETU;1518;588;0000000000146;38;LedBar TRIBAR 400 IR;LedBar TRIBAR 400 IR;NIE;;OK;
EGZEMPLARZ_SPRZETU;1519;588;0000000000147;39;LedBar TRIBAR 400 IR;LedBar TRIBAR 400 IR;NIE;;OK;
EGZEMPLARZ_SPRZETU;1520;588;0000000000112;4;LedBar TRIBAR 400 IR;LedBar TRIBAR 400 IR;NIE;;OK;
EGZEMPLARZ_SPRZETU;1521;588;0000000000148;40;LedBar TRIBAR 400 IR;LedBar TRIBAR 400 IR;NIE;;OK;
EGZEMPLARZ_SPRZETU;1522;588;0000000000113;5;LedBar TRIBAR 400 IR;LedBar TRIBAR 400 IR;NIE;;OK;
EGZEMPLARZ_SPRZETU;1523;588;0000000000114;6;LedBar TRIBAR 400 IR;LedBar TRIBAR 400 IR;NIE;;OK;
EGZEMPLARZ_SPRZETU;1524;588;0000000000115;7;LedBar TRIBAR 400 IR;LedBar TRIBAR 400 IR;NIE;;OK;
EGZEMPLARZ_SPRZETU;1525;588;0000000000116;8;LedBar TRIBAR 400 IR;LedBar TRIBAR 400 IR;NIE;;OK;
EGZEMPLARZ_SPRZETU;1526;588;0000000000117;9;LedBar TRIBAR 400 IR;LedBar TRIBAR 400 IR;NIE;;OK;
MODEL_SPRZETU;589;589;0200000000174;;LedPar Cameo CLPST64;LedPar Cameo CLPST64;NIE;;OK;
EGZEMPLARZ_SPRZETU;932;589;0000000001132;1;LedPar Cameo CLPST64TRI3W;LedPar Cameo CLPST64TRI3W;NIE;;OK;
EGZEMPLARZ_SPRZETU;933;589;0000000001137;1;LedPar Cameo CLPST64Q8W;LedPar Cameo CLPST64Q8W;NIE;;OK;
EGZEMPLARZ_SPRZETU;934;589;0000000001133;2;LedPar Cameo CLPST64TRI3W;LedPar Cameo CLPST64TRI3W;NIE;;OK;
EGZEMPLARZ_SPRZETU;935;589;0000000001138;2;LedPar Cameo CLPST64Q8W;LedPar Cameo CLPST64Q8W;NIE;;OK;
EGZEMPLARZ_SPRZETU;936;589;0000000001134;3;LedPar Cameo CLPST64TRI3W;LedPar Cameo CLPST64TRI3W;NIE;;OK;
EGZEMPLARZ_SPRZETU;937;589;0000000001139;3;LedPar Cameo CLPST64Q8W;LedPar Cameo CLPST64Q8W;NIE;;OK;
EGZEMPLARZ_SPRZETU;938;589;0000000001135;4;LedPar Cameo CLPST64TRI3W;LedPar Cameo CLPST64TRI3W;NIE;;OK;
EGZEMPLARZ_SPRZETU;939;589;0000000001140;4;LedPar Cameo CLPST64Q8W;LedPar Cameo CLPST64Q8W;NIE;;OK;
EGZEMPLARZ_SPRZETU;940;589;0000000001136;5;LedPar Cameo CLPST64TRI3W;LedPar Cameo CLPST64TRI3W;NIE;;OK;
EGZEMPLARZ_SPRZETU;941;589;0000000001141;5;LedPar Cameo CLPST64Q8W;LedPar Cameo CLPST64Q8W;NIE;;OK;
EGZEMPLARZ_SPRZETU;942;589;0000000001142;6;LedPar Cameo CLPST64Q8W;LedPar Cameo CLPST64Q8W;NIE;;OK;
EGZEMPLARZ_SPRZETU;943;589;0000000001143;7;LedPar Cameo CLPST64Q8W;LedPar Cameo CLPST64Q8W;NIE;;OK;
MODEL_SPRZETU;590;590;0200000000610;;LedPar Ignition 2bright Par 7 IP;LedPar Ignition 2bright Par 7 IP;NIE;;OK;
EGZEMPLARZ_SPRZETU;2734;590;0000000003627;1;LedPar Ignition 2bright Par 7 IP;LedPar Ignition 2bright Par 7 IP;NIE;;OK;
EGZEMPLARZ_SPRZETU;2735;590;0000000003636;10;LedPar Ignition 2bright Par 7 IP;LedPar Ignition 2bright Par 7 IP;NIE;;OK;
EGZEMPLARZ_SPRZETU;2736;590;0000000003637;11;LedPar Ignition 2bright Par 7 IP;LedPar Ignition 2bright Par 7 IP;NIE;;OK;
EGZEMPLARZ_SPRZETU;2737;590;0000000003638;12;LedPar Ignition 2bright Par 7 IP;LedPar Ignition 2bright Par 7 IP;NIE;;OK;
EGZEMPLARZ_SPRZETU;2738;590;0000000003639;13;LedPar Ignition 2bright Par 7 IP;LedPar Ignition 2bright Par 7 IP;NIE;;OK;
EGZEMPLARZ_SPRZETU;2739;590;0000000003640;14;LedPar Ignition 2bright Par 7 IP;LedPar Ignition 2bright Par 7 IP;NIE;;OK;
EGZEMPLARZ_SPRZETU;2740;590;0000000003641;15;LedPar Ignition 2bright Par 7 IP;LedPar Ignition 2bright Par 7 IP;NIE;;OK;
EGZEMPLARZ_SPRZETU;2741;590;0000000003642;16;LedPar Ignition 2bright Par 7 IP;LedPar Ignition 2bright Par 7 IP;NIE;;OK;
EGZEMPLARZ_SPRZETU;2742;590;0000000003643;17;LedPar Ignition 2bright Par 7 IP;LedPar Ignition 2bright Par 7 IP;NIE;;OK;
EGZEMPLARZ_SPRZETU;2743;590;0000000003644;18;LedPar Ignition 2bright Par 7 IP;LedPar Ignition 2bright Par 7 IP;NIE;;OK;
EGZEMPLARZ_SPRZETU;2744;590;0000000003645;19;LedPar Ignition 2bright Par 7 IP;LedPar Ignition 2bright Par 7 IP;NIE;;OK;
EGZEMPLARZ_SPRZETU;2745;590;0000000003628;2;LedPar Ignition 2bright Par 7 IP;LedPar Ignition 2bright Par 7 IP;NIE;;OK;
EGZEMPLARZ_SPRZETU;2746;590;0000000003646;20;LedPar Ignition 2bright Par 7 IP;LedPar Ignition 2bright Par 7 IP;NIE;;OK;
EGZEMPLARZ_SPRZETU;2747;590;0000000003647;21;LedPar Ignition 2bright Par 7 IP;LedPar Ignition 2bright Par 7 IP;NIE;;OK;
EGZEMPLARZ_SPRZETU;2748;590;0000000003648;22;LedPar Ignition 2bright Par 7 IP;LedPar Ignition 2bright Par 7 IP;NIE;;OK;
EGZEMPLARZ_SPRZETU;2749;590;0000000003649;23;LedPar Ignition 2bright Par 7 IP;LedPar Ignition 2bright Par 7 IP;NIE;;OK;
EGZEMPLARZ_SPRZETU;2750;590;0000000003650;24;LedPar Ignition 2bright Par 7 IP;LedPar Ignition 2bright Par 7 IP;NIE;;OK;
EGZEMPLARZ_SPRZETU;2751;590;0000000003629;3;LedPar Ignition 2bright Par 7 IP;LedPar Ignition 2bright Par 7 IP;NIE;;OK;
EGZEMPLARZ_SPRZETU;2752;590;0000000003630;4;LedPar Ignition 2bright Par 7 IP;LedPar Ignition 2bright Par 7 IP;NIE;;OK;
EGZEMPLARZ_SPRZETU;2753;590;0000000003631;5;LedPar Ignition 2bright Par 7 IP;LedPar Ignition 2bright Par 7 IP;NIE;;OK;
EGZEMPLARZ_SPRZETU;2754;590;0000000003632;6;LedPar Ignition 2bright Par 7 IP;LedPar Ignition 2bright Par 7 IP;NIE;;OK;
EGZEMPLARZ_SPRZETU;2755;590;0000000003633;7;LedPar Ignition 2bright Par 7 IP;LedPar Ignition 2bright Par 7 IP;NIE;;OK;
EGZEMPLARZ_SPRZETU;2756;590;0000000003634;8;LedPar Ignition 2bright Par 7 IP;LedPar Ignition 2bright Par 7 IP;NIE;;OK;
EGZEMPLARZ_SPRZETU;2757;590;0000000003635;9;LedPar Ignition 2bright Par 7 IP;LedPar Ignition 2bright Par 7 IP;NIE;;OK;
MODEL_SPRZETU;591;591;0000000002638;;Maltec Wiatrak Czarny;Maltec Wiatrak Czarny;NIE;;OK;
MODEL_SPRZETU;592;592;0000000002591;;Manfrotto Rączka do statywu kamerowego;Manfrotto Rączka do statywu kamerowego;NIE;;OK;
MODEL_SPRZETU;593;593;0200000000168;;Martin MAC Aura XIP;Martin MAC Aura XIP;NIE;;OK;
EGZEMPLARZ_SPRZETU;902;593;0000000000926;1;Martin MAC Aura XIP;Martin MAC Aura XIP;NIE;;OK;
EGZEMPLARZ_SPRZETU;903;593;0000000003547;10;Martin MAC Aura XIP;Martin MAC Aura XIP;NIE;;OK;
EGZEMPLARZ_SPRZETU;904;593;0000000003548;11;Martin MAC Aura XIP;Martin MAC Aura XIP;NIE;;OK;
EGZEMPLARZ_SPRZETU;905;593;0000000003549;12;Martin MAC Aura XIP;Martin MAC Aura XIP;NIE;;OK;
EGZEMPLARZ_SPRZETU;906;593;0000000000927;2;Martin MAC Aura XIP;Martin MAC Aura XIP;NIE;;OK;
EGZEMPLARZ_SPRZETU;907;593;0000000000928;3;Martin MAC Aura XIP;Martin MAC Aura XIP;NIE;;OK;
EGZEMPLARZ_SPRZETU;908;593;0000000000929;4;Martin MAC Aura XIP;Martin MAC Aura XIP;NIE;;OK;
EGZEMPLARZ_SPRZETU;909;593;0000000000930;5;Martin MAC Aura XIP;Martin MAC Aura XIP;NIE;;OK;
EGZEMPLARZ_SPRZETU;910;593;0000000000931;6;Martin MAC Aura XIP;Martin MAC Aura XIP;NIE;;OK;
EGZEMPLARZ_SPRZETU;911;593;0000000000932;7;Martin MAC Aura XIP;Martin MAC Aura XIP;NIE;;OK;
EGZEMPLARZ_SPRZETU;912;593;0000000000933;8;Martin MAC Aura XIP;Martin MAC Aura XIP;NIE;;OK;
EGZEMPLARZ_SPRZETU;913;593;0000000003546;9;Martin MAC Aura XIP;Martin MAC Aura XIP;NIE;;OK;
MODEL_SPRZETU;594;594;0200000000167;;Martin MAC Quantum Profile;Martin MAC Quantum Profile;NIE;;OK;
EGZEMPLARZ_SPRZETU;898;594;0000000000922;1;Martin MAC Quantum Profile;Martin MAC Quantum Profile;NIE;;OK;
EGZEMPLARZ_SPRZETU;899;594;0000000000923;2;Martin MAC Quantum Profile;Martin MAC Quantum Profile;NIE;;OK;
EGZEMPLARZ_SPRZETU;900;594;0000000000924;3;Martin MAC Quantum Profile;Martin MAC Quantum Profile;NIE;;OK;
EGZEMPLARZ_SPRZETU;901;594;0000000000925;4;Martin MAC Quantum Profile;Martin MAC Quantum Profile;NIE;;OK;
MODEL_SPRZETU;595;595;0200000000145;;Matryca 4x4 Gefen EXT-UHD600A-44 HDMI 2.0 4K 4:4:4 60 Hz;Matryca 4x4 Gefen EXT-UHD600A-44 HDMI 2.0 4K 4:4:4 60 Hz;NIE;;OK;
EGZEMPLARZ_SPRZETU;745;595;0000000000771;1;Matryca 4x4 Gefen EXT-UHD600A-44 HDMI 2.0 4K 4:4:4 60 Hz;Matryca 4x4 Gefen EXT-UHD600A-44 HDMI 2.0 4K 4:4:4 60 Hz;NIE;;OK;
MODEL_OPAKOWANIA;596;596;;;Mediaserwer (Vmix, Resolume) [1];Mediaserwer (Vmix, Resolume) [1];NIE;;OK;
MODEL_OPAKOWANIA;597;597;;;Mediaserwer (Vmix, Resolume) [2];Mediaserwer (Vmix, Resolume) [2];NIE;;OK;
MODEL_OPAKOWANIA;598;598;;;Mediaserwer (Vmix, Resolume) [3];Mediaserwer (Vmix, Resolume) [3];NIE;;OK;
MODEL_OPAKOWANIA;599;599;;;Mediaserwer (Vmix, Resolume) [4];Mediaserwer (Vmix, Resolume) [4];NIE;;OK;
MODEL_OPAKOWANIA;600;600;;;Mediaserwer (Vmix, Resolume) [5];Mediaserwer (Vmix, Resolume) [5];NIE;;OK;
MODEL_OPAKOWANIA;601;601;;;Mediaserwer (Vmix, Resolume) [6];Mediaserwer (Vmix, Resolume) [6];NIE;;OK;
MODEL_OPAKOWANIA;602;602;;;Mediaserwer (Vmix, Resolume) [7];Mediaserwer (Vmix, Resolume) [7];NIE;;OK;
MODEL_SPRZETU;603;603;0000000001452;;Mediaserwer (Vmix, Resoulume);Mediaserwer (Vmix, Resoulume);NIE;;OK;
MODEL_SPRZETU;604;604;0200000000231;;Mikrofon do bębna basowego Shure BETA52A;Mikrofon do bębna basowego Shure BETA52A;NIE;;OK;
EGZEMPLARZ_SPRZETU;1228;604;0000000001199;1;Mikrofon do bębna basowego Shure BETA52A;Mikrofon do bębna basowego Shure BETA52A;NIE;;OK;
MODEL_SPRZETU;605;605;0200000000233;;Mikrofon do perkusji Sennheiser e604;Mikrofon do perkusji Sennheiser e604;NIE;;OK;
EGZEMPLARZ_SPRZETU;1233;605;0000000001202;1;Mikrofon do perkusji Sennheiser e604;Mikrofon do perkusji Sennheiser e604;NIE;;OK;
EGZEMPLARZ_SPRZETU;1234;605;0000000001203;2;Mikrofon do perkusji Sennheiser e604;Mikrofon do perkusji Sennheiser e604;NIE;;OK;
EGZEMPLARZ_SPRZETU;1235;605;0000000001204;3;Mikrofon do perkusji Sennheiser e604;Mikrofon do perkusji Sennheiser e604;NIE;;OK;
EGZEMPLARZ_SPRZETU;1236;605;0000000001205;4;Mikrofon do perkusji Sennheiser e604;Mikrofon do perkusji Sennheiser e604;NIE;;OK;
MODEL_SPRZETU;606;606;0200000000359;;Mikrofon gesia szyja AUDIO TECHNICA ES925H24/XLR;Mikrofon gesia szyja AUDIO TECHNICA ES925H24/XLR;NIE;;OK;
EGZEMPLARZ_SPRZETU;1422;606;0000000001516;1;Mikrofon gesia szyja AUDIO TECHNICA ES925H24/XLR;Mikrofon gesia szyja AUDIO TECHNICA ES925H24/XLR;NIE;;OK;
EGZEMPLARZ_SPRZETU;1423;606;0000000001517;2;Mikrofon gesia szyja AUDIO TECHNICA ES925H24/XLR;Mikrofon gesia szyja AUDIO TECHNICA ES925H24/XLR;NIE;;OK;
EGZEMPLARZ_SPRZETU;1424;606;0000000001519;3;Mikrofon gesia szyja AUDIO TECHNICA ES925H24/XLR;Mikrofon gesia szyja AUDIO TECHNICA ES925H24/XLR;NIE;;OK;
EGZEMPLARZ_SPRZETU;1425;606;0000000001520;4;Mikrofon gesia szyja AUDIO TECHNICA ES925H24/XLR;Mikrofon gesia szyja AUDIO TECHNICA ES925H24/XLR;NIE;;OK;
EGZEMPLARZ_SPRZETU;1426;606;0000000001522;5;Mikrofon gesia szyja AUDIO TECHNICA ES925H24/XLR;Mikrofon gesia szyja AUDIO TECHNICA ES925H24/XLR;NIE;;OK;
EGZEMPLARZ_SPRZETU;1427;606;0000000001523;6;Mikrofon gesia szyja AUDIO TECHNICA ES925H24/XLR;Mikrofon gesia szyja AUDIO TECHNICA ES925H24/XLR;NIE;;OK;
EGZEMPLARZ_SPRZETU;1428;606;0000000001525;7;Mikrofon gesia szyja AUDIO TECHNICA ES925H24/XLR;Mikrofon gesia szyja AUDIO TECHNICA ES925H24/XLR;NIE;;OK;
EGZEMPLARZ_SPRZETU;1429;606;0000000001526;8;Mikrofon gesia szyja AUDIO TECHNICA ES925H24/XLR;Mikrofon gesia szyja AUDIO TECHNICA ES925H24/XLR;NIE;;OK;
EGZEMPLARZ_SPRZETU;1430;606;0000000001544;9;Mikrofon gesia szyja AUDIO TECHNICA ES925H24/XLR;Mikrofon gesia szyja AUDIO TECHNICA ES925H24/XLR;NIE;;OK;
MODEL_SPRZETU;607;607;0200000000360;;Mikrofon gesia szyja AUDIO TECHNICA U859QL;Mikrofon gesia szyja AUDIO TECHNICA U859QL;NIE;;OK;
EGZEMPLARZ_SPRZETU;1432;607;0000000001528;1;Mikrofon gesia szyja AUDIO TECHNICA U859QL;Mikrofon gesia szyja AUDIO TECHNICA U859QL;NIE;;OK;
EGZEMPLARZ_SPRZETU;1433;607;0000000001539;10;Mikrofon gesia szyja AUDIO TECHNICA U859QL;Mikrofon gesia szyja AUDIO TECHNICA U859QL;NIE;;OK;
EGZEMPLARZ_SPRZETU;1434;607;0000000001540;11;Mikrofon gesia szyja AUDIO TECHNICA U859QL;Mikrofon gesia szyja AUDIO TECHNICA U859QL;NIE;;OK;
EGZEMPLARZ_SPRZETU;1435;607;0000000001541;12;Mikrofon gesia szyja AUDIO TECHNICA U859QL;Mikrofon gesia szyja AUDIO TECHNICA U859QL;NIE;;OK;
EGZEMPLARZ_SPRZETU;1436;607;0000000001529;2;Mikrofon gesia szyja AUDIO TECHNICA U859QL;Mikrofon gesia szyja AUDIO TECHNICA U859QL;NIE;;OK;
EGZEMPLARZ_SPRZETU;1437;607;0000000001530;3;Mikrofon gesia szyja AUDIO TECHNICA U859QL;Mikrofon gesia szyja AUDIO TECHNICA U859QL;NIE;;OK;
EGZEMPLARZ_SPRZETU;1438;607;0000000001531;4;Mikrofon gesia szyja AUDIO TECHNICA U859QL;Mikrofon gesia szyja AUDIO TECHNICA U859QL;NIE;;OK;
EGZEMPLARZ_SPRZETU;1439;607;0000000001533;5;Mikrofon gesia szyja AUDIO TECHNICA U859QL;Mikrofon gesia szyja AUDIO TECHNICA U859QL;NIE;;OK;
EGZEMPLARZ_SPRZETU;1440;607;0000000001534;6;Mikrofon gesia szyja AUDIO TECHNICA U859QL;Mikrofon gesia szyja AUDIO TECHNICA U859QL;NIE;;OK;
EGZEMPLARZ_SPRZETU;1441;607;0000000001535;7;Mikrofon gesia szyja AUDIO TECHNICA U859QL;Mikrofon gesia szyja AUDIO TECHNICA U859QL;NIE;;OK;
EGZEMPLARZ_SPRZETU;1442;607;0000000001536;8;Mikrofon gesia szyja AUDIO TECHNICA U859QL;Mikrofon gesia szyja AUDIO TECHNICA U859QL;NIE;;OK;
EGZEMPLARZ_SPRZETU;1443;607;0000000001538;9;Mikrofon gesia szyja AUDIO TECHNICA U859QL;Mikrofon gesia szyja AUDIO TECHNICA U859QL;NIE;;OK;
MODEL_SPRZETU;608;608;0000000001576;;Mikrofon krawatowy Shure WL185;Mikrofon krawatowy Shure WL185;NIE;;OK;
MODEL_SPRZETU;609;609;0000000001575;;Mikrofon nauszny Audac CMX 826;Mikrofon nauszny Audac CMX 826;NIE;;OK;
MODEL_SPRZETU;610;610;0000000001646;;Mikrofon nauszny Shure MX 153T/O-TQG;Mikrofon nauszny Shure MX 153T/O-TQG;NIE;;OK;
MODEL_SPRZETU;611;611;0000000001574;;Mikrofon nauszny Shure MX143T/O-TQG;Mikrofon nauszny Shure MX143T/O-TQG;NIE;;OK;
MODEL_SPRZETU;612;612;0200000000227;;Mikrofon przewodowy Audiotechnika MB 3K;Mikrofon przewodowy Audiotechnika MB 3K;NIE;;OK;
EGZEMPLARZ_SPRZETU;1206;612;0000000001186;1;Mikrofon przewodowy Audiotechnika MB 3K;Mikrofon przewodowy Audiotechnika MB 3K;NIE;;OK;
MODEL_SPRZETU;613;613;0200000000228;;Mikrofon przewodowy IMGSTAGELINE DMS-1;Mikrofon przewodowy IMGSTAGELINE DMS-1;NIE;;OK;
EGZEMPLARZ_SPRZETU;1207;613;0000000001187;1;Mikrofon przewodowy IMGSTAGELINE DMS-1;Mikrofon przewodowy IMGSTAGELINE DMS-1;NIE;;OK;
MODEL_SPRZETU;614;614;0200000000225;;Mikrofon przewodowy Shure C 606;Mikrofon przewodowy Shure C 606;NIE;;OK;
EGZEMPLARZ_SPRZETU;1200;614;0000000001178;1;Mikrofon przewodowy Shure C 606;Mikrofon przewodowy Shure C 606;NIE;;OK;
EGZEMPLARZ_SPRZETU;1201;614;0000000001179;2;Mikrofon przewodowy Shure C 606;Mikrofon przewodowy Shure C 606;NIE;;OK;
EGZEMPLARZ_SPRZETU;1202;614;0000000001180;3;Mikrofon przewodowy Shure C 606;Mikrofon przewodowy Shure C 606;NIE;;OK;
EGZEMPLARZ_SPRZETU;1203;614;0000000001181;4;Mikrofon przewodowy Shure C 606;Mikrofon przewodowy Shure C 606;NIE;;OK;
MODEL_SPRZETU;615;615;0200000000226;;Mikrofon przewodowy Shure C 608;Mikrofon przewodowy Shure C 608;NIE;;OK;
EGZEMPLARZ_SPRZETU;1204;615;0000000001184;1;Mikrofon przewodowy Shure C 608;Mikrofon przewodowy Shure C 608;NIE;;OK;
EGZEMPLARZ_SPRZETU;1205;615;0000000001185;2;Mikrofon przewodowy Shure C 608;Mikrofon przewodowy Shure C 608;NIE;;OK;
MODEL_SPRZETU;616;616;0200000000229;;Mikrofon przewodowy Studiomaster KM 52;Mikrofon przewodowy Studiomaster KM 52;NIE;;OK;
EGZEMPLARZ_SPRZETU;1208;616;0000000001188;1;Mikrofon przewodowy Studiomaster KM 52;Mikrofon przewodowy Studiomaster KM 52;NIE;;OK;
EGZEMPLARZ_SPRZETU;1209;616;0000000001189;2;Mikrofon przewodowy Studiomaster KM 52;Mikrofon przewodowy Studiomaster KM 52;NIE;;OK;
EGZEMPLARZ_SPRZETU;1210;616;0000000001190;3;Mikrofon przewodowy Studiomaster KM 52;Mikrofon przewodowy Studiomaster KM 52;NIE;;OK;
EGZEMPLARZ_SPRZETU;1211;616;0000000001191;4;Mikrofon przewodowy Studiomaster KM 52;Mikrofon przewodowy Studiomaster KM 52;NIE;;OK;
EGZEMPLARZ_SPRZETU;1212;616;0000000001192;5;Mikrofon przewodowy Studiomaster KM 52;Mikrofon przewodowy Studiomaster KM 52;NIE;;OK;
EGZEMPLARZ_SPRZETU;1213;616;0000000001193;6;Mikrofon przewodowy Studiomaster KM 52;Mikrofon przewodowy Studiomaster KM 52;NIE;;OK;
EGZEMPLARZ_SPRZETU;1214;616;0000000001194;7;Mikrofon przewodowy Studiomaster KM 52;Mikrofon przewodowy Studiomaster KM 52;NIE;;OK;
MODEL_SPRZETU;617;617;0200000000232;;Mikrofon przewodowy instrumentalny Shure SM57;Mikrofon przewodowy instrumentalny Shure SM57;NIE;;OK;
EGZEMPLARZ_SPRZETU;1229;617;0000000001200;1;Mikrofon przewodowy instrumentalny Shure SM57;Mikrofon przewodowy instrumentalny Shure SM57;NIE;;OK;
EGZEMPLARZ_SPRZETU;1230;617;0000000001201;2;Mikrofon przewodowy instrumentalny Shure SM57;Mikrofon przewodowy instrumentalny Shure SM57;NIE;;OK;
EGZEMPLARZ_SPRZETU;1231;617;0000000001206;3;Mikrofon przewodowy instrumentalny Shure SM57;Mikrofon przewodowy instrumentalny Shure SM57;NIE;;OK;
EGZEMPLARZ_SPRZETU;1232;617;0000000001207;4;Mikrofon przewodowy instrumentalny Shure SM57;Mikrofon przewodowy instrumentalny Shure SM57;NIE;;OK;
MODEL_SPRZETU;618;618;0200000000234;;Mikrofon przewodowy wokalowy Shure SM58;Mikrofon przewodowy wokalowy Shure SM58;NIE;;OK;
EGZEMPLARZ_SPRZETU;1237;618;0000000001208;1;Mikrofon przewodowy wokalowy Shure SM58;Mikrofon przewodowy wokalowy Shure SM58;NIE;;OK;
EGZEMPLARZ_SPRZETU;1238;618;0000000001209;2;Mikrofon przewodowy wokalowy Shure SM58;Mikrofon przewodowy wokalowy Shure SM58;NIE;;OK;
EGZEMPLARZ_SPRZETU;1239;618;0000000001210;3;Mikrofon przewodowy wokalowy Shure SM58;Mikrofon przewodowy wokalowy Shure SM58;NIE;;OK;
EGZEMPLARZ_SPRZETU;1240;618;0000000001211;4;Mikrofon przewodowy wokalowy Shure SM58;Mikrofon przewodowy wokalowy Shure SM58;NIE;;OK;
MODEL_SPRZETU;619;619;0200000000414;;Mikrofonogłośnik Motorola PMMN4029A;Mikrofonogłośnik Motorola PMMN4029A;NIE;;OK;
EGZEMPLARZ_SPRZETU;1684;619;0000000001734;1;Mikrofonogłośnik Motorola PMMN4029A;Mikrofonogłośnik Motorola PMMN4029A;NIE;;OK;
EGZEMPLARZ_SPRZETU;1685;619;0000000001771;10;Mikrofonogłośnik Motorola PMMN4029A;Mikrofonogłośnik Motorola PMMN4029A;NIE;;OK;
EGZEMPLARZ_SPRZETU;1686;619;0000000001772;11;Mikrofonogłośnik Motorola PMMN4029A;Mikrofonogłośnik Motorola PMMN4029A;NIE;;OK;
EGZEMPLARZ_SPRZETU;1687;619;0000000001773;12;Mikrofonogłośnik Motorola PMMN4029A;Mikrofonogłośnik Motorola PMMN4029A;NIE;;OK;
EGZEMPLARZ_SPRZETU;1688;619;0000000001735;2;Mikrofonogłośnik Motorola PMMN4029A;Mikrofonogłośnik Motorola PMMN4029A;NIE;;OK;
EGZEMPLARZ_SPRZETU;1689;619;0000000001736;3;Mikrofonogłośnik Motorola PMMN4029A;Mikrofonogłośnik Motorola PMMN4029A;NIE;;OK;
EGZEMPLARZ_SPRZETU;1690;619;0000000001747;4;Mikrofonogłośnik Motorola PMMN4029A;Mikrofonogłośnik Motorola PMMN4029A;NIE;;OK;
EGZEMPLARZ_SPRZETU;1691;619;0000000001748;5;Mikrofonogłośnik Motorola PMMN4029A;Mikrofonogłośnik Motorola PMMN4029A;NIE;;OK;
EGZEMPLARZ_SPRZETU;1692;619;0000000001749;6;Mikrofonogłośnik Motorola PMMN4029A;Mikrofonogłośnik Motorola PMMN4029A;NIE;;OK;
EGZEMPLARZ_SPRZETU;1693;619;0000000001759;7;Mikrofonogłośnik Motorola PMMN4029A;Mikrofonogłośnik Motorola PMMN4029A;NIE;;OK;
EGZEMPLARZ_SPRZETU;1694;619;0000000001760;8;Mikrofonogłośnik Motorola PMMN4029A;Mikrofonogłośnik Motorola PMMN4029A;NIE;;OK;
EGZEMPLARZ_SPRZETU;1695;619;0000000001761;9;Mikrofonogłośnik Motorola PMMN4029A;Mikrofonogłośnik Motorola PMMN4029A;NIE;;OK;
MODEL_SPRZETU;620;620;0200000000176;;Mikrokomputer Intel NUC;Mikrokomputer Intel NUC;NIE;;OK;
EGZEMPLARZ_SPRZETU;945;620;0000000000975;1;Mikrokomputer Intel NUC;Mikrokomputer Intel NUC;NIE;;OK;
EGZEMPLARZ_SPRZETU;946;620;0000000000976;2;Mikrokomputer Intel NUC;Mikrokomputer Intel NUC;NIE;;OK;
EGZEMPLARZ_SPRZETU;947;620;0000000000977;3;Mikrokomputer Intel NUC;Mikrokomputer Intel NUC;NIE;;OK;
MODEL_SPRZETU;621;621;0200000000035;;Mikser audio Allen & Heath ZED60-14FX;Mikser audio Allen & Heath ZED60-14FX;NIE;;OK;
EGZEMPLARZ_SPRZETU;1401;621;0000000000103;1;Mikser audio Allen & Heath ZED60-14FX;Mikser audio Allen & Heath ZED60-14FX;NIE;;OK;
MODEL_SPRZETU;622;622;0200000000056;;Mikser audio Mumu VP4;Mikser audio Mumu VP4;NIE;;OK;
EGZEMPLARZ_SPRZETU;1980;622;0000000000256;1;Mikser audio Mumu VP4;Mikser audio Mumu VP4;NIE;;OK;
MODEL_SPRZETU;623;623;0200000000036;;Mikser audio Soundcraft EPM8;Mikser audio Soundcraft EPM8;NIE;;OK;
EGZEMPLARZ_SPRZETU;1431;623;0000000000104;1;Mikser audio Soundcraft EPM8;Mikser audio Soundcraft EPM8;NIE;;OK;
MODEL_SPRZETU;624;624;0200000000037;;Mikser audio Studiomaster C2-2;Mikser audio Studiomaster C2-2;NIE;;OK;
EGZEMPLARZ_SPRZETU;1459;624;0000000000105;1;Mikser audio Studiomaster C2-2;Mikser audio Studiomaster C2-2;NIE;;OK;
EGZEMPLARZ_SPRZETU;1460;624;0000000000106;2;Mikser audio Studiomaster C2-2;Mikser audio Studiomaster C2-2;NIE;;OK;
MODEL_SPRZETU;625;625;0200000000034;;Mikser audio Yamaha MG-16;Mikser audio Yamaha MG-16;NIE;;OK;
EGZEMPLARZ_SPRZETU;1397;625;0000000000099;1;Mikser audio Yamaha MG-16;Mikser audio Yamaha MG-16;NIE;;OK;
EGZEMPLARZ_SPRZETU;1398;625;0000000000100;2;Mikser audio Yamaha MG-16;Mikser audio Yamaha MG-16;NIE;;OK;
EGZEMPLARZ_SPRZETU;1399;625;0000000000101;3;Mikser audio Yamaha MG-16;Mikser audio Yamaha MG-16;NIE;;OK;
EGZEMPLARZ_SPRZETU;1400;625;0000000000102;4;Mikser audio Yamaha MG-16;Mikser audio Yamaha MG-16;NIE;;OK;
MODEL_SPRZETU;626;626;0200000000054;;Mikser cyfrowy audio Allen & Heath CQ-18;Mikser cyfrowy audio Allen & Heath CQ-18;NIE;;OK;
EGZEMPLARZ_SPRZETU;1978;626;0000000000250;1;Mikser cyfrowy audio Allen & Heath CQ-18;Mikser cyfrowy audio Allen & Heath CQ-18;NIE;;OK;
EGZEMPLARZ_SPRZETU;1979;626;0000000000251;2;Mikser cyfrowy audio Allen & Heath CQ-18;Mikser cyfrowy audio Allen & Heath CQ-18;NIE;;OK;
MODEL_SPRZETU;627;627;0200000000052;;Mikser cyfrowy audio Allen & Heath QU-16;Mikser cyfrowy audio Allen & Heath QU-16;NIE;;OK;
EGZEMPLARZ_SPRZETU;1966;627;0000000000247;1;Mikser cyfrowy audio Allen & Heath QU-16;Mikser cyfrowy audio Allen & Heath QU-16;NIE;;OK;
MODEL_SPRZETU;628;628;0200000000050;;Mikser cyfrowy audio Allen & Heath SQ5;Mikser cyfrowy audio Allen & Heath SQ5;NIE;;OK;
EGZEMPLARZ_SPRZETU;1959;628;0000000000241;1;Mikser cyfrowy audio Allen & Heath SQ5;Mikser cyfrowy audio Allen & Heath SQ5;NIE;;OK;
EGZEMPLARZ_SPRZETU;1960;628;0000000000242;2;Mikser cyfrowy audio Allen & Heath SQ5;Mikser cyfrowy audio Allen & Heath SQ5;NIE;;OK;
EGZEMPLARZ_SPRZETU;1961;628;0000000000243;3;Mikser cyfrowy audio Allen & Heath SQ5;Mikser cyfrowy audio Allen & Heath SQ5;NIE;;OK;
EGZEMPLARZ_SPRZETU;1962;628;0000000000244;4;Mikser cyfrowy audio Allen & Heath SQ5;Mikser cyfrowy audio Allen & Heath SQ5;NIE;;OK;
EGZEMPLARZ_SPRZETU;1963;628;0000000000245;5;Mikser cyfrowy audio Allen & Heath SQ5;Mikser cyfrowy audio Allen & Heath SQ5;NIE;;OK;
MODEL_SPRZETU;629;629;0200000000051;;Mikser cyfrowy audio Allen & Heath SQ6;Mikser cyfrowy audio Allen & Heath SQ6;NIE;;OK;
EGZEMPLARZ_SPRZETU;1964;629;0000000000246;1;Mikser cyfrowy audio Allen & Heath SQ6;Mikser cyfrowy audio Allen & Heath SQ6;NIE;;OK;
MODEL_SPRZETU;630;630;0200000000068;;Mikser cyfrowy audio Midas M32R;Mikser cyfrowy audio Midas M32R;NIE;;OK;
EGZEMPLARZ_SPRZETU;2772;630;0000000000303;1;Mikser cyfrowy audio Midas M32R;Mikser cyfrowy audio Midas M32R;NIE;;OK;
MODEL_SPRZETU;631;631;0200000000259;;Mikser kamerowy Black Magic Design ATEM Television Studio Pro 4K;Mikser kamerowy Black Magic Design ATEM Television Studio Pro 4K;NIE;;OK;
EGZEMPLARZ_SPRZETU;1264;631;0000000001247;1;Mikser kamerowy Black Magic Design ATEM Television Studio Pro 4K;Mikser kamerowy Black Magic Design ATEM Television Studio Pro 4K;NIE;;OK;
MODEL_SPRZETU;632;632;0200000000153;;Mikser video Roland V-1HD Plus;Mikser video Roland V-1HD Plus;NIE;;OK;
EGZEMPLARZ_SPRZETU;762;632;0000000000786;1;Mikser video Roland V-1HD Plus;Mikser video Roland V-1HD Plus;NIE;;OK;
EGZEMPLARZ_SPRZETU;763;632;0000000002365;10;Mikser video Roland V-1HD Plus;Mikser video Roland V-1HD Plus;NIE;;OK;
EGZEMPLARZ_SPRZETU;764;632;0000000000787;2;Mikser video Roland V-1HD Plus;Mikser video Roland V-1HD Plus;NIE;;OK;
EGZEMPLARZ_SPRZETU;765;632;0000000000788;3;Mikser video Roland V-1HD Plus;Mikser video Roland V-1HD Plus;NIE;;OK;
EGZEMPLARZ_SPRZETU;766;632;0000000000789;4;Mikser video Roland V-1HD Plus;Mikser video Roland V-1HD Plus;NIE;;OK;
EGZEMPLARZ_SPRZETU;767;632;0000000002360;5;Mikser video Roland V-1HD Plus;Mikser video Roland V-1HD Plus;NIE;;OK;
EGZEMPLARZ_SPRZETU;768;632;0000000002361;6;Mikser video Roland V-1HD Plus;Mikser video Roland V-1HD Plus;NIE;;OK;
EGZEMPLARZ_SPRZETU;769;632;0000000002362;7;Mikser video Roland V-1HD Plus;Mikser video Roland V-1HD Plus;NIE;;OK;
EGZEMPLARZ_SPRZETU;770;632;0000000002363;8;Mikser video Roland V-1HD Plus;Mikser video Roland V-1HD Plus;NIE;;OK;
EGZEMPLARZ_SPRZETU;771;632;0000000002364;9;Mikser video Roland V-1HD Plus;Mikser video Roland V-1HD Plus;NIE;;OK;
MODEL_SPRZETU;633;633;0200000000200;;Mikser wizyjny AnalogWay Pulse 4K;Mikser wizyjny AnalogWay Pulse 4K;NIE;;OK;
EGZEMPLARZ_SPRZETU;1034;633;0000000001049;1;Mikser wizyjny AnalogWay Pulse 4K;Mikser wizyjny AnalogWay Pulse 4K;NIE;;OK;
EGZEMPLARZ_SPRZETU;1035;633;0000000001050;2;Mikser wizyjny AnalogWay Pulse 4K;Mikser wizyjny AnalogWay Pulse 4K;NIE;;OK;
MODEL_SPRZETU;634;634;0200000000028;;Mikser wizyjny AnalogWay Pulse2-3G;Mikser wizyjny AnalogWay Pulse2-3G;NIE;;OK;
EGZEMPLARZ_SPRZETU;1309;634;0000000000069;1;Mikser wizyjny AnalogWay Pulse2-3G;Mikser wizyjny AnalogWay Pulse2-3G;NIE;;OK;
EGZEMPLARZ_SPRZETU;1310;634;0000000000070;2;Mikser wizyjny AnalogWay Pulse2-3G;Mikser wizyjny AnalogWay Pulse2-3G;NIE;;OK;
EGZEMPLARZ_SPRZETU;1311;634;0000000000071;3;Mikser wizyjny AnalogWay Pulse2-3G;Mikser wizyjny AnalogWay Pulse2-3G;NIE;;OK;
EGZEMPLARZ_SPRZETU;1312;634;0000000000072;4;Mikser wizyjny AnalogWay Pulse2-3G;Mikser wizyjny AnalogWay Pulse2-3G;NIE;;OK;
EGZEMPLARZ_SPRZETU;1313;634;0000000000073;5;Mikser wizyjny AnalogWay Pulse2-3G;Mikser wizyjny AnalogWay Pulse2-3G;NIE;;OK;
MODEL_SPRZETU;635;635;0200000000460;;Mikser wizyjny Barco S3 Junior;Mikser wizyjny Barco S3 Junior;NIE;;OK;
EGZEMPLARZ_SPRZETU;1865;635;0000000002512;1;Mikser wizyjny Barco S3 Junior;Mikser wizyjny Barco S3 Junior;NIE;;OK;
EGZEMPLARZ_SPRZETU;1866;635;0000000002513;2;Mikser wizyjny Barco S3 Junior;Mikser wizyjny Barco S3 Junior;NIE;;OK;
MODEL_SPRZETU;636;636;0200000000352;;Mikser wizyjny Barco S3 Tricombo MAX;Mikser wizyjny Barco S3 Tricombo MAX;NIE;;OK;
EGZEMPLARZ_SPRZETU;1403;636;0000000002514;1;Mikser wizyjny Barco S3;Mikser wizyjny Barco S3;NIE;;OK;
MODEL_OPAKOWANIA;637;637;;;Mikser wizyjny Barco S3 [1];Mikser wizyjny Barco S3 [1];NIE;;OK;
MODEL_SPRZETU;638;638;0200000000562;;Mikser wizyjny PixelHue P20;Mikser wizyjny PixelHue P20;NIE;;OK;
EGZEMPLARZ_SPRZETU;1991;638;0000000002739;1;Mikser wizyjny PixelHue P20;Mikser wizyjny PixelHue P20;NIE;;OK;
EGZEMPLARZ_SPRZETU;1992;638;0000000002740;2;Mikser wizyjny PixelHue P20;Mikser wizyjny PixelHue P20;NIE;;OK;
MODEL_SPRZETU;639;639;0200000000031;;Mikser wizyjny RGBLink Venus X1;Mikser wizyjny RGBLink Venus X1;NIE;;OK;
EGZEMPLARZ_SPRZETU;1351;639;0000000000085;1;Mikser wizyjny RGBLink Venus X1;Mikser wizyjny RGBLink Venus X1;NIE;;OK;
EGZEMPLARZ_SPRZETU;1352;639;0000000000086;2;Mikser wizyjny RGBLink Venus X1;Mikser wizyjny RGBLink Venus X1;NIE;;OK;
EGZEMPLARZ_SPRZETU;1353;639;0000000000087;3;Mikser wizyjny RGBLink Venus X1;Mikser wizyjny RGBLink Venus X1;NIE;;OK;
EGZEMPLARZ_SPRZETU;1354;639;0000000000088;4;Mikser wizyjny RGBLink Venus X1;Mikser wizyjny RGBLink Venus X1;NIE;;OK;
EGZEMPLARZ_SPRZETU;1355;639;0000000000089;5;Mikser wizyjny RGBLink Venus X1;Mikser wizyjny RGBLink Venus X1;NIE;;OK;
MODEL_SPRZETU;640;640;0200000000131;;"Monitor 22""";"Monitor 22""";NIE;;OK;
EGZEMPLARZ_SPRZETU;626;640;0000000000660;1;"Monitor Iiyama PROLITE XU2294HSU 22""";"Monitor Iiyama PROLITE XU2294HSU 22""";NIE;;OK;
EGZEMPLARZ_SPRZETU;627;640;0000000000669;10;"Monitor Iiyama PROLITE XU2294HSU 22""";"Monitor Iiyama PROLITE XU2294HSU 22""";NIE;;OK;
EGZEMPLARZ_SPRZETU;628;640;0000000000670;11;"Monitor Iiyama PROLITE XU2294HSU 22""";"Monitor Iiyama PROLITE XU2294HSU 22""";NIE;;OK;
EGZEMPLARZ_SPRZETU;629;640;0000000000671;12;"Monitor Iiyama PROLITE XU2294HSU 22""";"Monitor Iiyama PROLITE XU2294HSU 22""";NIE;;OK;
EGZEMPLARZ_SPRZETU;630;640;0000000000672;13;"Monitor Iiyama PROLITE XU2294HSU 22""";"Monitor Iiyama PROLITE XU2294HSU 22""";NIE;;OK;
EGZEMPLARZ_SPRZETU;631;640;0000000000673;14;"Monitor Iiyama PROLITE XU2294HSU 22""";"Monitor Iiyama PROLITE XU2294HSU 22""";NIE;;OK;
EGZEMPLARZ_SPRZETU;632;640;0000000000674;15;"Monitor Iiyama PROLITE XU2294HSU 22""";"Monitor Iiyama PROLITE XU2294HSU 22""";NIE;;OK;
EGZEMPLARZ_SPRZETU;633;640;0000000000675;16;"Monitor Iiyama PROLITE XU2294HSU 22""";"Monitor Iiyama PROLITE XU2294HSU 22""";NIE;;OK;
EGZEMPLARZ_SPRZETU;634;640;0000000000676;17;"Monitor Iiyama PROLITE XU2294HSU 22""";"Monitor Iiyama PROLITE XU2294HSU 22""";NIE;;OK;
EGZEMPLARZ_SPRZETU;635;640;0000000000677;18;"Monitor Iiyama PROLITE XU2294HSU 22""";"Monitor Iiyama PROLITE XU2294HSU 22""";NIE;;OK;
EGZEMPLARZ_SPRZETU;636;640;0000000000678;19;"Monitor Iiyama PROLITE XU2294HSU 22""";"Monitor Iiyama PROLITE XU2294HSU 22""";NIE;;OK;
EGZEMPLARZ_SPRZETU;637;640;0000000000661;2;"Monitor Iiyama PROLITE XU2294HSU 22""";"Monitor Iiyama PROLITE XU2294HSU 22""";NIE;;OK;
EGZEMPLARZ_SPRZETU;638;640;0000000000679;20;"Monitor Iiyama PROLITE XU2294HSU 22""";"Monitor Iiyama PROLITE XU2294HSU 22""";NIE;;OK;
EGZEMPLARZ_SPRZETU;639;640;0000000000680;21;"Monitor Iiyama PROLITE XU2294HSU 22""";"Monitor Iiyama PROLITE XU2294HSU 22""";NIE;;OK;
EGZEMPLARZ_SPRZETU;640;640;0000000000681;22;"Monitor Iiyama PROLITE XU2294HSU 22""";"Monitor Iiyama PROLITE XU2294HSU 22""";NIE;;OK;
EGZEMPLARZ_SPRZETU;641;640;0000000000682;23;"Monitor Iiyama PROLITE XU2294HSU 22""";"Monitor Iiyama PROLITE XU2294HSU 22""";NIE;;OK;
EGZEMPLARZ_SPRZETU;642;640;0000000000683;24;"Monitor Iiyama PROLITE XU2294HSU 22""";"Monitor Iiyama PROLITE XU2294HSU 22""";NIE;;OK;
EGZEMPLARZ_SPRZETU;643;640;0000000000684;25;"Monitor Iiyama PROLITE XU2294HSU 22""";"Monitor Iiyama PROLITE XU2294HSU 22""";NIE;;OK;
EGZEMPLARZ_SPRZETU;644;640;0000000000685;26;"Monitor Iiyama PROLITE XU2294HSU 22""";"Monitor Iiyama PROLITE XU2294HSU 22""";NIE;;OK;
EGZEMPLARZ_SPRZETU;645;640;0000000001320;27;"Monitor Iiyama PROLITE XU2294HSU 22""";"Monitor Iiyama PROLITE XU2294HSU 22""";NIE;;OK;
EGZEMPLARZ_SPRZETU;646;640;0000000001321;28;"Monitor Iiyama PROLITE XU2294HSU 22""";"Monitor Iiyama PROLITE XU2294HSU 22""";NIE;;OK;
EGZEMPLARZ_SPRZETU;647;640;0000000001322;29;"Monitor Iiyama PROLITE XU2294HSU 22""";"Monitor Iiyama PROLITE XU2294HSU 22""";NIE;;OK;
EGZEMPLARZ_SPRZETU;648;640;0000000000662;3;"Monitor Iiyama PROLITE XU2294HSU 22""";"Monitor Iiyama PROLITE XU2294HSU 22""";NIE;;OK;
EGZEMPLARZ_SPRZETU;649;640;0000000001323;30;"Monitor Iiyama PROLITE XU2293HSU 22""";"Monitor Iiyama PROLITE XU2293HSU 22""";NIE;;OK;
EGZEMPLARZ_SPRZETU;650;640;0000000001324;31;"Monitor Iiyama PROLITE XU2293HSU 22""";"Monitor Iiyama PROLITE XU2293HSU 22""";NIE;;OK;
EGZEMPLARZ_SPRZETU;651;640;0000000001325;32;"Monitor Iiyama PROLITE XU2292HSU 22""";"Monitor Iiyama PROLITE XU2292HSU 22""";NIE;;OK;
EGZEMPLARZ_SPRZETU;652;640;0000000001496;33;"Monitor Iiyama PROLITE XU2294HSU 22""";"Monitor Iiyama PROLITE XU2294HSU 22""";NIE;;OK;
EGZEMPLARZ_SPRZETU;653;640;0000000002487;34;"Monitor Iiyama PROLITE XU2293HSU 22""";"Monitor Iiyama PROLITE XU2293HSU 22""";NIE;;OK;
EGZEMPLARZ_SPRZETU;654;640;0000000002488;35;"Monitor Iiyama PROLITE XU2293HSU 22""";"Monitor Iiyama PROLITE XU2293HSU 22""";NIE;;OK;
EGZEMPLARZ_SPRZETU;655;640;0000000002625;36;"Monitor Iiyama PROLITE XU2294HSU 22""";"Monitor Iiyama PROLITE XU2294HSU 22""";NIE;;OK;
EGZEMPLARZ_SPRZETU;656;640;0000000002626;37;"Monitor Iiyama PROLITE XU2294HSU 22""";"Monitor Iiyama PROLITE XU2294HSU 22""";NIE;;OK;
EGZEMPLARZ_SPRZETU;657;640;0000000002627;38;"Monitor Iiyama PROLITE XU2294HSU 22""";"Monitor Iiyama PROLITE XU2294HSU 22""";NIE;;OK;
EGZEMPLARZ_SPRZETU;658;640;0000000002628;39;"Monitor Iiyama PROLITE XU2294HSU 22""";"Monitor Iiyama PROLITE XU2294HSU 22""";NIE;;OK;
EGZEMPLARZ_SPRZETU;659;640;0000000000663;4;"Monitor Iiyama PROLITE XU2294HSU 22""";"Monitor Iiyama PROLITE XU2294HSU 22""";NIE;;OK;
EGZEMPLARZ_SPRZETU;660;640;0000000000664;5;"Monitor Iiyama PROLITE XU2294HSU 22""";"Monitor Iiyama PROLITE XU2294HSU 22""";NIE;;OK;
EGZEMPLARZ_SPRZETU;661;640;0000000000665;6;"Monitor Iiyama PROLITE XU2294HSU 22""";"Monitor Iiyama PROLITE XU2294HSU 22""";NIE;;OK;
EGZEMPLARZ_SPRZETU;662;640;0000000000666;7;"Monitor Iiyama PROLITE XU2294HSU 22""";"Monitor Iiyama PROLITE XU2294HSU 22""";NIE;;OK;
EGZEMPLARZ_SPRZETU;663;640;0000000000667;8;"Monitor Iiyama PROLITE XU2294HSU 22""";"Monitor Iiyama PROLITE XU2294HSU 22""";NIE;;OK;
EGZEMPLARZ_SPRZETU;664;640;0000000000668;9;"Monitor Iiyama PROLITE XU2294HSU 22""";"Monitor Iiyama PROLITE XU2294HSU 22""";NIE;;OK;
MODEL_SPRZETU;641;641;0200000000132;;"Monitor 24""";"Monitor 24""";NIE;;OK;
EGZEMPLARZ_SPRZETU;665;641;0000000000686;1;"Monitor Iiyama ProLite XU2493HSU-B7 24""";"Monitor Iiyama ProLite XU2493HSU-B7 24""";NIE;;OK;
EGZEMPLARZ_SPRZETU;666;641;0000000000695;10;"Monitor Iiyama ProLite XU2493HSU-B7 24""";"Monitor Iiyama ProLite XU2493HSU-B7 24""";NIE;;OK;
EGZEMPLARZ_SPRZETU;667;641;0000000002696;11;"Monitor Iiyama ProLite XU2493HSU-B7 24""";"Monitor Iiyama ProLite XU2493HSU-B7 24""";NIE;;OK;
EGZEMPLARZ_SPRZETU;668;641;0000000002697;12;"Monitor Iiyama ProLite XU2493HSU-B7 24""";"Monitor Iiyama ProLite XU2493HSU-B7 24""";NIE;;OK;
EGZEMPLARZ_SPRZETU;669;641;0000000002698;13;"Monitor Iiyama ProLite XU2493HSU-B7 24""";"Monitor Iiyama ProLite XU2493HSU-B7 24""";NIE;;OK;
EGZEMPLARZ_SPRZETU;670;641;0000000002699;14;"Monitor Iiyama ProLite XU2493HSU-B7 24""";"Monitor Iiyama ProLite XU2493HSU-B7 24""";NIE;;OK;
EGZEMPLARZ_SPRZETU;671;641;0000000002700;15;"Monitor Iiyama ProLite XU2493HSU-B7 24""";"Monitor Iiyama ProLite XU2493HSU-B7 24""";NIE;;OK;
EGZEMPLARZ_SPRZETU;672;641;0000000002701;16;"Monitor Iiyama ProLite XU2493HSU-B7 24""";"Monitor Iiyama ProLite XU2493HSU-B7 24""";NIE;;OK;
EGZEMPLARZ_SPRZETU;673;641;0000000002702;17;"Monitor Iiyama ProLite XU2493HSU-B7 24""";"Monitor Iiyama ProLite XU2493HSU-B7 24""";NIE;;OK;
EGZEMPLARZ_SPRZETU;674;641;0000000002703;18;"Monitor Iiyama ProLite XU2493HSU-B7 24""";"Monitor Iiyama ProLite XU2493HSU-B7 24""";NIE;;OK;
EGZEMPLARZ_SPRZETU;675;641;0000000002704;19;"Monitor Iiyama ProLite XU2493HSU-B7 24""";"Monitor Iiyama ProLite XU2493HSU-B7 24""";NIE;;OK;
EGZEMPLARZ_SPRZETU;676;641;0000000000687;2;"Monitor Iiyama ProLite XU2493HSU-B7 24""";"Monitor Iiyama ProLite XU2493HSU-B7 24""";NIE;;OK;
EGZEMPLARZ_SPRZETU;677;641;0000000002705;20;"Monitor Iiyama ProLite XU2493HSU-B7 24""";"Monitor Iiyama ProLite XU2493HSU-B7 24""";NIE;;OK;
EGZEMPLARZ_SPRZETU;678;641;0000000000688;3;"Monitor Iiyama ProLite XU2493HSU-B7 24""";"Monitor Iiyama ProLite XU2493HSU-B7 24""";NIE;;OK;
EGZEMPLARZ_SPRZETU;679;641;0000000000689;4;"Monitor Iiyama ProLite XU2493HSU-B7 24""";"Monitor Iiyama ProLite XU2493HSU-B7 24""";NIE;;OK;
EGZEMPLARZ_SPRZETU;680;641;0000000000690;5;"Monitor Iiyama ProLite XU2493HSU-B7 24""";"Monitor Iiyama ProLite XU2493HSU-B7 24""";NIE;;OK;
EGZEMPLARZ_SPRZETU;681;641;0000000000691;6;"Monitor Iiyama ProLite XU2493HSU-B7 24""";"Monitor Iiyama ProLite XU2493HSU-B7 24""";NIE;;OK;
EGZEMPLARZ_SPRZETU;682;641;0000000000692;7;"Monitor Iiyama ProLite XU2493HSU-B7 24""";"Monitor Iiyama ProLite XU2493HSU-B7 24""";NIE;;OK;
EGZEMPLARZ_SPRZETU;683;641;0000000000693;8;"Monitor Iiyama ProLite XU2493HSU-B7 24""";"Monitor Iiyama ProLite XU2493HSU-B7 24""";NIE;;OK;
EGZEMPLARZ_SPRZETU;684;641;0000000000694;9;"Monitor Iiyama ProLite XU2493HSU-B7 24""";"Monitor Iiyama ProLite XU2493HSU-B7 24""";NIE;;OK;
MODEL_SPRZETU;642;642;0200000000133;;"Monitor 27""";"Monitor 27""";NIE;;OK;
EGZEMPLARZ_SPRZETU;685;642;0000000000696;1;"Monitor Iiyama PROLITE XU2792QSU 27""";"Monitor Iiyama PROLITE XU2792QSU 27""";NIE;;OK;
EGZEMPLARZ_SPRZETU;686;642;0000000000697;2;"Monitor Iiyama PROLITE XU2792QSU 27""";"Monitor Iiyama PROLITE XU2792QSU 27""";NIE;;OK;
EGZEMPLARZ_SPRZETU;687;642;0000000000698;3;"Monitor Iiyama PROLITE XU2792QSU 27""";"Monitor Iiyama PROLITE XU2792QSU 27""";NIE;;OK;
EGZEMPLARZ_SPRZETU;688;642;0000000000699;4;"Monitor Iiyama PROLITE XU2792QSU 27""";"Monitor Iiyama PROLITE XU2792QSU 27""";NIE;;OK;
MODEL_SPRZETU;643;643;0200000000138;;"Monitor 32""";"Monitor 32""";NIE;;OK;
EGZEMPLARZ_SPRZETU;715;643;0000000000743;1;"Monitor Iiyama Prolite LH3260HS 32""";"Monitor Iiyama Prolite LH3260HS 32""";NIE;;OK;
EGZEMPLARZ_SPRZETU;716;643;0000000000744;2;"Monitor Iiyama Prolite LH3260HS 32""";"Monitor Iiyama Prolite LH3260HS 32""";NIE;;OK;
EGZEMPLARZ_SPRZETU;717;643;0000000000745;3;"Monitor Iiyama Prolite LH3260HS 32""";"Monitor Iiyama Prolite LH3260HS 32""";NIE;;OK;
EGZEMPLARZ_SPRZETU;718;643;0000000000746;4;"Monitor Iiyama Prolite LH3260HS 32""";"Monitor Iiyama Prolite LH3260HS 32""";NIE;;OK;
EGZEMPLARZ_SPRZETU;719;643;0000000000747;5;"Monitor Iiyama Prolite LH3260HS 32""";"Monitor Iiyama Prolite LH3260HS 32""";NIE;;OK;
EGZEMPLARZ_SPRZETU;720;643;0000000000748;6;"Monitor Iiyama Prolite LH3260HS 32""";"Monitor Iiyama Prolite LH3260HS 32""";NIE;;OK;
MODEL_SPRZETU;644;644;0200000000268;;"Monitor 43""";"Monitor 43""";NIE;;OK;
EGZEMPLARZ_SPRZETU;1282;644;0000000001271;1;"Monitor Iiyama LH4360UHS 43""";"Monitor Iiyama LH4360UHS 43""";NIE;;OK;
EGZEMPLARZ_SPRZETU;1283;644;0000000001280;10;"Monitor Iiyama LH4360UHS 43""";"Monitor Iiyama LH4360UHS 43""";NIE;;OK;
EGZEMPLARZ_SPRZETU;1284;644;0000000001281;11;"Monitor Iiyama LH4360UHS 43""";"Monitor Iiyama LH4360UHS 43""";NIE;;OK;
EGZEMPLARZ_SPRZETU;1285;644;0000000001282;12;"Monitor Iiyama LH4360UHS 43""";"Monitor Iiyama LH4360UHS 43""";NIE;;OK;
EGZEMPLARZ_SPRZETU;1286;644;0000000001283;13;"Monitor Iiyama LH4360UHS 43""";"Monitor Iiyama LH4360UHS 43""";NIE;;OK;
EGZEMPLARZ_SPRZETU;1287;644;0000000001284;14;"Monitor Iiyama LH4360UHS 43""";"Monitor Iiyama LH4360UHS 43""";NIE;;OK;
EGZEMPLARZ_SPRZETU;1288;644;0000000001285;15;"Monitor Iiyama LH4360UHS 43""";"Monitor Iiyama LH4360UHS 43""";NIE;;OK;
EGZEMPLARZ_SPRZETU;1289;644;0000000001286;16;"Monitor Iiyama LH4360UHS 43""";"Monitor Iiyama LH4360UHS 43""";NIE;;OK;
EGZEMPLARZ_SPRZETU;1290;644;0000000001287;17;"Monitor Panasonic TH-43LFE8E 43""";"Monitor Panasonic TH-43LFE8E 43""";NIE;;OK;
EGZEMPLARZ_SPRZETU;1291;644;0000000001288;18;"Monitor Panasonic TH-43LFE8E 43""";"Monitor Panasonic TH-43LFE8E 43""";NIE;;OK;
EGZEMPLARZ_SPRZETU;1292;644;0000000001289;19;"Monitor Panasonic TH-43LFE8E 43""";"Monitor Panasonic TH-43LFE8E 43""";NIE;;OK;
EGZEMPLARZ_SPRZETU;1293;644;0000000001272;2;"Monitor Iiyama LH4360UHS 43""";"Monitor Iiyama LH4360UHS 43""";NIE;;OK;
EGZEMPLARZ_SPRZETU;1294;644;0000000001290;20;"Monitor Panasonic TH-43CQE1W 43"" 4K";"Monitor Panasonic TH-43CQE1W 43"" 4K";NIE;;OK;
EGZEMPLARZ_SPRZETU;1295;644;0000000001273;3;"Monitor Iiyama LH4360UHS 43""";"Monitor Iiyama LH4360UHS 43""";NIE;;OK;
EGZEMPLARZ_SPRZETU;1296;644;0000000001274;4;"Monitor Iiyama LH4360UHS 43""";"Monitor Iiyama LH4360UHS 43""";NIE;;OK;
EGZEMPLARZ_SPRZETU;1297;644;0000000001275;5;"Monitor Iiyama LH4360UHS 43""";"Monitor Iiyama LH4360UHS 43""";NIE;;OK;
EGZEMPLARZ_SPRZETU;1298;644;0000000001276;6;"Monitor Iiyama LH4360UHS 43""";"Monitor Iiyama LH4360UHS 43""";NIE;;OK;
EGZEMPLARZ_SPRZETU;1299;644;0000000001277;7;"Monitor Iiyama LH4360UHS 43""";"Monitor Iiyama LH4360UHS 43""";NIE;;OK;
EGZEMPLARZ_SPRZETU;1300;644;0000000001278;8;"Monitor Iiyama LH4360UHS 43""";"Monitor Iiyama LH4360UHS 43""";NIE;;OK;
EGZEMPLARZ_SPRZETU;1301;644;0000000001279;9;"Monitor Iiyama LH4360UHS 43""";"Monitor Iiyama LH4360UHS 43""";NIE;;OK;
MODEL_SPRZETU;645;645;0200000000137;;"Monitor 55""";"Monitor 55""";NIE;;OK;
EGZEMPLARZ_SPRZETU;699;645;0000000000727;1;Monitor Panasonic 4K TH-55SQE2W 55'';Monitor Panasonic 4K TH-55SQE2W 55'';NIE;;OK;
EGZEMPLARZ_SPRZETU;700;645;0000000000736;10;"Telewizor Panasonic TX-55C320E 55""";"Telewizor Panasonic TX-55C320E 55""";NIE;;OK;
EGZEMPLARZ_SPRZETU;701;645;0000000000737;11;"Monitor Samsung ME55C 55""";"Monitor Samsung ME55C 55""";NIE;;OK;
EGZEMPLARZ_SPRZETU;702;645;0000000000738;12;"Monitor Samsung ME55C 55""";"Monitor Samsung ME55C 55""";NIE;;OK;
EGZEMPLARZ_SPRZETU;703;645;0000000000739;13;"Monitor Samsung ME55C 55""";"Monitor Samsung ME55C 55""";NIE;;OK;
EGZEMPLARZ_SPRZETU;704;645;0000000000740;14;"Telewizor Samsung UE55NU7172U, 55"" 4K";"Telewizor Samsung UE55NU7172U, 55"" 4K";NIE;;OK;
EGZEMPLARZ_SPRZETU;705;645;0000000000741;15;"Telewizor Panasonic TX-55C320E 55""";"Telewizor Panasonic TX-55C320E 55""";NIE;;OK;
EGZEMPLARZ_SPRZETU;706;645;0000000000742;16;"Telewizor Panasonic TX-55C320E 55""";"Telewizor Panasonic TX-55C320E 55""";NIE;;OK;
EGZEMPLARZ_SPRZETU;707;645;0000000000728;2;Monitor Panasonic 4K TH-55SQE2W 55'';Monitor Panasonic 4K TH-55SQE2W 55'';NIE;;OK;
EGZEMPLARZ_SPRZETU;708;645;0000000000729;3;Monitor Panasonic 4K TH-55SQE1W 55'';Monitor Panasonic 4K TH-55SQE1W 55'';NIE;;OK;
EGZEMPLARZ_SPRZETU;709;645;0000000000730;4;Monitor Panasonic 4K TH-55SQE1W 55'';Monitor Panasonic 4K TH-55SQE1W 55'';NIE;;OK;
EGZEMPLARZ_SPRZETU;710;645;0000000000731;5;Monitor Panasonic 4K TH-55SQE1W 55'';Monitor Panasonic 4K TH-55SQE1W 55'';NIE;;OK;
EGZEMPLARZ_SPRZETU;711;645;0000000000732;6;Monitor Panasonic 4K TH-55SQE1W 55'';Monitor Panasonic 4K TH-55SQE1W 55'';NIE;;OK;
EGZEMPLARZ_SPRZETU;712;645;0000000000733;7;Monitor Panasonic 4K TH-55SQE1W 55'';Monitor Panasonic 4K TH-55SQE1W 55'';NIE;;OK;
EGZEMPLARZ_SPRZETU;713;645;0000000000734;8;Monitor Panasonic 4K TH-55SQE1W 55'';Monitor Panasonic 4K TH-55SQE1W 55'';NIE;;OK;
EGZEMPLARZ_SPRZETU;714;645;0000000000735;9;Monitor Panasonic 4K TH-55SQE1W 55'';Monitor Panasonic 4K TH-55SQE1W 55'';NIE;;OK;
MODEL_SPRZETU;646;646;0200000000140;;"Monitor 65""";"Monitor 65""";NIE;;OK;
EGZEMPLARZ_SPRZETU;733;646;0000000000757;1;"Monitor Panasonic TH-65CQE2W 65""";"Monitor Panasonic TH-65CQE2W 65""";NIE;;OK;
EGZEMPLARZ_SPRZETU;734;646;0000000000759;1;"Monitor Iiyama ProLite LH6541UHS 65""";"Monitor Iiyama ProLite LH6541UHS 65""";NIE;;OK;
EGZEMPLARZ_SPRZETU;735;646;0000000000758;2;"Monitor Panasonic TH-65CQE2W 65""";"Monitor Panasonic TH-65CQE2W 65""";NIE;;OK;
EGZEMPLARZ_SPRZETU;736;646;0000000000760;2;"Monitor Iiyama ProLite LH6541UHS 65""";"Monitor Iiyama ProLite LH6541UHS 65""";NIE;;OK;
MODEL_SPRZETU;647;647;0200000000139;;"Monitor 75""";"Monitor 75""";NIE;;OK;
EGZEMPLARZ_SPRZETU;721;647;0000000000749;1;Monitor Iiyama PROLITE LH7575UHS;Monitor Iiyama PROLITE LH7575UHS;NIE;;OK;
EGZEMPLARZ_SPRZETU;722;647;0000000000750;2;Monitor Iiyama PROLITE LH7575UHS;Monitor Iiyama PROLITE LH7575UHS;NIE;;OK;
EGZEMPLARZ_SPRZETU;723;647;0000000000751;3;Monitor Iiyama PROLITE LH7575UHS;Monitor Iiyama PROLITE LH7575UHS;NIE;;OK;
EGZEMPLARZ_SPRZETU;724;647;0000000000752;4;Monitor Iiyama PROLITE LH7575UHS;Monitor Iiyama PROLITE LH7575UHS;NIE;;OK;
EGZEMPLARZ_SPRZETU;725;647;0000000000753;5;Monitor Iiyama PROLITE LH7575UHS;Monitor Iiyama PROLITE LH7575UHS;NIE;;OK;
EGZEMPLARZ_SPRZETU;726;647;0000000000754;6;Monitor Iiyama PROLITE LH7575UHS;Monitor Iiyama PROLITE LH7575UHS;NIE;;OK;
EGZEMPLARZ_SPRZETU;727;647;0000000000755;7;"Monitor Samsung QB75B SS UHD 4K 75""";"Monitor Samsung QB75B SS UHD 4K 75""";NIE;;OK;
EGZEMPLARZ_SPRZETU;728;647;0000000000756;8;"Monitor Samsung QB75B SS UHD 4K 75""";"Monitor Samsung QB75B SS UHD 4K 75""";NIE;;OK;
MODEL_SPRZETU;648;648;0200000000141;;"Monitor 86""";"Monitor 86""";NIE;;OK;
EGZEMPLARZ_SPRZETU;737;648;0000000000761;1;"Monitor Panasonic UHD LCD 4K TH-86CQE1W 86""";"Monitor Panasonic UHD LCD 4K TH-86CQE1W 86""";NIE;;OK;
EGZEMPLARZ_SPRZETU;738;648;0000000000763;1;"Monitor Iiyama PROLITE LH8664UHS 86""";"Monitor Iiyama PROLITE LH8664UHS 86""";NIE;;OK;
EGZEMPLARZ_SPRZETU;739;648;0000000000762;2;"Monitor Panasonic UHD LCD 4K TH-86CQE1W 86""";"Monitor Panasonic UHD LCD 4K TH-86CQE1W 86""";NIE;;OK;
EGZEMPLARZ_SPRZETU;740;648;0000000000764;2;"Monitor Iiyama PROLITE LH8664UHS 86""";"Monitor Iiyama PROLITE LH8664UHS 86""";NIE;;OK;
MODEL_SPRZETU;649;649;0200000000263;;"Monitor Iiyama ProLite T2234MC dotykowy 22""";"Monitor Iiyama ProLite T2234MC dotykowy 22""";NIE;;OK;
EGZEMPLARZ_SPRZETU;1271;649;0000000001253;1;"Monitor Iiyama ProLite T2234MC dotykowy 22""";"Monitor Iiyama ProLite T2234MC dotykowy 22""";NIE;;OK;
EGZEMPLARZ_SPRZETU;1272;649;0000000001254;2;"Monitor Iiyama ProLite T2234MC dotykowy 22""";"Monitor Iiyama ProLite T2234MC dotykowy 22""";NIE;;OK;
EGZEMPLARZ_SPRZETU;1273;649;0000000001255;3;"Monitor Iiyama ProLite T2234MC dotykowy 22""";"Monitor Iiyama ProLite T2234MC dotykowy 22""";NIE;;OK;
EGZEMPLARZ_SPRZETU;1274;649;0000000002304;4;"Monitor Iiyama ProLite T2234MC dotykowy 22""";"Monitor Iiyama ProLite T2234MC dotykowy 22""";NIE;;OK;
MODEL_SPRZETU;650;650;0000000002662;;Monitor Samsung QM55C (INFOKIOSK);Monitor Samsung QM55C (INFOKIOSK);NIE;;OK;
MODEL_SPRZETU;651;651;0200000000135;;"Monitor dotykowy 55""";"Monitor dotykowy 55""";NIE;;OK;
EGZEMPLARZ_SPRZETU;692;651;0000000000703;1;"Monitor dotykowy Iiyama ProLite TE5512MIS 55""";"Monitor dotykowy Iiyama ProLite TE5512MIS 55""";NIE;;OK;
EGZEMPLARZ_SPRZETU;693;651;0000000000704;2;"Monitor dotykowy Iiyama ProLite TE5512MIS 55""";"Monitor dotykowy Iiyama ProLite TE5512MIS 55""";NIE;;OK;
EGZEMPLARZ_SPRZETU;694;651;0000000000705;3;"Monitor dotykowy Iiyama ProLite TE5512MIS 55""";"Monitor dotykowy Iiyama ProLite TE5512MIS 55""";NIE;;OK;
EGZEMPLARZ_SPRZETU;695;651;0000000000706;4;"Monitor dotykowy Iiyama ProLite TE5512MIS 55""";"Monitor dotykowy Iiyama ProLite TE5512MIS 55""";NIE;;OK;
MODEL_SPRZETU;652;652;0200000000136;;"Monitor dotykowy 55"" + statyw";"Monitor dotykowy 55"" + statyw";NIE;;OK;
EGZEMPLARZ_SPRZETU;696;652;0000000000708;1;"Monitor dotykowy Iiyama TH5565MIS 55"" + statyw";"Monitor dotykowy Iiyama TH5565MIS 55"" + statyw";NIE;;OK;
EGZEMPLARZ_SPRZETU;697;652;0000000000709;2;"Monitor dotykowy Iiyama TH5565MIS 55"" + statyw";"Monitor dotykowy Iiyama TH5565MIS 55"" + statyw";NIE;;OK;
EGZEMPLARZ_SPRZETU;698;652;0000000000710;3;"Monitor dotykowy Iiyama TH5565MIS 55"" + statyw";"Monitor dotykowy Iiyama TH5565MIS 55"" + statyw";NIE;;OK;
MODEL_SPRZETU;653;653;0200000000219;;"Monitor dotykowy 98""";"Monitor dotykowy 98""";NIE;;OK;
EGZEMPLARZ_SPRZETU;1173;653;0000000001158;1;"Monitor Iiyama ProLite TE9812MIS-B3AG dotykowy 98""";"Monitor Iiyama ProLite TE9812MIS-B3AG dotykowy 98""";NIE;;OK;
EGZEMPLARZ_SPRZETU;1174;653;0000000001159;2;"Monitor Iiyama ProLite TE9812MIS-B3AG dotykowy 98""";"Monitor Iiyama ProLite TE9812MIS-B3AG dotykowy 98""";NIE;;OK;
MODEL_SPRZETU;654;654;0200000000358;;"Monitor dotykowy Iiyama 22"" ProLite T2236MSC";"Monitor dotykowy Iiyama 22"" ProLite T2236MSC";NIE;;OK;
EGZEMPLARZ_SPRZETU;1413;654;0000000001515;1;"Monitor dotykowy Iiyama 22"" ProLite T2236MSC";"Monitor dotykowy Iiyama 22"" ProLite T2236MSC";NIE;;OK;
EGZEMPLARZ_SPRZETU;1414;654;0000000001518;2;"Monitor dotykowy Iiyama 22"" ProLite T2236MSC";"Monitor dotykowy Iiyama 22"" ProLite T2236MSC";NIE;;OK;
EGZEMPLARZ_SPRZETU;1415;654;0000000001532;3;"Monitor dotykowy Iiyama 22"" ProLite T2236MSC";"Monitor dotykowy Iiyama 22"" ProLite T2236MSC";NIE;;OK;
EGZEMPLARZ_SPRZETU;1416;654;0000000001524;4;"Monitor dotykowy Iiyama 22"" ProLite T2236MSC";"Monitor dotykowy Iiyama 22"" ProLite T2236MSC";NIE;;OK;
EGZEMPLARZ_SPRZETU;1417;654;0000000002307;5;"Monitor dotykowy Iiyama 22"" ProLite T2236MSC";"Monitor dotykowy Iiyama 22"" ProLite T2236MSC";NIE;;OK;
EGZEMPLARZ_SPRZETU;1418;654;0000000001537;6;"Monitor dotykowy Iiyama 22"" ProLite T2236MSC";"Monitor dotykowy Iiyama 22"" ProLite T2236MSC";NIE;;OK;
EGZEMPLARZ_SPRZETU;1419;654;0000000001521;7;"Monitor dotykowy Iiyama 22"" ProLite T2236MSC";"Monitor dotykowy Iiyama 22"" ProLite T2236MSC";NIE;;OK;
EGZEMPLARZ_SPRZETU;1420;654;0000000002305;8;"Monitor dotykowy Iiyama 22"" ProLite T2236MSC";"Monitor dotykowy Iiyama 22"" ProLite T2236MSC";NIE;;OK;
EGZEMPLARZ_SPRZETU;1421;654;0000000002306;9;"Monitor dotykowy Iiyama 22"" ProLite T2236MSC";"Monitor dotykowy Iiyama 22"" ProLite T2236MSC";NIE;;OK;
MODEL_SPRZETU;655;655;0200000000260;;Monitor referencyjny Black Magic Design SmartView 4K 2;Monitor referencyjny Black Magic Design SmartView 4K 2;NIE;;OK;
EGZEMPLARZ_SPRZETU;1267;655;0000000001248;1;Monitor referencyjny Black Magic Design SmartView 4K 2;Monitor referencyjny Black Magic Design SmartView 4K 2;NIE;;OK;
MODEL_SPRZETU;656;656;0000000002617;;Myszka Dell MS116P;Myszka Dell MS116P;NIE;;OK;
MODEL_SPRZETU;657;657;0000000002486;;Myszka Esperanza;Myszka Esperanza;NIE;;OK;
MODEL_SPRZETU;658;658;0000000001464;;Myszka Logitech M90;Myszka Logitech M90;NIE;;OK;
MODEL_SPRZETU;659;659;0000000001465;;Myszka Modecom MC-M4.1;Myszka Modecom MC-M4.1;NIE;;OK;
MODEL_SPRZETU;660;660;0200000000002;;Mównica biała;Mównica biała;NIE;;OK;
EGZEMPLARZ_SPRZETU;1023;660;0000000000001;1;Mównica biała;Mównica biała;NIE;;OK;
EGZEMPLARZ_SPRZETU;1024;660;0000000000002;2;Mównica biała;Mównica biała;NIE;;OK;
EGZEMPLARZ_SPRZETU;1025;660;0000000000003;3;Mównica biała;Mównica biała;NIE;;OK;
EGZEMPLARZ_SPRZETU;1026;660;0000000000004;4;Mównica biała;Mównica biała;NIE;;OK;
EGZEMPLARZ_SPRZETU;1027;660;0000000000005;5;Mównica biała;Mównica biała;NIE;;OK;
EGZEMPLARZ_SPRZETU;1028;660;0000000000006;6;Mównica biała;Mównica biała;NIE;;OK;
EGZEMPLARZ_SPRZETU;1029;660;0000000000007;7;Mównica biała;Mównica biała;NIE;;OK;
EGZEMPLARZ_SPRZETU;1030;660;0000000000008;8;Mównica biała;Mównica biała;NIE;;OK;
MODEL_SPRZETU;661;661;0200000000003;;Mównica czarna;Mównica czarna;NIE;;OK;
EGZEMPLARZ_SPRZETU;1316;661;0000000000010;10;Mównica czarna;Mównica czarna;NIE;;OK;
EGZEMPLARZ_SPRZETU;1317;661;0000000000009;9;Mównica czarna;Mównica czarna;NIE;;OK;
MODEL_SPRZETU;662;662;0200000000242;;Mównica plexi;Mównica plexi;NIE;;OK;
EGZEMPLARZ_SPRZETU;1244;662;0000000001241;1;Mównica plexi;Mównica plexi;NIE;;OK;
MODEL_SPRZETU;663;663;0200000000134;;Mównica z plexi Pleximade ŁUK szron;Mównica z plexi Pleximade ŁUK szron;NIE;;OK;
EGZEMPLARZ_SPRZETU;689;663;0000000000700;1;Mównica z plexi Pleximade ŁUK szron;Mównica z plexi Pleximade ŁUK szron;NIE;;OK;
EGZEMPLARZ_SPRZETU;690;663;0000000000701;2;Mównica z plexi Pleximade ŁUK szron;Mównica z plexi Pleximade ŁUK szron;NIE;;OK;
EGZEMPLARZ_SPRZETU;691;663;0000000000702;3;Mównica z plexi Pleximade ŁUK szron;Mównica z plexi Pleximade ŁUK szron;NIE;;OK;
MODEL_SPRZETU;664;664;0200000000374;;Nadajnik Bodypack BLX1;Nadajnik Bodypack BLX1;NIE;;OK;
EGZEMPLARZ_SPRZETU;1464;664;0000000001570;1;Nadajnik Bodypack BLX1;Nadajnik Bodypack BLX1;NIE;;OK;
EGZEMPLARZ_SPRZETU;1465;664;0000000001571;2;Nadajnik Bodypack BLX1;Nadajnik Bodypack BLX1;NIE;;OK;
EGZEMPLARZ_SPRZETU;1466;664;0000000001572;3;Nadajnik Bodypack BLX1;Nadajnik Bodypack BLX1;NIE;;OK;
EGZEMPLARZ_SPRZETU;1467;664;0000000001573;4;Nadajnik Bodypack BLX1;Nadajnik Bodypack BLX1;NIE;;OK;
MODEL_SPRZETU;665;665;0200000000399;;Nadajnik Bodypack QLXD1;Nadajnik Bodypack QLXD1;NIE;;OK;
EGZEMPLARZ_SPRZETU;1614;665;0000000002717;1;Nadajnik Bodypack QLXD1;Nadajnik Bodypack QLXD1;NIE;;OK;
EGZEMPLARZ_SPRZETU;1615;665;0000000001658;10;Nadajnik Bodypack QLXD1;Nadajnik Bodypack QLXD1;NIE;;OK;
EGZEMPLARZ_SPRZETU;1616;665;0000000001659;11;Nadajnik Bodypack QLXD1;Nadajnik Bodypack QLXD1;NIE;;OK;
EGZEMPLARZ_SPRZETU;1617;665;0000000001660;12;Nadajnik Bodypack QLXD1;Nadajnik Bodypack QLXD1;NIE;;OK;
EGZEMPLARZ_SPRZETU;1618;665;0000000001671;13;Nadajnik Bodypack QLXD1;Nadajnik Bodypack QLXD1;NIE;;OK;
EGZEMPLARZ_SPRZETU;1619;665;0000000001672;14;Nadajnik Bodypack QLXD1;Nadajnik Bodypack QLXD1;NIE;;OK;
EGZEMPLARZ_SPRZETU;1620;665;0000000001673;15;Nadajnik Bodypack QLXD1;Nadajnik Bodypack QLXD1;NIE;;OK;
EGZEMPLARZ_SPRZETU;1621;665;0000000001674;16;Nadajnik Bodypack QLXD1;Nadajnik Bodypack QLXD1;NIE;;OK;
EGZEMPLARZ_SPRZETU;1622;665;0000000001685;17;Nadajnik Bodypack QLXD1;Nadajnik Bodypack QLXD1;NIE;;OK;
EGZEMPLARZ_SPRZETU;1623;665;0000000001686;18;Nadajnik Bodypack QLXD1;Nadajnik Bodypack QLXD1;NIE;;OK;
EGZEMPLARZ_SPRZETU;1624;665;0000000001687;19;Nadajnik Bodypack QLXD1;Nadajnik Bodypack QLXD1;NIE;;OK;
EGZEMPLARZ_SPRZETU;1625;665;0000000002718;2;Nadajnik Bodypack QLXD1;Nadajnik Bodypack QLXD1;NIE;;OK;
EGZEMPLARZ_SPRZETU;1626;665;0000000001688;20;Nadajnik Bodypack QLXD1;Nadajnik Bodypack QLXD1;NIE;;OK;
EGZEMPLARZ_SPRZETU;1627;665;0000000001699;21;Nadajnik Bodypack QLXD1;Nadajnik Bodypack QLXD1;NIE;;OK;
EGZEMPLARZ_SPRZETU;1628;665;0000000001700;22;Nadajnik Bodypack QLXD1;Nadajnik Bodypack QLXD1;NIE;;OK;
EGZEMPLARZ_SPRZETU;1629;665;0000000001701;23;Nadajnik Bodypack QLXD1;Nadajnik Bodypack QLXD1;NIE;;OK;
EGZEMPLARZ_SPRZETU;1630;665;0000000001702;24;Nadajnik Bodypack QLXD1;Nadajnik Bodypack QLXD1;NIE;;OK;
EGZEMPLARZ_SPRZETU;1631;665;0000000002719;3;Nadajnik Bodypack QLXD1;Nadajnik Bodypack QLXD1;NIE;;OK;
EGZEMPLARZ_SPRZETU;1632;665;0000000002720;4;Nadajnik Bodypack QLXD1;Nadajnik Bodypack QLXD1;NIE;;OK;
EGZEMPLARZ_SPRZETU;1633;665;0000000001642;5;Nadajnik Bodypack QLXD1;Nadajnik Bodypack QLXD1;NIE;;OK;
EGZEMPLARZ_SPRZETU;1634;665;0000000001643;6;Nadajnik Bodypack QLXD1;Nadajnik Bodypack QLXD1;NIE;;OK;
EGZEMPLARZ_SPRZETU;1635;665;0000000001644;7;Nadajnik Bodypack QLXD1;Nadajnik Bodypack QLXD1;NIE;;OK;
EGZEMPLARZ_SPRZETU;1636;665;0000000001645;8;Nadajnik Bodypack QLXD1;Nadajnik Bodypack QLXD1;NIE;;OK;
EGZEMPLARZ_SPRZETU;1637;665;0000000001657;9;Nadajnik Bodypack QLXD1;Nadajnik Bodypack QLXD1;NIE;;OK;
MODEL_SPRZETU;666;666;0200000000257;;Nadajnik PSM 300 P3T H8E;Nadajnik PSM 300 P3T H8E;NIE;;OK;
EGZEMPLARZ_SPRZETU;1260;666;0000000001243;1;Nadajnik PSM 300 P3T;Nadajnik PSM 300 P3T;NIE;;OK;
EGZEMPLARZ_SPRZETU;1261;666;0000000001245;2;Nadajnik PSM 300 P3T;Nadajnik PSM 300 P3T;NIE;;OK;
MODEL_SPRZETU;667;667;0000000001776;;Nadajnik USB do głosowania Qwizdom;Nadajnik USB do głosowania Qwizdom;NIE;;OK;
MODEL_SPRZETU;668;668;0200000000388;;Nadajnik ręczny Sennheiser SKM100;Nadajnik ręczny Sennheiser SKM100;NIE;;OK;
EGZEMPLARZ_SPRZETU;1482;668;0000000001597;1;Nadajnik ręczny Sennheiser SKM100;Nadajnik ręczny Sennheiser SKM100;NIE;;OK;
EGZEMPLARZ_SPRZETU;1483;668;0000000001598;2;Nadajnik ręczny Sennheiser SKM100;Nadajnik ręczny Sennheiser SKM100;NIE;;OK;
EGZEMPLARZ_SPRZETU;1484;668;0000000001599;3;Nadajnik ręczny Sennheiser SKM100;Nadajnik ręczny Sennheiser SKM100;NIE;;OK;
EGZEMPLARZ_SPRZETU;1485;668;0000000001600;4;Nadajnik ręczny Sennheiser SKM100;Nadajnik ręczny Sennheiser SKM100;NIE;;OK;
MODEL_SPRZETU;669;669;0200000000379;;Nadajnik ręczny Sennheiser SKM35;Nadajnik ręczny Sennheiser SKM35;NIE;;OK;
EGZEMPLARZ_SPRZETU;1472;669;0000000001579;1;Nadajnik ręczny Sennheiser SKM35;Nadajnik ręczny Sennheiser SKM35;NIE;;OK;
EGZEMPLARZ_SPRZETU;1473;669;0000000001580;2;Nadajnik ręczny Sennheiser SKM35;Nadajnik ręczny Sennheiser SKM35;NIE;;OK;
EGZEMPLARZ_SPRZETU;1474;669;0000000001584;3;Nadajnik ręczny Sennheiser SKM35;Nadajnik ręczny Sennheiser SKM35;NIE;;OK;
EGZEMPLARZ_SPRZETU;1475;669;0000000001585;4;Nadajnik ręczny Sennheiser SKM35;Nadajnik ręczny Sennheiser SKM35;NIE;;OK;
MODEL_SPRZETU;670;670;0200000000392;;Nadajnik ręczny Sennheiser SL handheld DW;Nadajnik ręczny Sennheiser SL handheld DW;NIE;;OK;
EGZEMPLARZ_SPRZETU;1535;670;0000000001607;1;Nadajnik ręczny Sennheiser SL handheld DW;Nadajnik ręczny Sennheiser SL handheld DW;NIE;;OK;
EGZEMPLARZ_SPRZETU;1536;670;0000000001608;2;Nadajnik ręczny Sennheiser SL handheld DW;Nadajnik ręczny Sennheiser SL handheld DW;NIE;;OK;
EGZEMPLARZ_SPRZETU;1537;670;0000000001609;3;Nadajnik ręczny Sennheiser SL handheld DW;Nadajnik ręczny Sennheiser SL handheld DW;NIE;;OK;
EGZEMPLARZ_SPRZETU;1538;670;0000000001610;4;Nadajnik ręczny Sennheiser SL handheld DW;Nadajnik ręczny Sennheiser SL handheld DW;NIE;;OK;
EGZEMPLARZ_SPRZETU;1539;670;0000000001615;5;Nadajnik ręczny Sennheiser SL handheld DW;Nadajnik ręczny Sennheiser SL handheld DW;NIE;;OK;
EGZEMPLARZ_SPRZETU;1540;670;0000000001616;6;Nadajnik ręczny Sennheiser SL handheld DW;Nadajnik ręczny Sennheiser SL handheld DW;NIE;;OK;
EGZEMPLARZ_SPRZETU;1541;670;0000000001617;7;Nadajnik ręczny Sennheiser SL handheld DW;Nadajnik ręczny Sennheiser SL handheld DW;NIE;;OK;
EGZEMPLARZ_SPRZETU;1542;670;0000000001618;8;Nadajnik ręczny Sennheiser SL handheld DW;Nadajnik ręczny Sennheiser SL handheld DW;NIE;;OK;
MODEL_SPRZETU;671;671;0200000000364;;Nadajnik ręczny Shure Beta 58A;Nadajnik ręczny Shure Beta 58A;NIE;;OK;
EGZEMPLARZ_SPRZETU;1453;671;0000000001550;1;Nadajnik ręczny Shure Beta 58A;Nadajnik ręczny Shure Beta 58A;NIE;;OK;
EGZEMPLARZ_SPRZETU;1454;671;0000000001551;2;Nadajnik ręczny Shure Beta 58A;Nadajnik ręczny Shure Beta 58A;NIE;;OK;
EGZEMPLARZ_SPRZETU;1455;671;0000000001552;3;Nadajnik ręczny Shure Beta 58A;Nadajnik ręczny Shure Beta 58A;NIE;;OK;
EGZEMPLARZ_SPRZETU;1456;671;0000000001553;4;Nadajnik ręczny Shure Beta 58A;Nadajnik ręczny Shure Beta 58A;NIE;;OK;
EGZEMPLARZ_SPRZETU;1457;671;0000000001566;5;Nadajnik ręczny Shure Beta 58A;Nadajnik ręczny Shure Beta 58A;NIE;;OK;
EGZEMPLARZ_SPRZETU;1458;671;0000000001567;6;Nadajnik ręczny Shure Beta 58A;Nadajnik ręczny Shure Beta 58A;NIE;;OK;
MODEL_SPRZETU;672;672;0200000000398;;Nadajnik ręczny Shure QLXD2 BETA 58A;Nadajnik ręczny Shure QLXD2 BETA 58A;NIE;;OK;
EGZEMPLARZ_SPRZETU;1590;672;0000000002713;1;Nadajnik ręczny Shure QLXD2 BETA 58A;Nadajnik ręczny Shure QLXD2 BETA 58A;NIE;;OK;
EGZEMPLARZ_SPRZETU;1591;672;0000000001654;10;Nadajnik ręczny Shure QLXD2 BETA 58A;Nadajnik ręczny Shure QLXD2 BETA 58A;NIE;;OK;
EGZEMPLARZ_SPRZETU;1592;672;0000000001655;11;Nadajnik ręczny Shure QLXD2 BETA 58A;Nadajnik ręczny Shure QLXD2 BETA 58A;NIE;;OK;
EGZEMPLARZ_SPRZETU;1593;672;0000000001656;12;Nadajnik ręczny Shure QLXD2 BETA 58A;Nadajnik ręczny Shure QLXD2 BETA 58A;NIE;;OK;
EGZEMPLARZ_SPRZETU;1594;672;0000000001667;13;Nadajnik ręczny Shure QLXD2 BETA 58A;Nadajnik ręczny Shure QLXD2 BETA 58A;NIE;;OK;
EGZEMPLARZ_SPRZETU;1595;672;0000000001668;14;Nadajnik ręczny Shure QLXD2 BETA 58A;Nadajnik ręczny Shure QLXD2 BETA 58A;NIE;;OK;
EGZEMPLARZ_SPRZETU;1596;672;0000000001669;15;Nadajnik ręczny Shure QLXD2 BETA 58A;Nadajnik ręczny Shure QLXD2 BETA 58A;NIE;;OK;
EGZEMPLARZ_SPRZETU;1597;672;0000000001670;16;Nadajnik ręczny Shure QLXD2 BETA 58A;Nadajnik ręczny Shure QLXD2 BETA 58A;NIE;;OK;
EGZEMPLARZ_SPRZETU;1598;672;0000000001681;17;Nadajnik ręczny Shure QLXD2 BETA 58A;Nadajnik ręczny Shure QLXD2 BETA 58A;NIE;;OK;
EGZEMPLARZ_SPRZETU;1599;672;0000000001682;18;Nadajnik ręczny Shure QLXD2 BETA 58A;Nadajnik ręczny Shure QLXD2 BETA 58A;NIE;;OK;
EGZEMPLARZ_SPRZETU;1600;672;0000000001683;19;Nadajnik ręczny Shure QLXD2 BETA 58A;Nadajnik ręczny Shure QLXD2 BETA 58A;NIE;;OK;
EGZEMPLARZ_SPRZETU;1601;672;0000000002714;2;Nadajnik ręczny Shure QLXD2 BETA 58A;Nadajnik ręczny Shure QLXD2 BETA 58A;NIE;;OK;
EGZEMPLARZ_SPRZETU;1602;672;0000000001684;20;Nadajnik ręczny Shure QLXD2 BETA 58A;Nadajnik ręczny Shure QLXD2 BETA 58A;NIE;;OK;
EGZEMPLARZ_SPRZETU;1603;672;0000000001695;21;Nadajnik ręczny Shure QLXD2 BETA 58A;Nadajnik ręczny Shure QLXD2 BETA 58A;NIE;;OK;
EGZEMPLARZ_SPRZETU;1604;672;0000000001696;22;Nadajnik ręczny Shure QLXD2 BETA 58A;Nadajnik ręczny Shure QLXD2 BETA 58A;NIE;;OK;
EGZEMPLARZ_SPRZETU;1605;672;0000000001697;23;Nadajnik ręczny Shure QLXD2 BETA 58A;Nadajnik ręczny Shure QLXD2 BETA 58A;NIE;;OK;
EGZEMPLARZ_SPRZETU;1606;672;0000000001698;24;Nadajnik ręczny Shure QLXD2 BETA 58A;Nadajnik ręczny Shure QLXD2 BETA 58A;NIE;;OK;
EGZEMPLARZ_SPRZETU;1607;672;0000000002715;3;Nadajnik ręczny Shure QLXD2 BETA 58A;Nadajnik ręczny Shure QLXD2 BETA 58A;NIE;;OK;
EGZEMPLARZ_SPRZETU;1608;672;0000000002716;4;Nadajnik ręczny Shure QLXD2 BETA 58A;Nadajnik ręczny Shure QLXD2 BETA 58A;NIE;;OK;
EGZEMPLARZ_SPRZETU;1609;672;0000000001638;5;Nadajnik ręczny Shure QLXD2 BETA 58A;Nadajnik ręczny Shure QLXD2 BETA 58A;NIE;;OK;
EGZEMPLARZ_SPRZETU;1610;672;0000000001639;6;Nadajnik ręczny Shure QLXD2 BETA 58A;Nadajnik ręczny Shure QLXD2 BETA 58A;NIE;;OK;
EGZEMPLARZ_SPRZETU;1611;672;0000000001640;7;Nadajnik ręczny Shure QLXD2 BETA 58A;Nadajnik ręczny Shure QLXD2 BETA 58A;NIE;;OK;
EGZEMPLARZ_SPRZETU;1612;672;0000000001641;8;Nadajnik ręczny Shure QLXD2 BETA 58A;Nadajnik ręczny Shure QLXD2 BETA 58A;NIE;;OK;
EGZEMPLARZ_SPRZETU;1613;672;0000000001653;9;Nadajnik ręczny Shure QLXD2 BETA 58A;Nadajnik ręczny Shure QLXD2 BETA 58A;NIE;;OK;
MODEL_SPRZETU;673;673;0200000000395;;Nadajnik ręczny Shure SLXD2;Nadajnik ręczny Shure SLXD2;NIE;;OK;
EGZEMPLARZ_SPRZETU;1551;673;0000000001622;1;Nadajnik ręczny Shure SLXD2;Nadajnik ręczny Shure SLXD2;NIE;;OK;
EGZEMPLARZ_SPRZETU;1552;673;0000000002481;10;Nadajnik ręczny Shure SLXD2;Nadajnik ręczny Shure SLXD2;NIE;;OK;
EGZEMPLARZ_SPRZETU;1553;673;0000000002482;11;Nadajnik ręczny Shure SLXD2;Nadajnik ręczny Shure SLXD2;NIE;;OK;
EGZEMPLARZ_SPRZETU;1554;673;0000000002483;12;Nadajnik ręczny Shure SLXD2;Nadajnik ręczny Shure SLXD2;NIE;;OK;
EGZEMPLARZ_SPRZETU;1555;673;0000000001623;2;Nadajnik ręczny Shure SLXD2;Nadajnik ręczny Shure SLXD2;NIE;;OK;
EGZEMPLARZ_SPRZETU;1556;673;0000000001625;3;Nadajnik ręczny Shure SLXD2;Nadajnik ręczny Shure SLXD2;NIE;;OK;
EGZEMPLARZ_SPRZETU;1557;673;0000000001626;4;Nadajnik ręczny Shure SLXD2;Nadajnik ręczny Shure SLXD2;NIE;;OK;
EGZEMPLARZ_SPRZETU;1558;673;0000000001628;5;Nadajnik ręczny Shure SLXD2;Nadajnik ręczny Shure SLXD2;NIE;;OK;
EGZEMPLARZ_SPRZETU;1559;673;0000000001629;6;Nadajnik ręczny Shure SLXD2;Nadajnik ręczny Shure SLXD2;NIE;;OK;
EGZEMPLARZ_SPRZETU;1560;673;0000000001631;7;Nadajnik ręczny Shure SLXD2;Nadajnik ręczny Shure SLXD2;NIE;;OK;
EGZEMPLARZ_SPRZETU;1561;673;0000000001632;8;Nadajnik ręczny Shure SLXD2;Nadajnik ręczny Shure SLXD2;NIE;;OK;
EGZEMPLARZ_SPRZETU;1562;673;0000000002480;9;Nadajnik ręczny Shure SLXD2;Nadajnik ręczny Shure SLXD2;NIE;;OK;
MODEL_SPRZETU;674;674;0200000000373;;Nadajnik ręczny Shure SM58;Nadajnik ręczny Shure SM58;NIE;;OK;
EGZEMPLARZ_SPRZETU;1462;674;0000000001568;7;Nadajnik ręczny Shure SM58;Nadajnik ręczny Shure SM58;NIE;;OK;
EGZEMPLARZ_SPRZETU;1463;674;0000000001569;8;Nadajnik ręczny Shure SM58;Nadajnik ręczny Shure SM58;NIE;;OK;
MODEL_SPRZETU;675;675;0200000000152;;"Nagrywarka Video Black Magic Design Video Assist 5"" 3G";"Nagrywarka Video Black Magic Design Video Assist 5"" 3G";NIE;;OK;
EGZEMPLARZ_SPRZETU;761;675;0000000000785;1;"Nagrywarka Video Black Magic Design Video Assist 5"" 3G";"Nagrywarka Video Black Magic Design Video Assist 5"" 3G";NIE;;OK;
MODEL_SPRZETU;676;676;0200000000038;;Nagrywarka audio;Nagrywarka audio;NIE;;OK;
EGZEMPLARZ_SPRZETU;1476;676;0000000000107;1;Nagrywarka audio Zoom H1;Nagrywarka audio Zoom H1;NIE;;OK;
EGZEMPLARZ_SPRZETU;1477;676;0000000000108;1;Nagrywarka audio Zoom H6;Nagrywarka audio Zoom H6;NIE;;OK;
MODEL_SPRZETU;677;677;0200000000248;;Nagrzewnica elektryczna;Nagrzewnica elektryczna;NIE;;OK;
EGZEMPLARZ_SPRZETU;1251;677;0000000001230;1;Nagrzewnica elektryczna;Nagrzewnica elektryczna;NIE;;OK;
MODEL_SPRZETU;678;678;0000000002658;;Nasadka 19mm Dexter;Nasadka 19mm Dexter;NIE;;OK;
MODEL_SPRZETU;679;679;0200000000164;;Naświetlacz;Naświetlacz;NIE;;OK;
EGZEMPLARZ_SPRZETU;868;679;0000000000892;1;Naświetlacz Brighter ATOM R+;Naświetlacz Brighter ATOM R+;NIE;;OK;
EGZEMPLARZ_SPRZETU;869;679;0000000000906;1;Naświetlacz LIGHT GO! IP Washer 5 PRO 44x10W RGBW;Naświetlacz LIGHT GO! IP Washer 5 PRO 44x10W RGBW;NIE;;OK;
EGZEMPLARZ_SPRZETU;870;679;0000000000901;10;Naświetlacz Brighter ATOM R+;Naświetlacz Brighter ATOM R+;NIE;;OK;
EGZEMPLARZ_SPRZETU;871;679;0000000000915;10;Naświetlacz LIGHT GO! IP Washer 5 PRO 44x10W RGBW;Naświetlacz LIGHT GO! IP Washer 5 PRO 44x10W RGBW;NIE;;OK;
EGZEMPLARZ_SPRZETU;872;679;0000000000902;11;Naświetlacz Brighter ATOM R+;Naświetlacz Brighter ATOM R+;NIE;;OK;
EGZEMPLARZ_SPRZETU;873;679;0000000000903;12;Naświetlacz Brighter ATOM R+;Naświetlacz Brighter ATOM R+;NIE;;OK;
EGZEMPLARZ_SPRZETU;874;679;0000000000904;13;Naświetlacz Brighter ATOM R+;Naświetlacz Brighter ATOM R+;NIE;;OK;
EGZEMPLARZ_SPRZETU;875;679;0000000000905;14;Naświetlacz Brighter ATOM R+;Naświetlacz Brighter ATOM R+;NIE;;OK;
EGZEMPLARZ_SPRZETU;876;679;0000000000893;2;Naświetlacz Brighter ATOM R+;Naświetlacz Brighter ATOM R+;NIE;;OK;
EGZEMPLARZ_SPRZETU;877;679;0000000000907;2;Naświetlacz LIGHT GO! IP Washer 5 PRO 44x10W RGBW;Naświetlacz LIGHT GO! IP Washer 5 PRO 44x10W RGBW;NIE;;OK;
EGZEMPLARZ_SPRZETU;878;679;0000000000894;3;Naświetlacz Brighter ATOM R+;Naświetlacz Brighter ATOM R+;NIE;;OK;
EGZEMPLARZ_SPRZETU;879;679;0000000000908;3;Naświetlacz LIGHT GO! IP Washer 5 PRO 44x10W RGBW;Naświetlacz LIGHT GO! IP Washer 5 PRO 44x10W RGBW;NIE;;OK;
EGZEMPLARZ_SPRZETU;880;679;0000000000895;4;Naświetlacz Brighter ATOM R+;Naświetlacz Brighter ATOM R+;NIE;;OK;
EGZEMPLARZ_SPRZETU;881;679;0000000000909;4;Naświetlacz LIGHT GO! IP Washer 5 PRO 44x10W RGBW;Naświetlacz LIGHT GO! IP Washer 5 PRO 44x10W RGBW;NIE;;OK;
EGZEMPLARZ_SPRZETU;882;679;0000000000896;5;Naświetlacz Brighter ATOM R+;Naświetlacz Brighter ATOM R+;NIE;;OK;
EGZEMPLARZ_SPRZETU;883;679;0000000000910;5;Naświetlacz LIGHT GO! IP Washer 5 PRO 44x10W RGBW;Naświetlacz LIGHT GO! IP Washer 5 PRO 44x10W RGBW;NIE;;OK;
EGZEMPLARZ_SPRZETU;884;679;0000000000897;6;Naświetlacz Brighter ATOM R+;Naświetlacz Brighter ATOM R+;NIE;;OK;
EGZEMPLARZ_SPRZETU;885;679;0000000000911;6;Naświetlacz LIGHT GO! IP Washer 5 PRO 44x10W RGBW;Naświetlacz LIGHT GO! IP Washer 5 PRO 44x10W RGBW;NIE;;OK;
EGZEMPLARZ_SPRZETU;886;679;0000000000898;7;Naświetlacz Brighter ATOM R+;Naświetlacz Brighter ATOM R+;NIE;;OK;
EGZEMPLARZ_SPRZETU;887;679;0000000000912;7;Naświetlacz LIGHT GO! IP Washer 5 PRO 44x10W RGBW;Naświetlacz LIGHT GO! IP Washer 5 PRO 44x10W RGBW;NIE;;OK;
EGZEMPLARZ_SPRZETU;888;679;0000000000899;8;Naświetlacz Brighter ATOM R+;Naświetlacz Brighter ATOM R+;NIE;;OK;
EGZEMPLARZ_SPRZETU;889;679;0000000000913;8;Naświetlacz LIGHT GO! IP Washer 5 PRO 44x10W RGBW;Naświetlacz LIGHT GO! IP Washer 5 PRO 44x10W RGBW;NIE;;OK;
EGZEMPLARZ_SPRZETU;890;679;0000000000900;9;Naświetlacz Brighter ATOM R+;Naświetlacz Brighter ATOM R+;NIE;;OK;
EGZEMPLARZ_SPRZETU;891;679;0000000000914;9;Naświetlacz LIGHT GO! IP Washer 5 PRO 44x10W RGBW;Naświetlacz LIGHT GO! IP Washer 5 PRO 44x10W RGBW;NIE;;OK;
MODEL_SPRZETU;680;680;0000000001299;;Noga 30 cm;Noga 30 cm;NIE;;OK;
MODEL_SPRZETU;681;681;0000000002643;;Noga 60cm z profilu MX80 konstrukcja do ekranu LED;Noga 60cm z profilu MX80 konstrukcja do ekranu LED;NIE;;OK;
MODEL_SPRZETU;682;682;0000000001300;;Noga aluminiowa 40 cm;Noga aluminiowa 40 cm;NIE;;OK;
MODEL_SPRZETU;683;683;0000000001298;;Noga drewniana 20 cm;Noga drewniana 20 cm;NIE;;OK;
MODEL_SPRZETU;684;684;0200000000481;;OM System M.Zuiko Digital 2x Teleconverter MC‑20;OM System M.Zuiko Digital 2x Teleconverter MC‑20;NIE;;OK;
EGZEMPLARZ_SPRZETU;1949;684;0000000002585;1;OM System M.Zuiko Digital 2x Teleconverter MC‑20;OM System M.Zuiko Digital 2x Teleconverter MC‑20;NIE;;OK;
EGZEMPLARZ_SPRZETU;1950;684;0000000002586;2;OM System M.Zuiko Digital 2x Teleconverter MC‑20;OM System M.Zuiko Digital 2x Teleconverter MC‑20;NIE;;OK;
EGZEMPLARZ_SPRZETU;1951;684;0000000002587;3;OM System M.Zuiko Digital 2x Teleconverter MC‑20;OM System M.Zuiko Digital 2x Teleconverter MC‑20;NIE;;OK;
EGZEMPLARZ_SPRZETU;1952;684;0000000002588;4;OM System M.Zuiko Digital 2x Teleconverter MC‑20;OM System M.Zuiko Digital 2x Teleconverter MC‑20;NIE;;OK;
EGZEMPLARZ_SPRZETU;1953;684;0000000002589;5;OM System M.Zuiko Digital 2x Teleconverter MC‑20;OM System M.Zuiko Digital 2x Teleconverter MC‑20;NIE;;OK;
MODEL_SPRZETU;685;685;0200000000482;;OM System M.Zuiko Digital ED 100‑400mm f5.0‑6.3 IS;OM System M.Zuiko Digital ED 100‑400mm f5.0‑6.3 IS;NIE;;OK;
EGZEMPLARZ_SPRZETU;1954;685;0000000002590;1;OM System M.Zuiko Digital ED 100‑400mm f5.0‑6.3 IS;OM System M.Zuiko Digital ED 100‑400mm f5.0‑6.3 IS;NIE;;OK;
MODEL_SPRZETU;686;686;0200000000480;;OM System M.Zuiko Digital ED 12-40 mm f/2.8 PRO II;OM System M.Zuiko Digital ED 12-40 mm f/2.8 PRO II;NIE;;OK;
EGZEMPLARZ_SPRZETU;1946;686;0000000002582;1;OM System M.Zuiko Digital ED 12-40 mm f/2.8 PRO II;OM System M.Zuiko Digital ED 12-40 mm f/2.8 PRO II;NIE;;OK;
EGZEMPLARZ_SPRZETU;1947;686;0000000002583;2;OM System M.Zuiko Digital ED 12-40 mm f/2.8 PRO II;OM System M.Zuiko Digital ED 12-40 mm f/2.8 PRO II;NIE;;OK;
EGZEMPLARZ_SPRZETU;1948;686;0000000002584;3;OM System M.Zuiko Digital ED 12-40 mm f/2.8 PRO II;OM System M.Zuiko Digital ED 12-40 mm f/2.8 PRO II;NIE;;OK;
MODEL_SPRZETU;687;687;0200000000479;;OM System M.Zuiko Digital ED 40-150mm f/2.8 PRO;OM System M.Zuiko Digital ED 40-150mm f/2.8 PRO;NIE;;OK;
EGZEMPLARZ_SPRZETU;1915;687;0000000002577;1;OM System M.Zuiko Digital ED 40-150mm f/2.8 PRO;OM System M.Zuiko Digital ED 40-150mm f/2.8 PRO;NIE;;OK;
EGZEMPLARZ_SPRZETU;1916;687;0000000002578;2;OM System M.Zuiko Digital ED 40-150mm f/2.8 PRO;OM System M.Zuiko Digital ED 40-150mm f/2.8 PRO;NIE;;OK;
EGZEMPLARZ_SPRZETU;1917;687;0000000002579;3;OM System M.Zuiko Digital ED 40-150mm f/2.8 PRO;OM System M.Zuiko Digital ED 40-150mm f/2.8 PRO;NIE;;OK;
EGZEMPLARZ_SPRZETU;1918;687;0000000002580;4;OM System M.Zuiko Digital ED 40-150mm f/2.8 PRO;OM System M.Zuiko Digital ED 40-150mm f/2.8 PRO;NIE;;OK;
EGZEMPLARZ_SPRZETU;1919;687;0000000002581;5;OM System M.Zuiko Digital ED 40-150mm f/2.8 PRO;OM System M.Zuiko Digital ED 40-150mm f/2.8 PRO;NIE;;OK;
MODEL_SPRZETU;688;688;0200000000008;;Obiektyw Panasonic ET-DLE030, 0.4:1.0, ultra-szerokokątny;Obiektyw Panasonic ET-DLE030, 0.4:1.0, ultra-szerokokątny;NIE;;OK;
EGZEMPLARZ_SPRZETU;2800;688;0000000000013;1;Obiektyw Panasonic ET-DLE030, 0.4:1.0, ultra-szerokokątny;Obiektyw Panasonic ET-DLE030, 0.4:1.0, ultra-szerokokątny;NIE;;OK;
MODEL_SPRZETU;689;689;0200000000023;;Obiektyw Panasonic ET-ELS20, 1.7-2.8;Obiektyw Panasonic ET-ELS20, 1.7-2.8;NIE;;OK;
EGZEMPLARZ_SPRZETU;1215;689;0000000000052;1;Obiektyw Panasonic ET-ELS20, 1.7-2.8;Obiektyw Panasonic ET-ELS20, 1.7-2.8;NIE;;OK;
EGZEMPLARZ_SPRZETU;1216;689;0000000000054;2;Obiektyw Panasonic ET-ELS20, 1.7-2.8;Obiektyw Panasonic ET-ELS20, 1.7-2.8;NIE;;OK;
EGZEMPLARZ_SPRZETU;1217;689;0000000000055;3;Obiektyw Panasonic ET-ELS20, 1.7-2.8;Obiektyw Panasonic ET-ELS20, 1.7-2.8;NIE;;OK;
EGZEMPLARZ_SPRZETU;1218;689;0000000000056;4;Obiektyw Panasonic ET-ELS20, 1.7-2.8;Obiektyw Panasonic ET-ELS20, 1.7-2.8;NIE;;OK;
EGZEMPLARZ_SPRZETU;1219;689;0000000000057;5;Obiektyw Panasonic ET-ELS20, 1.7-2.8;Obiektyw Panasonic ET-ELS20, 1.7-2.8;NIE;;OK;
EGZEMPLARZ_SPRZETU;1220;689;0000000001508;6;Obiektyw Panasonic ET-ELS20, 1.7-2.8;Obiektyw Panasonic ET-ELS20, 1.7-2.8;NIE;;OK;
EGZEMPLARZ_SPRZETU;1221;689;0000000001511;7;Obiektyw Panasonic ET-ELS20, 1.7-2.8;Obiektyw Panasonic ET-ELS20, 1.7-2.8;NIE;;OK;
EGZEMPLARZ_SPRZETU;1222;689;0000000001513;8;Obiektyw Panasonic ET-ELS20, 1.7-2.8;Obiektyw Panasonic ET-ELS20, 1.7-2.8;NIE;;OK;
EGZEMPLARZ_SPRZETU;1223;689;0000000001514;9;Obiektyw Panasonic ET-ELS20, 1.7-2.8;Obiektyw Panasonic ET-ELS20, 1.7-2.8;NIE;;OK;
MODEL_SPRZETU;690;690;0200000000011;;Obiektyw Panasonic ET-ELT20, 2.8-4.6;Obiektyw Panasonic ET-ELT20, 2.8-4.6;NIE;;OK;
EGZEMPLARZ_SPRZETU;544;690;0000000000020;1;Obiektyw Panasonic ET-ELT20, 2.8-4.6;Obiektyw Panasonic ET-ELT20, 2.8-4.6;NIE;;OK;
EGZEMPLARZ_SPRZETU;545;690;0000000003595;2;Obiektyw Panasonic ET-ELT20, 2.8-4.6;Obiektyw Panasonic ET-ELT20, 2.8-4.6;NIE;;OK;
MODEL_SPRZETU;691;691;0200000000012;;Obiektyw Panasonic ET-ELT21, 4.6-7.2;Obiektyw Panasonic ET-ELT21, 4.6-7.2;NIE;;OK;
EGZEMPLARZ_SPRZETU;581;691;0000000000021;1;Obiektyw Panasonic ET-ELT21, 4.6-7.2;Obiektyw Panasonic ET-ELT21, 4.6-7.2;NIE;;OK;
EGZEMPLARZ_SPRZETU;582;691;0000000003596;2;Obiektyw Panasonic ET-ELT21, 4.6-7.2;Obiektyw Panasonic ET-ELT21, 4.6-7.2;NIE;;OK;
MODEL_SPRZETU;692;692;0200000000010;;Obiektyw Panasonic ET-ELW20, 1.3-1.7;Obiektyw Panasonic ET-ELW20, 1.3-1.7;NIE;;OK;
EGZEMPLARZ_SPRZETU;515;692;0000000000018;1;Obiektyw Panasonic ET-ELW20, 1.3-1.7;Obiektyw Panasonic ET-ELW20, 1.3-1.7;NIE;;OK;
EGZEMPLARZ_SPRZETU;516;692;0000000000019;2;Obiektyw Panasonic ET-ELW20, 1.3-1.7;Obiektyw Panasonic ET-ELW20, 1.3-1.7;NIE;;OK;
MODEL_SPRZETU;693;693;0200000000009;;Obiektyw Panasonic ET-ELW22, 0.8-1.0;Obiektyw Panasonic ET-ELW22, 0.8-1.0;NIE;;OK;
EGZEMPLARZ_SPRZETU;2929;693;0000000000014;1;Obiektyw Panasonic ET-ELW22, 0.8-1.0;Obiektyw Panasonic ET-ELW22, 0.8-1.0;NIE;;OK;
EGZEMPLARZ_SPRZETU;2930;693;0000000000015;2;Obiektyw Panasonic ET-ELW22, 0.8-1.0;Obiektyw Panasonic ET-ELW22, 0.8-1.0;NIE;;OK;
EGZEMPLARZ_SPRZETU;2931;693;0000000000016;3;Obiektyw Panasonic ET-ELW22, 0.8-1.0;Obiektyw Panasonic ET-ELW22, 0.8-1.0;NIE;;OK;
EGZEMPLARZ_SPRZETU;2932;693;0000000000017;4;Obiektyw Panasonic ET-ELW22, 0.8-1.0;Obiektyw Panasonic ET-ELW22, 0.8-1.0;NIE;;OK;
MODEL_SPRZETU;694;694;0200000000354;;Obiektyw Panasonic Obiektyw ET-DLE170 1.4-2.0;Obiektyw Panasonic Obiektyw ET-DLE170 1.4-2.0;NIE;;OK;
EGZEMPLARZ_SPRZETU;1405;694;0000000001505;1;Obiektyw Panasonic Obiektyw ET-DLE170 1.4-2.0;Obiektyw Panasonic Obiektyw ET-DLE170 1.4-2.0;NIE;;OK;
MODEL_SPRZETU;695;695;0200000000573;;Obiektyw Sony FE 200-600mm f/5.6-6.3 G OSS SEL200600G;Obiektyw Sony FE 200-600mm f/5.6-6.3 G OSS SEL200600G;NIE;;OK;
EGZEMPLARZ_SPRZETU;2680;695;0000000003553;1;Obiektyw Sony FE 200-600mm f/5.6-6.3 G OSS SEL200600G;Obiektyw Sony FE 200-600mm f/5.6-6.3 G OSS SEL200600G;NIE;;OK;
MODEL_SPRZETU;696;696;0200000000572;;Obiektyw Sony FE PZ 28-135mm f/4.0 G OSS SELP28135G;Obiektyw Sony FE PZ 28-135mm f/4.0 G OSS SELP28135G;NIE;;OK;
EGZEMPLARZ_SPRZETU;2678;696;0000000003552;1;Obiektyw Sony FE PZ 28-135mm f/4.0 G OSS SELP28135G;Obiektyw Sony FE PZ 28-135mm f/4.0 G OSS SELP28135G;NIE;;OK;
EGZEMPLARZ_SPRZETU;2679;696;0000000003568;2;Obiektyw Sony FE PZ 28-135mm f/4.0 G OSS SELP28135G;Obiektyw Sony FE PZ 28-135mm f/4.0 G OSS SELP28135G;NIE;;OK;
MODEL_SPRZETU;697;697;0200000000584;;Obiektyw Sony GM2 OSS 70-200mm f/2.8 SEL70200GM2;Obiektyw Sony GM2 OSS 70-200mm f/2.8 SEL70200GM2;NIE;;OK;
EGZEMPLARZ_SPRZETU;2707;697;0000000003569;1;Obiektyw Sony GM2 OSS 70-200mm f/2.8 SEL70200GM2;Obiektyw Sony GM2 OSS 70-200mm f/2.8 SEL70200GM2;NIE;;OK;
MODEL_SPRZETU;698;698;0000000000985;;Odbiornik Bosch Integrus 8-kanałowy;Odbiornik Bosch Integrus 8-kanałowy;NIE;;OK;
MODEL_SPRZETU;699;699;0200000000258;;Odbiornik PSM 300 PRA H8E;Odbiornik PSM 300 PRA H8E;NIE;;OK;
EGZEMPLARZ_SPRZETU;1262;699;0000000001244;1;Odbiornik PSM 300 P3RA;Odbiornik PSM 300 P3RA;NIE;;OK;
EGZEMPLARZ_SPRZETU;1263;699;0000000001246;2;Odbiornik PSM 300 P3RA;Odbiornik PSM 300 P3RA;NIE;;OK;
MODEL_SPRZETU;700;700;0200000000378;;Odbiornik Sennheiser EM10;Odbiornik Sennheiser EM10;NIE;;OK;
EGZEMPLARZ_SPRZETU;1468;700;0000000001577;1;Odbiornik Sennheiser EM10;Odbiornik Sennheiser EM10;NIE;;OK;
EGZEMPLARZ_SPRZETU;1469;700;0000000001578;2;Odbiornik Sennheiser EM10;Odbiornik Sennheiser EM10;NIE;;OK;
EGZEMPLARZ_SPRZETU;1470;700;0000000001582;3;Odbiornik Sennheiser EM10;Odbiornik Sennheiser EM10;NIE;;OK;
EGZEMPLARZ_SPRZETU;1471;700;0000000001583;4;Odbiornik Sennheiser EM10;Odbiornik Sennheiser EM10;NIE;;OK;
MODEL_SPRZETU;701;701;0200000000387;;Odbiornik Sennheiser EM100;Odbiornik Sennheiser EM100;NIE;;OK;
EGZEMPLARZ_SPRZETU;1478;701;0000000001593;1;Odbiornik Sennheiser EM100;Odbiornik Sennheiser EM100;NIE;;OK;
EGZEMPLARZ_SPRZETU;1479;701;0000000001594;2;Odbiornik Sennheiser EM100;Odbiornik Sennheiser EM100;NIE;;OK;
EGZEMPLARZ_SPRZETU;1480;701;0000000001595;3;Odbiornik Sennheiser EM100;Odbiornik Sennheiser EM100;NIE;;OK;
EGZEMPLARZ_SPRZETU;1481;701;0000000001596;4;Odbiornik Sennheiser EM100;Odbiornik Sennheiser EM100;NIE;;OK;
MODEL_SPRZETU;702;702;0200000000391;;Odbiornik Sennheiser SL receiver DW;Odbiornik Sennheiser SL receiver DW;NIE;;OK;
EGZEMPLARZ_SPRZETU;1527;702;0000000001603;1;Odbiornik Sennheiser SL receiver DW;Odbiornik Sennheiser SL receiver DW;NIE;;OK;
EGZEMPLARZ_SPRZETU;1528;702;0000000001604;2;Odbiornik Sennheiser SL receiver DW;Odbiornik Sennheiser SL receiver DW;NIE;;OK;
EGZEMPLARZ_SPRZETU;1529;702;0000000001605;3;Odbiornik Sennheiser SL receiver DW;Odbiornik Sennheiser SL receiver DW;NIE;;OK;
EGZEMPLARZ_SPRZETU;1530;702;0000000001606;4;Odbiornik Sennheiser SL receiver DW;Odbiornik Sennheiser SL receiver DW;NIE;;OK;
EGZEMPLARZ_SPRZETU;1531;702;0000000001611;5;Odbiornik Sennheiser SL receiver DW;Odbiornik Sennheiser SL receiver DW;NIE;;OK;
EGZEMPLARZ_SPRZETU;1532;702;0000000001612;6;Odbiornik Sennheiser SL receiver DW;Odbiornik Sennheiser SL receiver DW;NIE;;OK;
EGZEMPLARZ_SPRZETU;1533;702;0000000001613;7;Odbiornik Sennheiser SL receiver DW;Odbiornik Sennheiser SL receiver DW;NIE;;OK;
EGZEMPLARZ_SPRZETU;1534;702;0000000001614;8;Odbiornik Sennheiser SL receiver DW;Odbiornik Sennheiser SL receiver DW;NIE;;OK;
MODEL_SPRZETU;703;703;0200000000362;;Odbiornik Shure BLX4R;Odbiornik Shure BLX4R;NIE;;OK;
EGZEMPLARZ_SPRZETU;1444;703;0000000001545;1;Odbiornik Shure BLX4R;Odbiornik Shure BLX4R;NIE;;OK;
EGZEMPLARZ_SPRZETU;1445;703;0000000001546;2;Odbiornik Shure BLX4R;Odbiornik Shure BLX4R;NIE;;OK;
EGZEMPLARZ_SPRZETU;1446;703;0000000001547;3;Odbiornik Shure BLX4R;Odbiornik Shure BLX4R;NIE;;OK;
EGZEMPLARZ_SPRZETU;1447;703;0000000001548;4;Odbiornik Shure BLX4R;Odbiornik Shure BLX4R;NIE;;OK;
EGZEMPLARZ_SPRZETU;1448;703;0000000001561;5;Odbiornik Shure BLX4R;Odbiornik Shure BLX4R;NIE;;OK;
EGZEMPLARZ_SPRZETU;1449;703;0000000001562;6;Odbiornik Shure BLX4R;Odbiornik Shure BLX4R;NIE;;OK;
EGZEMPLARZ_SPRZETU;1450;703;0000000001563;7;Odbiornik Shure BLX4R;Odbiornik Shure BLX4R;NIE;;OK;
EGZEMPLARZ_SPRZETU;1451;703;0000000001564;8;Odbiornik Shure BLX4R;Odbiornik Shure BLX4R;NIE;;OK;
MODEL_SPRZETU;704;704;0200000000396;;Odbiornik Shure QLXD4E;Odbiornik Shure QLXD4E;NIE;;OK;
EGZEMPLARZ_SPRZETU;1563;704;0000000002708;1;Odbiornik Shure QLXD4E;Odbiornik Shure QLXD4E;NIE;;OK;
EGZEMPLARZ_SPRZETU;1564;704;0000000001649;10;Odbiornik Shure QLXD4E;Odbiornik Shure QLXD4E;NIE;;OK;
EGZEMPLARZ_SPRZETU;1565;704;0000000001650;11;Odbiornik Shure QLXD4E;Odbiornik Shure QLXD4E;NIE;;OK;
EGZEMPLARZ_SPRZETU;1566;704;0000000001651;12;Odbiornik Shure QLXD4E;Odbiornik Shure QLXD4E;NIE;;OK;
EGZEMPLARZ_SPRZETU;1567;704;0000000001662;13;Odbiornik Shure QLXD4E;Odbiornik Shure QLXD4E;NIE;;OK;
EGZEMPLARZ_SPRZETU;1568;704;0000000001663;14;Odbiornik Shure QLXD4E;Odbiornik Shure QLXD4E;NIE;;OK;
EGZEMPLARZ_SPRZETU;1569;704;0000000001664;15;Odbiornik Shure QLXD4E;Odbiornik Shure QLXD4E;NIE;;OK;
EGZEMPLARZ_SPRZETU;1570;704;0000000001665;16;Odbiornik Shure QLXD4E;Odbiornik Shure QLXD4E;NIE;;OK;
EGZEMPLARZ_SPRZETU;1571;704;0000000001676;17;Odbiornik Shure QLXD4E;Odbiornik Shure QLXD4E;NIE;;OK;
EGZEMPLARZ_SPRZETU;1572;704;0000000001677;18;Odbiornik Shure QLXD4E;Odbiornik Shure QLXD4E;NIE;;OK;
EGZEMPLARZ_SPRZETU;1573;704;0000000001678;19;Odbiornik Shure QLXD4E;Odbiornik Shure QLXD4E;NIE;;OK;
EGZEMPLARZ_SPRZETU;1574;704;0000000002709;2;Odbiornik Shure QLXD4E;Odbiornik Shure QLXD4E;NIE;;OK;
EGZEMPLARZ_SPRZETU;1575;704;0000000001679;20;Odbiornik Shure QLXD4E;Odbiornik Shure QLXD4E;NIE;;OK;
EGZEMPLARZ_SPRZETU;1576;704;0000000001690;21;Odbiornik Shure QLXD4E;Odbiornik Shure QLXD4E;NIE;;OK;
EGZEMPLARZ_SPRZETU;1577;704;0000000001691;22;Odbiornik Shure QLXD4E;Odbiornik Shure QLXD4E;NIE;;OK;
EGZEMPLARZ_SPRZETU;1578;704;0000000001692;23;Odbiornik Shure QLXD4E;Odbiornik Shure QLXD4E;NIE;;OK;
EGZEMPLARZ_SPRZETU;1579;704;0000000001693;24;Odbiornik Shure QLXD4E;Odbiornik Shure QLXD4E;NIE;;OK;
EGZEMPLARZ_SPRZETU;1580;704;0000000002710;3;Odbiornik Shure QLXD4E;Odbiornik Shure QLXD4E;NIE;;OK;
EGZEMPLARZ_SPRZETU;1581;704;0000000002711;4;Odbiornik Shure QLXD4E;Odbiornik Shure QLXD4E;NIE;;OK;
EGZEMPLARZ_SPRZETU;1582;704;0000000001633;5;Odbiornik Shure QLXD4E;Odbiornik Shure QLXD4E;NIE;;OK;
EGZEMPLARZ_SPRZETU;1583;704;0000000001634;6;Odbiornik Shure QLXD4E;Odbiornik Shure QLXD4E;NIE;;OK;
EGZEMPLARZ_SPRZETU;1584;704;0000000001635;7;Odbiornik Shure QLXD4E;Odbiornik Shure QLXD4E;NIE;;OK;
EGZEMPLARZ_SPRZETU;1585;704;0000000001636;8;Odbiornik Shure QLXD4E;Odbiornik Shure QLXD4E;NIE;;OK;
EGZEMPLARZ_SPRZETU;1586;704;0000000001648;9;Odbiornik Shure QLXD4E;Odbiornik Shure QLXD4E;NIE;;OK;
MODEL_SPRZETU;705;705;0200000000394;;Odbiornik Shure SLXD4D;Odbiornik Shure SLXD4D;NIE;;OK;
EGZEMPLARZ_SPRZETU;1545;705;0000000001621;1;Odbiornik Shure SLXD4D;Odbiornik Shure SLXD4D;NIE;;OK;
EGZEMPLARZ_SPRZETU;1546;705;0000000001624;2;Odbiornik Shure SLXD4D;Odbiornik Shure SLXD4D;NIE;;OK;
EGZEMPLARZ_SPRZETU;1547;705;0000000001627;3;Odbiornik Shure SLXD4D;Odbiornik Shure SLXD4D;NIE;;OK;
EGZEMPLARZ_SPRZETU;1548;705;0000000001630;4;Odbiornik Shure SLXD4D;Odbiornik Shure SLXD4D;NIE;;OK;
EGZEMPLARZ_SPRZETU;1549;705;0000000002308;5;Odbiornik Shure SLXD4D;Odbiornik Shure SLXD4D;NIE;;OK;
EGZEMPLARZ_SPRZETU;1550;705;0000000002309;6;Odbiornik Shure SLXD4D;Odbiornik Shure SLXD4D;NIE;;OK;
MODEL_SPRZETU;706;706;0000000001242;;Odsłuch douszny Shure PSM 300;Odsłuch douszny Shure PSM 300;NIE;;OK;
MODEL_OPAKOWANIA;707;707;;;Odsłuch douszny Shure PSM 300;Odsłuch douszny Shure PSM 300;NIE;;OK;
MODEL_OPAKOWANIA;708;708;;;Odsłuch douszny Shure PSM 300;Odsłuch douszny Shure PSM 300;NIE;;OK;
MODEL_OPAKOWANIA;709;709;;;Odsłuch douszny Shure PSM 300;Odsłuch douszny Shure PSM 300;NIE;;OK;
MODEL_OPAKOWANIA;710;710;;;Odsłuch douszny Shure PSM 300 [zestaw 1];Odsłuch douszny Shure PSM 300 [zestaw 1];NIE;;OK;
MODEL_SPRZETU;711;711;0000000001480;;Osłona na kratownice 2 m czarna;Osłona na kratownice 2 m czarna;NIE;;OK;
MODEL_SPRZETU;712;712;0000000001479;;Osłona na statyw TV czarna;Osłona na statyw TV czarna;NIE;;OK;
MODEL_SPRZETU;713;713;0000000002598;;PD Movie Kabel LEMO 1,0m;PD Movie Kabel LEMO 1,0m;NIE;;OK;
MODEL_SPRZETU;714;714;0000000002596;;PD Movie Zasilacz do motor air;PD Movie Zasilacz do motor air;NIE;;OK;
MODEL_SPRZETU;715;715;0200000000477;;PDMOVIE Live PRO;PDMOVIE Live PRO;NIE;;OK;
EGZEMPLARZ_SPRZETU;1905;715;0000000002567;1;PDMOVIE Live PRO;PDMOVIE Live PRO;NIE;;OK;
EGZEMPLARZ_SPRZETU;1906;715;0000000002568;2;PDMOVIE Live PRO;PDMOVIE Live PRO;NIE;;OK;
EGZEMPLARZ_SPRZETU;1907;715;0000000002569;3;PDMOVIE Live PRO;PDMOVIE Live PRO;NIE;;OK;
EGZEMPLARZ_SPRZETU;1908;715;0000000002570;4;PDMOVIE Live PRO;PDMOVIE Live PRO;NIE;;OK;
EGZEMPLARZ_SPRZETU;1909;715;0000000002571;5;PDMOVIE Live PRO;PDMOVIE Live PRO;NIE;;OK;
MODEL_SPRZETU;716;716;0200000000478;;PDMOVIE Motor Air;PDMOVIE Motor Air;NIE;;OK;
EGZEMPLARZ_SPRZETU;1910;716;0000000002572;1;PDMOVIE Motor Air;PDMOVIE Motor Air;NIE;;OK;
EGZEMPLARZ_SPRZETU;1911;716;0000000002573;2;PDMOVIE Motor Air;PDMOVIE Motor Air;NIE;;OK;
EGZEMPLARZ_SPRZETU;1912;716;0000000002574;3;PDMOVIE Motor Air;PDMOVIE Motor Air;NIE;;OK;
EGZEMPLARZ_SPRZETU;1913;716;0000000002575;4;PDMOVIE Motor Air;PDMOVIE Motor Air;NIE;;OK;
EGZEMPLARZ_SPRZETU;1914;716;0000000002576;5;PDMOVIE Motor Air;PDMOVIE Motor Air;NIE;;OK;
MODEL_SPRZETU;717;717;0200000000163;;Par żarowy 38;Par żarowy 38;NIE;;OK;
EGZEMPLARZ_SPRZETU;862;717;0000000000886;1;Par 38 Eurolite Spot Żarowy;Par 38 Eurolite Spot Żarowy;NIE;;OK;
EGZEMPLARZ_SPRZETU;863;717;0000000000887;2;Par 38 Eurolite Spot Żarowy;Par 38 Eurolite Spot Żarowy;NIE;;OK;
EGZEMPLARZ_SPRZETU;864;717;0000000000888;3;Par 38 Eurolite Spot Żarowy;Par 38 Eurolite Spot Żarowy;NIE;;OK;
EGZEMPLARZ_SPRZETU;865;717;0000000000889;4;Par 38 Eurolite Spot Żarowy;Par 38 Eurolite Spot Żarowy;NIE;;OK;
EGZEMPLARZ_SPRZETU;866;717;0000000000890;5;Par 38 Eurolite Spot Żarowy;Par 38 Eurolite Spot Żarowy;NIE;;OK;
EGZEMPLARZ_SPRZETU;867;717;0000000000891;6;Par 38 Eurolite Spot Żarowy;Par 38 Eurolite Spot Żarowy;NIE;;OK;
MODEL_SPRZETU;718;718;0000000002667;;Pendrive Sandisk 32GB;Pendrive Sandisk 32GB;NIE;;OK;
MODEL_SPRZETU;719;719;0000000001775;;Pilot do głosowania bezprzewodowego;Pilot do głosowania bezprzewodowego;NIE;;OK;
MODEL_SPRZETU;720;720;0200000000195;;Pinówka 64x pin;Pinówka 64x pin;NIE;;OK;
EGZEMPLARZ_SPRZETU;1004;720;0000000001036;1;Pinówka 64x pin;Pinówka 64x pin;NIE;;OK;
EGZEMPLARZ_SPRZETU;1005;720;0000000003543;10;Pinówka 64x pin;Pinówka 64x pin;NIE;;OK;
EGZEMPLARZ_SPRZETU;1006;720;0000000003544;11;Pinówka 64x pin;Pinówka 64x pin;NIE;;OK;
EGZEMPLARZ_SPRZETU;1007;720;0000000003545;12;Pinówka 64x pin;Pinówka 64x pin;NIE;;OK;
EGZEMPLARZ_SPRZETU;1008;720;0000000001037;2;Pinówka 64x pin;Pinówka 64x pin;NIE;;OK;
EGZEMPLARZ_SPRZETU;1009;720;0000000001038;3;Pinówka 64x pin;Pinówka 64x pin;NIE;;OK;
EGZEMPLARZ_SPRZETU;1010;720;0000000001039;4;Pinówka 64x pin;Pinówka 64x pin;NIE;;OK;
EGZEMPLARZ_SPRZETU;1011;720;0000000001040;5;Pinówka 64x pin;Pinówka 64x pin;NIE;;OK;
EGZEMPLARZ_SPRZETU;1012;720;0000000001041;6;Pinówka 64x pin;Pinówka 64x pin;NIE;;OK;
EGZEMPLARZ_SPRZETU;1013;720;0000000003540;7;Pinówka 64x pin;Pinówka 64x pin;NIE;;OK;
EGZEMPLARZ_SPRZETU;1014;720;0000000003541;8;Pinówka 64x pin;Pinówka 64x pin;NIE;;OK;
EGZEMPLARZ_SPRZETU;1015;720;0000000003542;9;Pinówka 64x pin;Pinówka 64x pin;NIE;;OK;
MODEL_SPRZETU;721;721;0000000001477;;Platforma jezdna (deska);Platforma jezdna (deska);NIE;;OK;
MODEL_SPRZETU;722;722;0200000000236;;Player Brightsign HD 110;Player Brightsign HD 110;NIE;;OK;
EGZEMPLARZ_SPRZETU;1241;722;0000000001214;1;Player Brightsign HD 110;Player Brightsign HD 110;NIE;;OK;
MODEL_SPRZETU;723;723;0000000001213;;Player REALFICTION;Player REALFICTION;NIE;;OK;
MODEL_SPRZETU;724;724;0000000000526;;Podest sceniczny Alustage 1x0,5m;Podest sceniczny Alustage 1x0,5m;NIE;;OK;
MODEL_SPRZETU;725;725;0000000000524;;Podest sceniczny Alustage 1x1m;Podest sceniczny Alustage 1x1m;NIE;;OK;
MODEL_SPRZETU;726;726;0000000000525;;Podest sceniczny Alustage 2x1m;Podest sceniczny Alustage 2x1m;NIE;;OK;
MODEL_SPRZETU;727;727;0000000001333;;Podkładka pod mysz Roccat Kanga Mini;Podkładka pod mysz Roccat Kanga Mini;NIE;;OK;
MODEL_SPRZETU;728;728;0000000001177;;Podstawa do kratownicy Alustage 100x100 cm czarna;Podstawa do kratownicy Alustage 100x100 cm czarna;NIE;;OK;
MODEL_SPRZETU;729;729;0000000001240;;Podstawa do kratownicy Alustage 31x31 cm czarna;Podstawa do kratownicy Alustage 31x31 cm czarna;NIE;;OK;
MODEL_SPRZETU;730;730;0000000001035;;Podstawa do kratownicy Alustage 60x60 cm czarna;Podstawa do kratownicy Alustage 60x60 cm czarna;NIE;;OK;
MODEL_SPRZETU;731;731;0000000001176;;Podstawa do kratownicy Alustage 80x80 cm czarna;Podstawa do kratownicy Alustage 80x80 cm czarna;NIE;;OK;
MODEL_SPRZETU;732;732;0000000002678;;Poduszka pompowana Werckmann;Poduszka pompowana Werckmann;NIE;;OK;
MODEL_SPRZETU;733;733;0000000002677;;Poziomica Neo Tools 60cm;Poziomica Neo Tools 60cm;NIE;;OK;
MODEL_SPRZETU;734;734;0200000000085;;Prezenter Interspace Industries MicroCue2;Prezenter Interspace Industries MicroCue2;NIE;;OK;
EGZEMPLARZ_SPRZETU;2823;734;0000000000349;1;Prezenter Interspace Industries MicroCue2;Prezenter Interspace Industries MicroCue2;NIE;;OK;
MODEL_SPRZETU;735;735;0200000000105;;Prezenter Interspace Industries MicroCue3;Prezenter Interspace Industries MicroCue3;NIE;;OK;
EGZEMPLARZ_SPRZETU;538;735;0000000000570;1;Prezenter Interspace Industries MicroCue3;Prezenter Interspace Industries MicroCue3;NIE;;OK;
EGZEMPLARZ_SPRZETU;539;735;0000000000571;2;Prezenter Interspace Industries MicroCue3;Prezenter Interspace Industries MicroCue3;NIE;;OK;
MODEL_SPRZETU;736;736;0200000000086;;Prezenter Logitech Spotlight;Prezenter Logitech Spotlight;NIE;;OK;
EGZEMPLARZ_SPRZETU;2824;736;0000000000359;10;Prezenter Logitech Spotlight;Prezenter Logitech Spotlight;NIE;;OK;
EGZEMPLARZ_SPRZETU;2825;736;0000000000360;11;Prezenter Logitech Spotlight;Prezenter Logitech Spotlight;NIE;;OK;
EGZEMPLARZ_SPRZETU;2826;736;0000000000361;12;Prezenter Logitech Spotlight;Prezenter Logitech Spotlight;NIE;;OK;
EGZEMPLARZ_SPRZETU;2827;736;0000000000362;13;Prezenter Logitech Spotlight;Prezenter Logitech Spotlight;NIE;;OK;
EGZEMPLARZ_SPRZETU;2828;736;0000000000363;14;Prezenter Logitech Spotlight;Prezenter Logitech Spotlight;NIE;;OK;
EGZEMPLARZ_SPRZETU;2829;736;0000000000364;15;Prezenter Logitech Spotlight;Prezenter Logitech Spotlight;NIE;;OK;
EGZEMPLARZ_SPRZETU;2830;736;0000000000365;16;Prezenter Logitech Spotlight;Prezenter Logitech Spotlight;NIE;;OK;
EGZEMPLARZ_SPRZETU;2831;736;0000000000366;17;Prezenter Logitech Spotlight;Prezenter Logitech Spotlight;NIE;;OK;
EGZEMPLARZ_SPRZETU;2832;736;0000000000367;18;Prezenter Logitech Spotlight;Prezenter Logitech Spotlight;NIE;;OK;
EGZEMPLARZ_SPRZETU;2833;736;0000000000368;19;Prezenter Logitech Spotlight;Prezenter Logitech Spotlight;NIE;;OK;
EGZEMPLARZ_SPRZETU;2834;736;0000000000351;2;Prezenter Logitech Spotlight;Prezenter Logitech Spotlight;NIE;;OK;
EGZEMPLARZ_SPRZETU;2835;736;0000000000369;20;Prezenter Logitech Spotlight;Prezenter Logitech Spotlight;NIE;;OK;
EGZEMPLARZ_SPRZETU;2836;736;0000000002470;21;Prezenter Logitech Spotlight;Prezenter Logitech Spotlight;NIE;;OK;
EGZEMPLARZ_SPRZETU;2837;736;0000000002471;22;Prezenter Logitech Spotlight;Prezenter Logitech Spotlight;NIE;;OK;
EGZEMPLARZ_SPRZETU;2838;736;0000000002472;23;Prezenter Logitech Spotlight;Prezenter Logitech Spotlight;NIE;;OK;
EGZEMPLARZ_SPRZETU;2839;736;0000000002473;24;Prezenter Logitech Spotlight;Prezenter Logitech Spotlight;NIE;;OK;
EGZEMPLARZ_SPRZETU;2840;736;0000000002474;25;Prezenter Logitech Spotlight;Prezenter Logitech Spotlight;NIE;;OK;
EGZEMPLARZ_SPRZETU;2841;736;0000000002475;26;Prezenter Logitech Spotlight;Prezenter Logitech Spotlight;NIE;;OK;
EGZEMPLARZ_SPRZETU;2842;736;0000000002476;27;Prezenter Logitech Spotlight;Prezenter Logitech Spotlight;NIE;;OK;
EGZEMPLARZ_SPRZETU;2843;736;0000000002477;28;Prezenter Logitech Spotlight;Prezenter Logitech Spotlight;NIE;;OK;
EGZEMPLARZ_SPRZETU;2844;736;0000000002478;29;Prezenter Logitech Spotlight;Prezenter Logitech Spotlight;NIE;;OK;
EGZEMPLARZ_SPRZETU;2845;736;0000000000352;3;Prezenter Logitech Spotlight;Prezenter Logitech Spotlight;NIE;;OK;
EGZEMPLARZ_SPRZETU;2846;736;0000000002479;30;Prezenter Logitech Spotlight;Prezenter Logitech Spotlight;NIE;;OK;
EGZEMPLARZ_SPRZETU;2847;736;0000000002484;31;Prezenter Logitech Spotlight;Prezenter Logitech Spotlight;NIE;;OK;
EGZEMPLARZ_SPRZETU;2848;736;0000000000353;4;Prezenter Logitech Spotlight;Prezenter Logitech Spotlight;NIE;;OK;
EGZEMPLARZ_SPRZETU;2849;736;0000000000354;5;Prezenter Logitech Spotlight;Prezenter Logitech Spotlight;NIE;;OK;
EGZEMPLARZ_SPRZETU;2850;736;0000000000355;6;Prezenter Logitech Spotlight;Prezenter Logitech Spotlight;NIE;;OK;
EGZEMPLARZ_SPRZETU;2851;736;0000000000356;7;Prezenter Logitech Spotlight;Prezenter Logitech Spotlight;NIE;;OK;
EGZEMPLARZ_SPRZETU;2852;736;0000000000357;8;Prezenter Logitech Spotlight;Prezenter Logitech Spotlight;NIE;;OK;
EGZEMPLARZ_SPRZETU;2853;736;0000000000358;9;Prezenter Logitech Spotlight;Prezenter Logitech Spotlight;NIE;;OK;
MODEL_SPRZETU;737;737;0200000000149;;Procesor DAS Audio DSP INTEGRAL-M26X;Procesor DAS Audio DSP INTEGRAL-M26X;NIE;;OK;
EGZEMPLARZ_SPRZETU;749;737;0000000000775;1;Procesor DAS Audio DSP INTEGRAL-M26X;Procesor DAS Audio DSP INTEGRAL-M26X;NIE;;OK;
MODEL_SPRZETU;738;738;0200000000144;;Procesor łączenia wielu ekranów Magnimage 4K Video Mosaic Box;Procesor łączenia wielu ekranów Magnimage 4K Video Mosaic Box;NIE;;OK;
EGZEMPLARZ_SPRZETU;744;738;0000000000770;1;Procesor łączenia wielu ekranów Magnimage 4K Video Mosaic Box;Procesor łączenia wielu ekranów Magnimage 4K Video Mosaic Box;NIE;;OK;
MODEL_SPRZETU;739;739;0000000002644;;Profil MX80 0,5m konstrukcja do ekranu LED;Profil MX80 0,5m konstrukcja do ekranu LED;NIE;;OK;
MODEL_SPRZETU;740;740;0000000002645;;Profil MX80 1,0m konstrukcja do ekranu LED;Profil MX80 1,0m konstrukcja do ekranu LED;NIE;;OK;
MODEL_SPRZETU;741;741;0000000002646;;Profil MX80 2,0m konstrukcja do ekranu LED;Profil MX80 2,0m konstrukcja do ekranu LED;NIE;;OK;
MODEL_SPRZETU;742;742;0000000002647;;Profil pod diodę 0,5m;Profil pod diodę 0,5m;NIE;;OK;
MODEL_SPRZETU;743;743;0000000002648;;Profil pod diodę 1m;Profil pod diodę 1m;NIE;;OK;
MODEL_SPRZETU;744;744;0000000002649;;Profil pod diodę 2m;Profil pod diodę 2m;NIE;;OK;
MODEL_SPRZETU;745;745;0200000000019;;Projektor Epson EB-410W H330B, 2000 lum., WXGA;Projektor Epson EB-410W H330B, 2000 lum., WXGA;NIE;;OK;
EGZEMPLARZ_SPRZETU;998;745;0000000000042;1;Projektor Epson EB-410W H330B, 2000 lum., WXGA;Projektor Epson EB-410W H330B, 2000 lum., WXGA;NIE;;OK;
MODEL_SPRZETU;746;746;0200000000020;;Projektor Nec NP 600 SG, 2600 lum., XGA, szerokokątny;Projektor Nec NP 600 SG, 2600 lum., XGA, szerokokątny;NIE;;OK;
EGZEMPLARZ_SPRZETU;1031;746;0000000000043;1;Projektor Nec NP 600 SG, 2600 lum., XGA, szerokokątny;Projektor Nec NP 600 SG, 2600 lum., XGA, szerokokątny;NIE;;OK;
EGZEMPLARZ_SPRZETU;1032;746;0000000000044;2;Projektor Nec NP 600 SG, 2600 lum., XGA, szerokokątny;Projektor Nec NP 600 SG, 2600 lum., XGA, szerokokątny;NIE;;OK;
EGZEMPLARZ_SPRZETU;1033;746;0000000000045;3;Projektor Nec NP 600 SG, 2600 lum., XGA, szerokokątny;Projektor Nec NP 600 SG, 2600 lum., XGA, szerokokątny;NIE;;OK;
MODEL_SPRZETU;747;747;0200000000024;;Projektor Panasonic PT-EW540, 5000 lum., WXGA;Projektor Panasonic PT-EW540, 5000 lum., WXGA;NIE;;OK;
EGZEMPLARZ_SPRZETU;1243;747;0000000000053;1;Projektor Panasonic PT-EW540, 5000 lum., WXGA;Projektor Panasonic PT-EW540, 5000 lum., WXGA;NIE;;OK;
MODEL_SPRZETU;748;748;0200000000025;;Projektor Panasonic PT-EW640, 5800 lum., WXGA;Projektor Panasonic PT-EW640, 5800 lum., WXGA;NIE;;OK;
EGZEMPLARZ_SPRZETU;1253;748;0000000000058;1;Projektor Panasonic PT-EW640, 5800 lum., WXGA;Projektor Panasonic PT-EW640, 5800 lum., WXGA;NIE;;OK;
EGZEMPLARZ_SPRZETU;1254;748;0000000000059;2;Projektor Panasonic PT-EW640, 5800 lum., WXGA;Projektor Panasonic PT-EW640, 5800 lum., WXGA;NIE;;OK;
MODEL_SPRZETU;749;749;0000000001722;;Projektor Panasonic PT-EW640, 5800 lum., WXGA;Projektor Panasonic PT-EW640, 5800 lum., WXGA;NIE;;OK;
MODEL_OPAKOWANIA;750;750;;;Projektor Panasonic PT-EW640, 5800 lum., WXGA [1];Projektor Panasonic PT-EW640, 5800 lum., WXGA [1];NIE;;OK;
MODEL_OPAKOWANIA;751;751;;;Projektor Panasonic PT-EW640, 5800 lum., WXGA [2];Projektor Panasonic PT-EW640, 5800 lum., WXGA [2];NIE;;OK;
MODEL_SPRZETU;752;752;0200000000026;;Projektor Panasonic PT-EW730, 7000 lum., WXGA;Projektor Panasonic PT-EW730, 7000 lum., WXGA;NIE;;OK;
EGZEMPLARZ_SPRZETU;1265;752;0000000000060;1;Projektor Panasonic PT-EW730, 7000 lum., WXGA;Projektor Panasonic PT-EW730, 7000 lum., WXGA;NIE;;OK;
EGZEMPLARZ_SPRZETU;1266;752;0000000000061;2;Projektor Panasonic PT-EW730, 7000 lum., WXGA;Projektor Panasonic PT-EW730, 7000 lum., WXGA;NIE;;OK;
MODEL_SPRZETU;753;753;0000000001724;;Projektor Panasonic PT-EW730, 7000 lum., WXGA;Projektor Panasonic PT-EW730, 7000 lum., WXGA;NIE;;OK;
MODEL_OPAKOWANIA;754;754;;;Projektor Panasonic PT-EW730, 7000 lum., WXGA [1];Projektor Panasonic PT-EW730, 7000 lum., WXGA [1];NIE;;OK;
MODEL_OPAKOWANIA;755;755;;;Projektor Panasonic PT-EW730, 7000 lum., WXGA [2];Projektor Panasonic PT-EW730, 7000 lum., WXGA [2];NIE;;OK;
MODEL_SPRZETU;756;756;0200000000356;;Projektor Panasonic PT-MZ880B, 8000 lum., WUXGA, laserowy, LCD;Projektor Panasonic PT-MZ880B, 8000 lum., WUXGA, laserowy, LCD;NIE;;OK;
EGZEMPLARZ_SPRZETU;1409;756;0000000001507;1;Projektor Panasonic PT-MZ880B, 8000 lum., WUXGA, laserowy, LCD;Projektor Panasonic PT-MZ880B, 8000 lum., WUXGA, laserowy, LCD;NIE;;OK;
EGZEMPLARZ_SPRZETU;1410;756;0000000001510;2;Projektor Panasonic PT-MZ880B, 8000 lum., WUXGA, laserowy, LCD;Projektor Panasonic PT-MZ880B, 8000 lum., WUXGA, laserowy, LCD;NIE;;OK;
MODEL_SPRZETU;757;757;0200000000357;;Projektor Panasonic PT-MZ882B, 8200 lum., WUXGA, laserowy, LCD;Projektor Panasonic PT-MZ882B, 8200 lum., WUXGA, laserowy, LCD;NIE;;OK;
EGZEMPLARZ_SPRZETU;1411;757;0000000001512;1;Projektor Panasonic PT-MZ882B, 8200 lum., WUXGA, laserowy, LCD;Projektor Panasonic PT-MZ882B, 8200 lum., WUXGA, laserowy, LCD;NIE;;OK;
EGZEMPLARZ_SPRZETU;1412;757;0000000001591;2;Projektor Panasonic PT-MZ882B, 8200 lum., WUXGA, laserowy, LCD;Projektor Panasonic PT-MZ882B, 8200 lum., WUXGA, laserowy, LCD;NIE;;OK;
MODEL_SPRZETU;758;758;0200000000353;;Projektor Panasonic PT-RZ970, 9400 lum., WUXGA, laserowy, DLP;Projektor Panasonic PT-RZ970, 9400 lum., WUXGA, laserowy, DLP;NIE;;OK;
EGZEMPLARZ_SPRZETU;1404;758;0000000001504;1;Projektor Panasonic PT-RZ970, 9400 lum., WUXGA, laserowy, DLP;Projektor Panasonic PT-RZ970, 9400 lum., WUXGA, laserowy, DLP;NIE;;OK;
MODEL_SPRZETU;759;759;0200000000021;;Projektor Panasonic PT-VW340, 3700 lum., WXGA;Projektor Panasonic PT-VW340, 3700 lum., WXGA;NIE;;OK;
EGZEMPLARZ_SPRZETU;1139;759;0000000000046;1;Projektor Panasonic PT-VW340, 3700 lum., WXGA;Projektor Panasonic PT-VW340, 3700 lum., WXGA;NIE;;OK;
EGZEMPLARZ_SPRZETU;1140;759;0000000000047;2;Projektor Panasonic PT-VW340, 3700 lum., WXGA;Projektor Panasonic PT-VW340, 3700 lum., WXGA;NIE;;OK;
MODEL_SPRZETU;760;760;0200000000022;;Projektor Panasonic PT-VX410, 4200 lum., XGA;Projektor Panasonic PT-VX410, 4200 lum., XGA;NIE;;OK;
EGZEMPLARZ_SPRZETU;1175;760;0000000000048;1;Projektor Panasonic PT-VX410, 4200 lum., XGA;Projektor Panasonic PT-VX410, 4200 lum., XGA;NIE;;OK;
EGZEMPLARZ_SPRZETU;1176;760;0000000000049;2;Projektor Panasonic PT-VX410, 4200 lum., XGA;Projektor Panasonic PT-VX410, 4200 lum., XGA;NIE;;OK;
EGZEMPLARZ_SPRZETU;1177;760;0000000000050;3;Projektor Panasonic PT-VX410, 4200 lum., XGA;Projektor Panasonic PT-VX410, 4200 lum., XGA;NIE;;OK;
EGZEMPLARZ_SPRZETU;1178;760;0000000000051;4;Projektor Panasonic PT-VX410, 4200 lum., XGA;Projektor Panasonic PT-VX410, 4200 lum., XGA;NIE;;OK;
MODEL_SPRZETU;761;761;0200000000180;;Promiennik podczerwieni Bosch LBB4512/00;Promiennik podczerwieni Bosch LBB4512/00;NIE;;OK;
EGZEMPLARZ_SPRZETU;953;761;0000000000983;1;Promiennik podczerwieni Bosch LBB4512/00;Promiennik podczerwieni Bosch LBB4512/00;NIE;;OK;
EGZEMPLARZ_SPRZETU;954;761;0000000000984;2;Promiennik podczerwieni Bosch LBB4512/00;Promiennik podczerwieni Bosch LBB4512/00;NIE;;OK;
MODEL_SPRZETU;762;762;0000000002659;;Przedłużka 1/2 Yato;Przedłużka 1/2 Yato;NIE;;OK;
MODEL_SPRZETU;763;763;0000000001339;;Przedłużka Jack 3,5mm 3m;Przedłużka Jack 3,5mm 3m;NIE;;OK;
MODEL_SPRZETU;764;764;0000000001331;;Przedłużka USB 3.0 3m;Przedłużka USB 3.0 3m;NIE;;OK;
MODEL_SPRZETU;765;765;0000000001330;;Przedłużka USB 3m;Przedłużka USB 3m;NIE;;OK;
MODEL_SPRZETU;766;766;0200000000127;;Przejsciówka 16A - 32A;Przejsciówka 16A - 32A;NIE;;OK;
EGZEMPLARZ_SPRZETU;607;766;0000000000643;1;Przejsciówka 16A - 32A;Przejsciówka 16A - 32A;NIE;;OK;
EGZEMPLARZ_SPRZETU;608;766;0000000000644;2;Przejsciówka 16A - 32A;Przejsciówka 16A - 32A;NIE;;OK;
MODEL_SPRZETU;767;767;0200000000124;;Przejsciówka 32A -> 12x 230v z przelotem;Przejsciówka 32A -> 12x 230v z przelotem;NIE;;OK;
EGZEMPLARZ_SPRZETU;604;767;0000000000640;1;Przejsciówka 32A -> 12x 230v z przelotem;Przejsciówka 32A -> 12x 230v z przelotem;NIE;;OK;
MODEL_SPRZETU;768;768;0200000000125;;Przejsciówka 32A -> 9x 230v;Przejsciówka 32A -> 9x 230v;NIE;;OK;
EGZEMPLARZ_SPRZETU;605;768;0000000000641;1;Przejsciówka 32A -> 9x 230v;Przejsciówka 32A -> 9x 230v;NIE;;OK;
MODEL_SPRZETU;769;769;0200000000128;;Przejściówka 16A na 3x 230V;Przejściówka 16A na 3x 230V;NIE;;OK;
EGZEMPLARZ_SPRZETU;609;769;0000000000645;1;Przejściówka 16A na 3x 230V;Przejściówka 16A na 3x 230V;NIE;;OK;
EGZEMPLARZ_SPRZETU;610;769;0000000000646;2;Przejściówka 16A na 3x 230V;Przejściówka 16A na 3x 230V;NIE;;OK;
EGZEMPLARZ_SPRZETU;611;769;0000000000647;3;Przejściówka 16A na 3x 230V;Przejściówka 16A na 3x 230V;NIE;;OK;
EGZEMPLARZ_SPRZETU;612;769;0000000000648;4;Przejściówka 16A na 3x 230V;Przejściówka 16A na 3x 230V;NIE;;OK;
EGZEMPLARZ_SPRZETU;613;769;0000000000649;5;Przejściówka 16A na 3x 230V;Przejściówka 16A na 3x 230V;NIE;;OK;
EGZEMPLARZ_SPRZETU;614;769;0000000000650;6;Przejściówka 16A na 3x 230V;Przejściówka 16A na 3x 230V;NIE;;OK;
EGZEMPLARZ_SPRZETU;615;769;0000000000651;7;Przejściówka 16A na 3x 230V;Przejściówka 16A na 3x 230V;NIE;;OK;
MODEL_SPRZETU;770;770;0200000000126;;Przejściówka 63A - 2x 32A;Przejściówka 63A - 2x 32A;NIE;;OK;
EGZEMPLARZ_SPRZETU;606;770;0000000000642;1;Przejściówka 63A - 2x 32A;Przejściówka 63A - 2x 32A;NIE;;OK;
MODEL_SPRZETU;771;771;0000000002618;;Przejściówka DP-mini DP;Przejściówka DP-mini DP;NIE;;OK;
MODEL_SPRZETU;772;772;0000000002546;;Przejściówka USB-C - HDMI;Przejściówka USB-C - HDMI;NIE;;OK;
MODEL_SPRZETU;773;773;0000000001335;;Przelotka DisplayPort na HDMI;Przelotka DisplayPort na HDMI;NIE;;OK;
MODEL_SPRZETU;774;774;0000000003658;;Przepinka Ethercon 1,5m NT3.9W V2;Przepinka Ethercon 1,5m NT3.9W V2;NIE;;OK;
MODEL_SPRZETU;775;775;0000000003657;;Przepinka Ethercon 1m NT3.9W V2;Przepinka Ethercon 1m NT3.9W V2;NIE;;OK;
MODEL_SPRZETU;776;776;0000000003660;;Przepinka Truecon 1,5m NT3.9W V2;Przepinka Truecon 1,5m NT3.9W V2;NIE;;OK;
MODEL_SPRZETU;777;777;0000000003659;;Przepinka Truecon 1m NT3.9W V2;Przepinka Truecon 1m NT3.9W V2;NIE;;OK;
MODEL_SPRZETU;778;778;0000000002688;;Przepinka Truecon 5m;Przepinka Truecon 5m;NIE;;OK;
MODEL_SPRZETU;779;779;0000000001497;;Przewod DP-DP 8k 3m;Przewod DP-DP 8k 3m;NIE;;OK;
MODEL_SPRZETU;780;780;0000000001500;;Przewód HDMI - DP 1,8 m;Przewód HDMI - DP 1,8 m;NIE;;OK;
MODEL_SPRZETU;781;781;0000000001499;;Przewód USB C - DP 1,8 m;Przewód USB C - DP 1,8 m;NIE;;OK;
MODEL_SPRZETU;782;782;0000000002548;;Przewód sieciowy RJ45 1,5m;Przewód sieciowy RJ45 1,5m;NIE;;OK;
MODEL_SPRZETU;783;783;0000000001338;;Przewód sieciowy RJ45 3m;Przewód sieciowy RJ45 3m;NIE;;OK;
MODEL_SPRZETU;784;784;0200000000179;;Pulpit dla tłumaczy Bosch Integrus LBB3222/04;Pulpit dla tłumaczy Bosch Integrus LBB3222/04;NIE;;OK;
EGZEMPLARZ_SPRZETU;950;784;0000000000980;1;Pulpit dla tłumaczy Bosch Integrus LBB3222/04;Pulpit dla tłumaczy Bosch Integrus LBB3222/04;NIE;;OK;
EGZEMPLARZ_SPRZETU;951;784;0000000000981;2;Pulpit dla tłumaczy Bosch Integrus LBB3222/04;Pulpit dla tłumaczy Bosch Integrus LBB3222/04;NIE;;OK;
EGZEMPLARZ_SPRZETU;952;784;0000000000982;3;Pulpit dla tłumaczy Bosch Integrus LBB3222/04;Pulpit dla tłumaczy Bosch Integrus LBB3222/04;NIE;;OK;
MODEL_SPRZETU;785;785;0200000000117;;Pyta 4x Fiber 50m;Pyta 4x Fiber 50m;NIE;;OK;
EGZEMPLARZ_SPRZETU;575;785;0000000000616;1;Pyta 4x Fiber 50m;Pyta 4x Fiber 50m;NIE;;OK;
EGZEMPLARZ_SPRZETU;576;785;0000000000617;2;Pyta 4x Fiber 50m;Pyta 4x Fiber 50m;NIE;;OK;
EGZEMPLARZ_SPRZETU;577;785;0000000000618;3;Pyta 4x Fiber 50m;Pyta 4x Fiber 50m;NIE;;OK;
EGZEMPLARZ_SPRZETU;578;785;0000000000619;4;Pyta 4x Fiber 50m;Pyta 4x Fiber 50m;NIE;;OK;
MODEL_SPRZETU;786;786;0000000002550;;"Qilive Uchwyt do minitorów 22"" rozmiar M";"Qilive Uchwyt do minitorów 22"" rozmiar M";NIE;;OK;
MODEL_SPRZETU;787;787;0000000002551;;"Qilive Uchwyt do minitorów 32-55"" rozmiar L";"Qilive Uchwyt do minitorów 32-55"" rozmiar L";NIE;;OK;
MODEL_OPAKOWANIA;788;788;;;"RACK Infokiosk 55""";"RACK Infokiosk 55""";NIE;;OK;
MODEL_OPAKOWANIA;789;789;;;"RACK Infokiosk 55"" [01]";"RACK Infokiosk 55"" [01]";NIE;;OK;
MODEL_OPAKOWANIA;790;790;;;"RACK Infokiosk 55"" [02]";"RACK Infokiosk 55"" [02]";NIE;;OK;
MODEL_OPAKOWANIA;791;791;;;"RACK Infokiosk 55"" [03]";"RACK Infokiosk 55"" [03]";NIE;;OK;
MODEL_OPAKOWANIA;792;792;;;RACK Ipad + AP Mikrotik;RACK Ipad + AP Mikrotik;NIE;;OK;
MODEL_OPAKOWANIA;793;793;;;RACK Ipad + AP Mikrotik [1];RACK Ipad + AP Mikrotik [1];NIE;;OK;
MODEL_OPAKOWANIA;794;794;;;RACK Ipad + AP Mikrotik [2];RACK Ipad + AP Mikrotik [2];NIE;;OK;
MODEL_OPAKOWANIA;795;795;;;RACK Kamera Black Magic PRO 4K;RACK Kamera Black Magic PRO 4K;NIE;;OK;
MODEL_OPAKOWANIA;796;796;;;RACK Kamera Black Magic PRO 4K [01];RACK Kamera Black Magic PRO 4K [01];NIE;;OK;
MODEL_OPAKOWANIA;797;797;;;RACK Kamera Black Magic PRO 4K [02];RACK Kamera Black Magic PRO 4K [02];NIE;;OK;
MODEL_OPAKOWANIA;798;798;;;RACK Kamera Black Magic PRO 4K [03];RACK Kamera Black Magic PRO 4K [03];NIE;;OK;
MODEL_OPAKOWANIA;799;799;;;RACK Kamera Black Magic PRO 4K [04];RACK Kamera Black Magic PRO 4K [04];NIE;;OK;
MODEL_OPAKOWANIA;800;800;0000000003581;;RACK Kamera Sony FX6 (zestaw 1);RACK Kamera Sony FX6 (zestaw 1);NIE;;OK;
MODEL_OPAKOWANIA;801;801;;;RACK Kamera Sony FX6 (zestaw 1);RACK Kamera Sony FX6 (zestaw 1);NIE;;OK;
MODEL_OPAKOWANIA;802;802;0000000003584;;RACK Kamera Sony FX6 (zestaw 2);RACK Kamera Sony FX6 (zestaw 2);NIE;;OK;
MODEL_OPAKOWANIA;803;803;;;RACK Kamera Sony FX6 (zestaw 2);RACK Kamera Sony FX6 (zestaw 2);NIE;;OK;
MODEL_OPAKOWANIA;804;804;;;RACK Komputer produkcyjny DELL Precision 3440 SFF;RACK Komputer produkcyjny DELL Precision 3440 SFF;NIE;;OK;
MODEL_OPAKOWANIA;805;805;;;RACK Komputer produkcyjny DELL Precision 3440 SFF [01];RACK Komputer produkcyjny DELL Precision 3440 SFF [01];NIE;;OK;
MODEL_OPAKOWANIA;806;806;;;RACK Komputer produkcyjny DELL Precision 3440 SFF [02];RACK Komputer produkcyjny DELL Precision 3440 SFF [02];NIE;;OK;
MODEL_OPAKOWANIA;807;807;;;RACK Komputer produkcyjny DELL Precision 3440 SFF [03];RACK Komputer produkcyjny DELL Precision 3440 SFF [03];NIE;;OK;
MODEL_OPAKOWANIA;808;808;;;RACK Mac Studio M1 Max;RACK Mac Studio M1 Max;NIE;;OK;
MODEL_OPAKOWANIA;809;809;;;RACK Mac Studio M1 Max [01];RACK Mac Studio M1 Max [01];NIE;;OK;
MODEL_OPAKOWANIA;810;810;;;RACK Mac Studio M1 Max [02];RACK Mac Studio M1 Max [02];NIE;;OK;
MODEL_OPAKOWANIA;811;811;;;RACK Mac Studio M1 Max [03];RACK Mac Studio M1 Max [03];NIE;;OK;
MODEL_OPAKOWANIA;812;812;;;RACK Projektor PT-MZ882B, 8200 lum., WUXGA, laserowy, LCD [1];RACK Projektor PT-MZ882B, 8200 lum., WUXGA, laserowy, LCD [1];NIE;;OK;
MODEL_OPAKOWANIA;813;813;;;RACK Projektor Panasonic PT-EW540, 5000 lum., WXGA;RACK Projektor Panasonic PT-EW540, 5000 lum., WXGA;NIE;;OK;
MODEL_OPAKOWANIA;814;814;;;RACK Projektor Panasonic PT-EW640, 5800 lum., WXGA;RACK Projektor Panasonic PT-EW640, 5800 lum., WXGA;NIE;;OK;
MODEL_OPAKOWANIA;815;815;;;RACK Projektor Panasonic PT-MZ880B, 8000 lum., WUXGA, laserowy, LCD;RACK Projektor Panasonic PT-MZ880B, 8000 lum., WUXGA, laserowy, LCD;NIE;;OK;
MODEL_OPAKOWANIA;816;816;;;RACK Projektor Panasonic PT-MZ880B, 8000 lum., WUXGA, laserowy, LCD [1];RACK Projektor Panasonic PT-MZ880B, 8000 lum., WUXGA, laserowy, LCD [1];NIE;;OK;
MODEL_OPAKOWANIA;817;817;;;RACK Projektor Panasonic PT-MZ880B, 8000 lum., WUXGA, laserowy, LCD [2];RACK Projektor Panasonic PT-MZ880B, 8000 lum., WUXGA, laserowy, LCD [2];NIE;;OK;
MODEL_OPAKOWANIA;818;818;;;RACK Projektor Panasonic PT-RZ970, 9400 lum., WUXGA, laserowy, DLP;RACK Projektor Panasonic PT-RZ970, 9400 lum., WUXGA, laserowy, DLP;NIE;;OK;
MODEL_OPAKOWANIA;819;819;;;RACK SYVA (kable);RACK SYVA (kable);NIE;;OK;
MODEL_OPAKOWANIA;820;820;;;RACK SYVA LOW+BASE;RACK SYVA LOW+BASE;NIE;;OK;
MODEL_OPAKOWANIA;821;821;;;RACK mikser kamerowy + monitor;RACK mikser kamerowy + monitor;NIE;;OK;
MODEL_OPAKOWANIA;822;822;;;RACK spliter DMX + bramka artnet;RACK spliter DMX + bramka artnet;NIE;;OK;
MODEL_SPRZETU;823;823;0000000002635;;RDUCH Statyw mikrofonowy do gęsiej szyi;RDUCH Statyw mikrofonowy do gęsiej szyi;NIE;;OK;
MODEL_OPAKOWANIA;824;824;;;Rack 2x Mikrofon bezprzewodowy Shure SLXD;Rack 2x Mikrofon bezprzewodowy Shure SLXD;NIE;;OK;
MODEL_OPAKOWANIA;825;825;;;Rack 2x Mikrofon bezprzewodowy Shure SLXD [1];Rack 2x Mikrofon bezprzewodowy Shure SLXD [1];NIE;;OK;
MODEL_OPAKOWANIA;826;826;;;Rack 2x Mikrofon bezprzewodowy Shure SLXD [2];Rack 2x Mikrofon bezprzewodowy Shure SLXD [2];NIE;;OK;
MODEL_OPAKOWANIA;827;827;;;Rack 2x Mikrofon bezprzewodowy Shure SLXD [3];Rack 2x Mikrofon bezprzewodowy Shure SLXD [3];NIE;;OK;
MODEL_OPAKOWANIA;828;828;;;Rack 2x Mikrofon bezprzewodowy Shure SLXD [5];Rack 2x Mikrofon bezprzewodowy Shure SLXD [5];NIE;;OK;
MODEL_OPAKOWANIA;829;829;;;Rack 2x Mikrofon bezprzewodowy Shure SLXD [6];Rack 2x Mikrofon bezprzewodowy Shure SLXD [6];NIE;;OK;
MODEL_OPAKOWANIA;830;830;;;Rack 3x Radiotelefon Motorola;Rack 3x Radiotelefon Motorola;NIE;;OK;
MODEL_OPAKOWANIA;831;831;;;Rack 3x Radiotelefon Motorola [1];Rack 3x Radiotelefon Motorola [1];NIE;;OK;
MODEL_OPAKOWANIA;832;832;;;Rack 3x Radiotelefon Motorola [2];Rack 3x Radiotelefon Motorola [2];NIE;;OK;
MODEL_OPAKOWANIA;833;833;;;Rack 3x Radiotelefon Motorola [4];Rack 3x Radiotelefon Motorola [4];NIE;;OK;
MODEL_OPAKOWANIA;834;834;;;Rack 4x Mikrofon bezprzewodowy Sennheiser G3 EW100;Rack 4x Mikrofon bezprzewodowy Sennheiser G3 EW100;NIE;;OK;
MODEL_OPAKOWANIA;835;835;;;Rack 4x Mikrofon bezprzewodowy Sennheiser SL;Rack 4x Mikrofon bezprzewodowy Sennheiser SL;NIE;;OK;
MODEL_OPAKOWANIA;836;836;;;Rack 4x Mikrofon bezprzewodowy Sennheiser SL [1];Rack 4x Mikrofon bezprzewodowy Sennheiser SL [1];NIE;;OK;
MODEL_OPAKOWANIA;837;837;;;Rack 4x Mikrofon bezprzewodowy Sennheiser XS;Rack 4x Mikrofon bezprzewodowy Sennheiser XS;NIE;;OK;
MODEL_OPAKOWANIA;838;838;;;Rack 4x Mikrofon bezprzewodowy Sennheiser XS [2];Rack 4x Mikrofon bezprzewodowy Sennheiser XS [2];NIE;;OK;
MODEL_OPAKOWANIA;839;839;;;Rack 4x Mikrofon bezprzewodowy Shure BLX;Rack 4x Mikrofon bezprzewodowy Shure BLX;NIE;;OK;
MODEL_OPAKOWANIA;840;840;;;Rack 4x Mikrofon bezprzewodowy Shure BLX [1];Rack 4x Mikrofon bezprzewodowy Shure BLX [1];NIE;;OK;
MODEL_OPAKOWANIA;841;841;;;Rack 4x Mikrofon bezprzewodowy Shure BLX [1];Rack 4x Mikrofon bezprzewodowy Shure BLX [1];NIE;;OK;
MODEL_OPAKOWANIA;842;842;;;Rack 4x Mikrofon bezprzewodowy Shure BLX [2];Rack 4x Mikrofon bezprzewodowy Shure BLX [2];NIE;;OK;
MODEL_OPAKOWANIA;843;843;;;Rack 4x Mikrofon bezprzewodowy Shure QLXD;Rack 4x Mikrofon bezprzewodowy Shure QLXD;NIE;;OK;
MODEL_OPAKOWANIA;844;844;;;Rack 4x Mikrofon bezprzewodowy Shure QLXD [1];Rack 4x Mikrofon bezprzewodowy Shure QLXD [1];NIE;;OK;
MODEL_OPAKOWANIA;845;845;;;Rack 4x Mikrofon bezprzewodowy Shure QLXD [2];Rack 4x Mikrofon bezprzewodowy Shure QLXD [2];NIE;;OK;
MODEL_OPAKOWANIA;846;846;;;Rack 4x Mikrofon bezprzewodowy Shure QLXD [4];Rack 4x Mikrofon bezprzewodowy Shure QLXD [4];NIE;;OK;
MODEL_OPAKOWANIA;847;847;;;Rack 4x Mikrofon bezprzewodowy Shure QLXD [5];Rack 4x Mikrofon bezprzewodowy Shure QLXD [5];NIE;;OK;
MODEL_OPAKOWANIA;848;848;;;Rack 4x Mikrofon bezprzewodowy Shure QLXD [6];Rack 4x Mikrofon bezprzewodowy Shure QLXD [6];NIE;;OK;
MODEL_OPAKOWANIA;849;849;;;Rack MDG Atme;Rack MDG Atme;NIE;;OK;
MODEL_OPAKOWANIA;850;850;;;"Rack Monitor dotykowy 98"" + statyw";"Rack Monitor dotykowy 98"" + statyw";NIE;;OK;
MODEL_OPAKOWANIA;851;851;;;"Rack Monitor dotykowy 98"" + statyw [01]";"Rack Monitor dotykowy 98"" + statyw [01]";NIE;;OK;
MODEL_OPAKOWANIA;852;852;;;Rack SYVA;Rack SYVA;NIE;;OK;
MODEL_OPAKOWANIA;853;853;;;Rack mównica BIAŁA [1];Rack mównica BIAŁA [1];NIE;;OK;
MODEL_OPAKOWANIA;854;854;;;Rack mównica BIAŁA [2];Rack mównica BIAŁA [2];NIE;;OK;
MODEL_OPAKOWANIA;855;855;;;Rack mównica BIAŁA [3];Rack mównica BIAŁA [3];NIE;;OK;
MODEL_OPAKOWANIA;856;856;;;Rack mównica BIAŁA [4];Rack mównica BIAŁA [4];NIE;;OK;
MODEL_OPAKOWANIA;857;857;;;Rack mównica BIAŁA [5];Rack mównica BIAŁA [5];NIE;;OK;
MODEL_OPAKOWANIA;858;858;;;Rack mównica BIAŁA [6];Rack mównica BIAŁA [6];NIE;;OK;
MODEL_OPAKOWANIA;859;859;;;Rack mównica BIAŁA [7];Rack mównica BIAŁA [7];NIE;;OK;
MODEL_OPAKOWANIA;860;860;;;Rack mównica BIAŁA [8];Rack mównica BIAŁA [8];NIE;;OK;
MODEL_OPAKOWANIA;861;861;;;Rack mównica CZARNA [9];Rack mównica CZARNA [9];NIE;;OK;
MODEL_OPAKOWANIA;862;862;;;Rack mównica multimedialna;Rack mównica multimedialna;NIE;;OK;
MODEL_SPRZETU;863;863;0200000000412;;Radiotelefon Motorola DP1400AD;Radiotelefon Motorola DP1400AD;NIE;;OK;
EGZEMPLARZ_SPRZETU;1648;863;0000000001725;1;Radiotelefon Motorola DP1400AD;Radiotelefon Motorola DP1400AD;NIE;;OK;
EGZEMPLARZ_SPRZETU;1649;863;0000000001762;10;Radiotelefon Motorola DP1400AD;Radiotelefon Motorola DP1400AD;NIE;;OK;
EGZEMPLARZ_SPRZETU;1650;863;0000000001763;11;Radiotelefon Motorola DP1400AD;Radiotelefon Motorola DP1400AD;NIE;;OK;
EGZEMPLARZ_SPRZETU;1651;863;0000000001764;12;Radiotelefon Motorola DP1400AD;Radiotelefon Motorola DP1400AD;NIE;;OK;
EGZEMPLARZ_SPRZETU;1652;863;0000000001726;2;Radiotelefon Motorola DP1400AD;Radiotelefon Motorola DP1400AD;NIE;;OK;
EGZEMPLARZ_SPRZETU;1653;863;0000000001727;3;Radiotelefon Motorola DP1400AD;Radiotelefon Motorola DP1400AD;NIE;;OK;
EGZEMPLARZ_SPRZETU;1654;863;0000000001738;4;Radiotelefon Motorola DP1400AD;Radiotelefon Motorola DP1400AD;NIE;;OK;
EGZEMPLARZ_SPRZETU;1655;863;0000000001739;5;Radiotelefon Motorola DP1400AD;Radiotelefon Motorola DP1400AD;NIE;;OK;
EGZEMPLARZ_SPRZETU;1656;863;0000000001740;6;Radiotelefon Motorola DP1400AD;Radiotelefon Motorola DP1400AD;NIE;;OK;
EGZEMPLARZ_SPRZETU;1657;863;0000000001750;7;Radiotelefon Motorola DP1400AD;Radiotelefon Motorola DP1400AD;NIE;;OK;
EGZEMPLARZ_SPRZETU;1658;863;0000000001751;8;Radiotelefon Motorola DP1400AD;Radiotelefon Motorola DP1400AD;NIE;;OK;
EGZEMPLARZ_SPRZETU;1659;863;0000000001752;9;Radiotelefon Motorola DP1400AD;Radiotelefon Motorola DP1400AD;NIE;;OK;
MODEL_SPRZETU;864;864;0200000000101;;Router;Router;NIE;;OK;
EGZEMPLARZ_SPRZETU;517;864;0000000000537;1;Router Mikrotik hAP ac3;Router Mikrotik hAP ac3;NIE;;OK;
EGZEMPLARZ_SPRZETU;518;864;0000000000559;1;Router Asus RT-AC57U;Router Asus RT-AC57U;NIE;;OK;
EGZEMPLARZ_SPRZETU;519;864;0000000000563;1;Router ASUS RT-AC1200G+;Router ASUS RT-AC1200G+;NIE;;OK;
EGZEMPLARZ_SPRZETU;520;864;0000000002691;10;Router Mikrotik hAP ac3;Router Mikrotik hAP ac3;NIE;;OK;
EGZEMPLARZ_SPRZETU;521;864;0000000002692;11;Router Mikrotik hAP ac3;Router Mikrotik hAP ac3;NIE;;OK;
EGZEMPLARZ_SPRZETU;522;864;0000000002693;12;Router Mikrotik hAP ac3;Router Mikrotik hAP ac3;NIE;;OK;
EGZEMPLARZ_SPRZETU;523;864;0000000000538;2;Router Mikrotik hAP ac3;Router Mikrotik hAP ac3;NIE;;OK;
EGZEMPLARZ_SPRZETU;524;864;0000000000566;2;Router Asus RT-AC57U;Router Asus RT-AC57U;NIE;;OK;
EGZEMPLARZ_SPRZETU;525;864;0000000000567;2;Router ASUS RT-AC1200G+;Router ASUS RT-AC1200G+;NIE;;OK;
EGZEMPLARZ_SPRZETU;526;864;0000000000539;3;Router Mikrotik hAP ac3;Router Mikrotik hAP ac3;NIE;;OK;
EGZEMPLARZ_SPRZETU;527;864;0000000000540;4;Router Mikrotik hAP ac3;Router Mikrotik hAP ac3;NIE;;OK;
EGZEMPLARZ_SPRZETU;528;864;0000000000560;4;Router Asus RT-AC57U;Router Asus RT-AC57U;NIE;;OK;
EGZEMPLARZ_SPRZETU;529;864;0000000000541;5;Router Mikrotik hAP ac3;Router Mikrotik hAP ac3;NIE;;OK;
EGZEMPLARZ_SPRZETU;530;864;0000000000562;5;Router Asus RT-AC57U;Router Asus RT-AC57U;NIE;;OK;
EGZEMPLARZ_SPRZETU;531;864;0000000000542;6;Router Mikrotik hAP ac3;Router Mikrotik hAP ac3;NIE;;OK;
EGZEMPLARZ_SPRZETU;532;864;0000000000561;6;Router Asus RT-AC57U;Router Asus RT-AC57U;NIE;;OK;
EGZEMPLARZ_SPRZETU;533;864;0000000000543;7;Router Mikrotik hAP ac3;Router Mikrotik hAP ac3;NIE;;OK;
EGZEMPLARZ_SPRZETU;534;864;0000000000544;8;Router Mikrotik hAP ac3;Router Mikrotik hAP ac3;NIE;;OK;
EGZEMPLARZ_SPRZETU;535;864;0000000002690;9;Router Mikrotik hAP ac3;Router Mikrotik hAP ac3;NIE;;OK;
MODEL_SPRZETU;865;865;0200000000098;;Router 4G;Router 4G;NIE;;OK;
EGZEMPLARZ_SPRZETU;2997;865;0000000000528;1;Router TP Link TL-MR6400 LTE 4G;Router TP Link TL-MR6400 LTE 4G;NIE;;OK;
EGZEMPLARZ_SPRZETU;2998;865;0000000000529;2;Router TP Link TL-MR6400 LTE 4G;Router TP Link TL-MR6400 LTE 4G;NIE;;OK;
MODEL_SPRZETU;866;866;0200000000462;;Rozdzielnia 63A -> 4x32A;Rozdzielnia 63A -> 4x32A;NIE;;OK;
EGZEMPLARZ_SPRZETU;1867;866;0000000002517;1;Rozdzielnia 63A -> 4x32A;Rozdzielnia 63A -> 4x32A;NIE;;OK;
EGZEMPLARZ_SPRZETU;1868;866;0000000002518;2;Rozdzielnia 63A -> 4x32A;Rozdzielnia 63A -> 4x32A;NIE;;OK;
MODEL_SPRZETU;867;867;0200000000123;;Rozdzielnia Elektryczna 32A;Rozdzielnia Elektryczna 32A;NIE;;OK;
EGZEMPLARZ_SPRZETU;588;867;0000000000628;1;Rozdzielnia Elektryczna 32A -> 6x schuko + truecon z pomiarem i przelotem;Rozdzielnia Elektryczna 32A -> 6x schuko + truecon z pomiarem i przelotem;NIE;;OK;
EGZEMPLARZ_SPRZETU;589;867;0000000000634;1;Rozdzielnia Elektryczna 32A -> 6x schuko + powercon z pomiarem i przelotem;Rozdzielnia Elektryczna 32A -> 6x schuko + powercon z pomiarem i przelotem;NIE;;OK;
EGZEMPLARZ_SPRZETU;590;867;0000000000636;1;Rozdzielnia Elektryczna 32A - domek;Rozdzielnia Elektryczna 32A - domek;NIE;;OK;
EGZEMPLARZ_SPRZETU;591;867;0000000002495;10;Rozdzielnia Elektryczna 32A -> 6x schuko + truecon z pomiarem i przelotem;Rozdzielnia Elektryczna 32A -> 6x schuko + truecon z pomiarem i przelotem;NIE;;OK;
EGZEMPLARZ_SPRZETU;592;867;0000000000629;2;Rozdzielnia Elektryczna 32A -> 6x schuko + truecon z pomiarem i przelotem;Rozdzielnia Elektryczna 32A -> 6x schuko + truecon z pomiarem i przelotem;NIE;;OK;
EGZEMPLARZ_SPRZETU;593;867;0000000000635;2;Rozdzielnia Elektryczna 32A -> 6x schuko + powercon z pomiarem i przelotem;Rozdzielnia Elektryczna 32A -> 6x schuko + powercon z pomiarem i przelotem;NIE;;OK;
EGZEMPLARZ_SPRZETU;594;867;0000000000637;2;Rozdzielnia Elektryczna 32A - domek;Rozdzielnia Elektryczna 32A - domek;NIE;;OK;
EGZEMPLARZ_SPRZETU;595;867;0000000000630;3;Rozdzielnia Elektryczna 32A -> 6x schuko + truecon z pomiarem i przelotem;Rozdzielnia Elektryczna 32A -> 6x schuko + truecon z pomiarem i przelotem;NIE;;OK;
EGZEMPLARZ_SPRZETU;596;867;0000000000638;3;Rozdzielnia Elektryczna 32A - domek;Rozdzielnia Elektryczna 32A - domek;NIE;;OK;
EGZEMPLARZ_SPRZETU;597;867;0000000000631;4;Rozdzielnia Elektryczna 32A -> 6x schuko + truecon z pomiarem i przelotem;Rozdzielnia Elektryczna 32A -> 6x schuko + truecon z pomiarem i przelotem;NIE;;OK;
EGZEMPLARZ_SPRZETU;598;867;0000000000639;4;Rozdzielnia Elektryczna 32A - domek;Rozdzielnia Elektryczna 32A - domek;NIE;;OK;
EGZEMPLARZ_SPRZETU;599;867;0000000000632;5;Rozdzielnia Elektryczna 32A -> 6x schuko + truecon z pomiarem i przelotem;Rozdzielnia Elektryczna 32A -> 6x schuko + truecon z pomiarem i przelotem;NIE;;OK;
EGZEMPLARZ_SPRZETU;600;867;0000000000633;6;Rozdzielnia Elektryczna 32A -> 6x schuko + truecon z pomiarem i przelotem;Rozdzielnia Elektryczna 32A -> 6x schuko + truecon z pomiarem i przelotem;NIE;;OK;
EGZEMPLARZ_SPRZETU;601;867;0000000002492;7;Rozdzielnia Elektryczna 32A -> 6x schuko + truecon z pomiarem i przelotem;Rozdzielnia Elektryczna 32A -> 6x schuko + truecon z pomiarem i przelotem;NIE;;OK;
EGZEMPLARZ_SPRZETU;602;867;0000000002493;8;Rozdzielnia Elektryczna 32A -> 6x schuko + truecon z pomiarem i przelotem;Rozdzielnia Elektryczna 32A -> 6x schuko + truecon z pomiarem i przelotem;NIE;;OK;
EGZEMPLARZ_SPRZETU;603;867;0000000002494;9;Rozdzielnia Elektryczna 32A -> 6x schuko + truecon z pomiarem i przelotem;Rozdzielnia Elektryczna 32A -> 6x schuko + truecon z pomiarem i przelotem;NIE;;OK;
MODEL_SPRZETU;868;868;0200000000142;;Rozdzielnia Elektryczna 63A PIXEL;Rozdzielnia Elektryczna 63A PIXEL;NIE;;OK;
EGZEMPLARZ_SPRZETU;741;868;0000000000765;1;Rozdzielnia Elektryczna 63A -> 12x schuko + 12x truecon z pomiarem i przelotem 2x32a;Rozdzielnia Elektryczna 63A -> 12x schuko + 12x truecon z pomiarem i przelotem 2x32a;NIE;;OK;
MODEL_SPRZETU;869;869;0000000002676;;Rura 0,5m;Rura 0,5m;NIE;;OK;
MODEL_SPRZETU;870;870;0000000003563;;Rurka SmallRig (1054) 15mm Black Aluminum Alloy Rod(M12-40cm);Rurka SmallRig (1054) 15mm Black Aluminum Alloy Rod(M12-40cm);NIE;;OK;
MODEL_SPRZETU;871;871;0200000000114;;SDI 50m;SDI 50m;NIE;;OK;
EGZEMPLARZ_SPRZETU;552;871;0000000000593;1;SDI 50m;SDI 50m;NIE;;OK;
EGZEMPLARZ_SPRZETU;553;871;0000000000602;10;SDI 50m;SDI 50m;NIE;;OK;
EGZEMPLARZ_SPRZETU;554;871;0000000000603;11;SDI 50m;SDI 50m;NIE;;OK;
EGZEMPLARZ_SPRZETU;555;871;0000000000604;12;SDI 50m;SDI 50m;NIE;;OK;
EGZEMPLARZ_SPRZETU;556;871;0000000000594;2;SDI 50m;SDI 50m;NIE;;OK;
EGZEMPLARZ_SPRZETU;557;871;0000000000595;3;SDI 50m;SDI 50m;NIE;;OK;
EGZEMPLARZ_SPRZETU;558;871;0000000000596;4;SDI 50m;SDI 50m;NIE;;OK;
EGZEMPLARZ_SPRZETU;559;871;0000000000597;5;SDI 50m;SDI 50m;NIE;;OK;
EGZEMPLARZ_SPRZETU;560;871;0000000000598;6;SDI 50m;SDI 50m;NIE;;OK;
EGZEMPLARZ_SPRZETU;561;871;0000000000599;7;SDI 50m;SDI 50m;NIE;;OK;
EGZEMPLARZ_SPRZETU;562;871;0000000000600;8;SDI 50m;SDI 50m;NIE;;OK;
EGZEMPLARZ_SPRZETU;563;871;0000000000601;9;SDI 50m;SDI 50m;NIE;;OK;
MODEL_SPRZETU;872;872;0200000000115;;SDI 75m;SDI 75m;NIE;;OK;
EGZEMPLARZ_SPRZETU;564;872;0000000000605;1;SDI 75m;SDI 75m;NIE;;OK;
EGZEMPLARZ_SPRZETU;565;872;0000000000606;2;SDI 75m;SDI 75m;NIE;;OK;
EGZEMPLARZ_SPRZETU;566;872;0000000000607;3;SDI 75m;SDI 75m;NIE;;OK;
EGZEMPLARZ_SPRZETU;567;872;0000000000608;4;SDI 75m;SDI 75m;NIE;;OK;
MODEL_SPRZETU;873;873;0000000003662;;SZEPTANKA (Nadajnik) ATS-20T;SZEPTANKA (Nadajnik) ATS-20T;NIE;;OK;
MODEL_SPRZETU;874;874;0000000003661;;SZEPTANKA (Odbiornik) ATS-20R;SZEPTANKA (Odbiornik) ATS-20R;NIE;;OK;
MODEL_SPRZETU;875;875;0200000000093;;Schody modułowe do podestu;Schody modułowe do podestu;NIE;;OK;
EGZEMPLARZ_SPRZETU;2991;875;0000000000522;1;Schody modułowe Athletic SM-04 I i II stopień 0,2 i 0,4;Schody modułowe Athletic SM-04 I i II stopień 0,2 i 0,4;NIE;;OK;
EGZEMPLARZ_SPRZETU;2992;875;0000000000523;2;Schody modułowe Athletic SM-04 I i II stopień 0,2 i 0,4;Schody modułowe Athletic SM-04 I i II stopień 0,2 i 0,4;NIE;;OK;
MODEL_SPRZETU;876;876;0200000000079;;Sender Novastar MCTRL4K;Sender Novastar MCTRL4K;NIE;;OK;
EGZEMPLARZ_SPRZETU;2796;876;0000000000325;1;Sender Novastar MCTRL4K;Sender Novastar MCTRL4K;NIE;;OK;
EGZEMPLARZ_SPRZETU;2797;876;0000000000326;2;Sender Novastar MCTRL4K;Sender Novastar MCTRL4K;NIE;;OK;
EGZEMPLARZ_SPRZETU;2798;876;0000000000327;3;Sender Novastar MCTRL4K;Sender Novastar MCTRL4K;NIE;;OK;
EGZEMPLARZ_SPRZETU;2799;876;0000000000328;4;Sender Novastar MCTRL4K;Sender Novastar MCTRL4K;NIE;;OK;
MODEL_SPRZETU;877;877;0200000000143;;Sender Novastar MCTRL660 PRO;Sender Novastar MCTRL660 PRO;NIE;;OK;
EGZEMPLARZ_SPRZETU;742;877;0000000000768;3;Sender Novastar MCTRL660 PRO;Sender Novastar MCTRL660 PRO;NIE;;OK;
EGZEMPLARZ_SPRZETU;743;877;0000000000769;4;Sender Novastar MCTRL660 PRO;Sender Novastar MCTRL660 PRO;NIE;;OK;
MODEL_SPRZETU;878;878;0200000000080;;Sender Novastar VX1000;Sender Novastar VX1000;NIE;;OK;
EGZEMPLARZ_SPRZETU;2801;878;0000000000329;1;Sender Novastar VX1000;Sender Novastar VX1000;NIE;;OK;
EGZEMPLARZ_SPRZETU;2802;878;0000000000330;2;Sender Novastar VX1000;Sender Novastar VX1000;NIE;;OK;
EGZEMPLARZ_SPRZETU;2803;878;0000000000331;3;Sender Novastar VX1000;Sender Novastar VX1000;NIE;;OK;
EGZEMPLARZ_SPRZETU;2804;878;0000000000332;4;Sender Novastar VX1000;Sender Novastar VX1000;NIE;;OK;
MODEL_SPRZETU;879;879;0200000000091;;Separator;Separator;NIE;;OK;
EGZEMPLARZ_SPRZETU;2933;879;0000000000483;1;Separator IMGSTAGELINE FGA-102;Separator IMGSTAGELINE FGA-102;NIE;;OK;
EGZEMPLARZ_SPRZETU;2934;879;0000000000484;1;Separator IMGSTAGELINE FGA-202;Separator IMGSTAGELINE FGA-202;NIE;;OK;
EGZEMPLARZ_SPRZETU;2935;879;0000000000587;10;Separator IMGSTAGELINE FGA-202;Separator IMGSTAGELINE FGA-202;NIE;;OK;
EGZEMPLARZ_SPRZETU;2936;879;0000000000485;2;Separator IMGSTAGELINE FGA-202;Separator IMGSTAGELINE FGA-202;NIE;;OK;
EGZEMPLARZ_SPRZETU;2937;879;0000000000486;3;Separator IMGSTAGELINE FGA-202;Separator IMGSTAGELINE FGA-202;NIE;;OK;
EGZEMPLARZ_SPRZETU;2938;879;0000000000487;4;Separator IMGSTAGELINE FGA-202;Separator IMGSTAGELINE FGA-202;NIE;;OK;
EGZEMPLARZ_SPRZETU;2939;879;0000000000488;5;Separator IMGSTAGELINE FGA-202;Separator IMGSTAGELINE FGA-202;NIE;;OK;
EGZEMPLARZ_SPRZETU;2940;879;0000000000489;6;Separator IMGSTAGELINE FGA-202;Separator IMGSTAGELINE FGA-202;NIE;;OK;
EGZEMPLARZ_SPRZETU;2941;879;0000000000490;7;Separator IMGSTAGELINE FGA-202;Separator IMGSTAGELINE FGA-202;NIE;;OK;
EGZEMPLARZ_SPRZETU;2942;879;0000000000491;8;Separator IMGSTAGELINE FGA-202;Separator IMGSTAGELINE FGA-202;NIE;;OK;
EGZEMPLARZ_SPRZETU;2943;879;0000000000492;9;Separator IMGSTAGELINE FGA-202;Separator IMGSTAGELINE FGA-202;NIE;;OK;
MODEL_SPRZETU;880;880;0200000000205;;Sieciowy odtwarzacz dysków LG BD 550 BLU-RAY/DVD;Sieciowy odtwarzacz dysków LG BD 550 BLU-RAY/DVD;NIE;;OK;
EGZEMPLARZ_SPRZETU;1039;880;0000000001055;1;Sieciowy odtwarzacz dysków LG BD 550 BLU-RAY/DVD;Sieciowy odtwarzacz dysków LG BD 550 BLU-RAY/DVD;NIE;;OK;
MODEL_SPRZETU;881;881;0200000000574;;Silnik servo Chrosziel CDM-UNI-Z2;Silnik servo Chrosziel CDM-UNI-Z2;NIE;;OK;
EGZEMPLARZ_SPRZETU;2681;881;0000000003554;1;Silnik servo Chrosziel CDM-UNI-Z2;Silnik servo Chrosziel CDM-UNI-Z2;NIE;;OK;
EGZEMPLARZ_SPRZETU;2682;881;0000000003570;2;Silnik servo Chrosziel CDM-UNI-Z2;Silnik servo Chrosziel CDM-UNI-Z2;NIE;;OK;
MODEL_SPRZETU;882;882;0000000003655;;Single Hanging Bar Absen NT3.9W V2;Single Hanging Bar Absen NT3.9W V2;NIE;;OK;
MODEL_SPRZETU;883;883;0000000003654;;Single Hanging Bar Corner Absen NT3.9W V2;Single Hanging Bar Corner Absen NT3.9W V2;NIE;;OK;
MODEL_SPRZETU;884;884;0200000000058;;Skaler Video;Skaler Video;NIE;;OK;
EGZEMPLARZ_SPRZETU;2697;884;0000000000267;1;Skaler Decimator MD-HX;Skaler Decimator MD-HX;NIE;;OK;
EGZEMPLARZ_SPRZETU;2698;884;0000000000283;1;Skaler Datavideo DAC-70;Skaler Datavideo DAC-70;NIE;;OK;
EGZEMPLARZ_SPRZETU;2699;884;0000000000268;2;Skaler Decimator MD-HX;Skaler Decimator MD-HX;NIE;;OK;
EGZEMPLARZ_SPRZETU;2700;884;0000000000284;2;Skaler Datavideo DAC-70;Skaler Datavideo DAC-70;NIE;;OK;
MODEL_SPRZETU;885;885;0200000000041;;Skaler/sender Novastar VX4S;Skaler/sender Novastar VX4S;NIE;;OK;
EGZEMPLARZ_SPRZETU;1647;885;0000000000155;1;Skaler/sender Novastar VX4S;Skaler/sender Novastar VX4S;NIE;;OK;
MODEL_SPRZETU;886;886;0000000002680;;Skrzynka niebieska;Skrzynka niebieska;NIE;;OK;
MODEL_SPRZETU;887;887;0200000000267;;Skrzynka z przejściówkami i akcesoriami;Skrzynka z przejściówkami i akcesoriami;NIE;;OK;
EGZEMPLARZ_SPRZETU;1276;887;0000000001265;1;Skrzynka z przejściówkami i akcesoriami;Skrzynka z przejściówkami i akcesoriami;NIE;;OK;
EGZEMPLARZ_SPRZETU;1277;887;0000000001266;2;Skrzynka z przejściówkami i akcesoriami;Skrzynka z przejściówkami i akcesoriami;NIE;;OK;
EGZEMPLARZ_SPRZETU;1278;887;0000000001267;3;Skrzynka z przejściówkami i akcesoriami;Skrzynka z przejściówkami i akcesoriami;NIE;;OK;
EGZEMPLARZ_SPRZETU;1279;887;0000000001268;4;Skrzynka z przejściówkami i akcesoriami;Skrzynka z przejściówkami i akcesoriami;NIE;;OK;
EGZEMPLARZ_SPRZETU;1280;887;0000000001269;5;Skrzynka z przejściówkami i akcesoriami;Skrzynka z przejściówkami i akcesoriami;NIE;;OK;
EGZEMPLARZ_SPRZETU;1281;887;0000000001270;6;Skrzynka z przejściówkami i akcesoriami;Skrzynka z przejściówkami i akcesoriami;NIE;;OK;
MODEL_SPRZETU;888;888;0200000000113;;Skrętka RJ 45 100m;Skrętka RJ 45 100m;NIE;;OK;
EGZEMPLARZ_SPRZETU;551;888;0000000000592;1;Skrętka RJ 45 100m;Skrętka RJ 45 100m;NIE;;OK;
MODEL_SPRZETU;889;889;0200000000109;;Skrętka RJ 45 39m;Skrętka RJ 45 39m;NIE;;OK;
EGZEMPLARZ_SPRZETU;543;889;0000000000579;1;Skrętka RJ 45 39m;Skrętka RJ 45 39m;NIE;;OK;
MODEL_SPRZETU;890;890;0200000000110;;Skrętka RJ 45 45m;Skrętka RJ 45 45m;NIE;;OK;
EGZEMPLARZ_SPRZETU;546;890;0000000000580;1;Skrętka RJ 45 45m;Skrętka RJ 45 45m;NIE;;OK;
MODEL_SPRZETU;891;891;0200000000122;;Skrętka RJ 45 50m;Skrętka RJ 45 50m;NIE;;OK;
EGZEMPLARZ_SPRZETU;583;891;0000000000623;1;Skrętka RJ 45 50m;Skrętka RJ 45 50m;NIE;;OK;
EGZEMPLARZ_SPRZETU;584;891;0000000000624;2;Skrętka RJ 45 50m;Skrętka RJ 45 50m;NIE;;OK;
EGZEMPLARZ_SPRZETU;585;891;0000000000625;3;Skrętka RJ 45 50m;Skrętka RJ 45 50m;NIE;;OK;
EGZEMPLARZ_SPRZETU;586;891;0000000000626;4;Skrętka RJ 45 50m;Skrętka RJ 45 50m;NIE;;OK;
EGZEMPLARZ_SPRZETU;587;891;0000000000627;5;Skrętka RJ 45 50m;Skrętka RJ 45 50m;NIE;;OK;
MODEL_SPRZETU;892;892;0200000000175;;Skrętka RJ 45 50m Ethercon;Skrętka RJ 45 50m Ethercon;NIE;;OK;
EGZEMPLARZ_SPRZETU;944;892;0000000000974;1;Skrętka RJ 45 50m Ethercon;Skrętka RJ 45 50m Ethercon;NIE;;OK;
MODEL_SPRZETU;893;893;0200000000111;;Skrętka RJ 45 60m;Skrętka RJ 45 60m;NIE;;OK;
EGZEMPLARZ_SPRZETU;547;893;0000000000581;1;Skrętka RJ 45 60m;Skrętka RJ 45 60m;NIE;;OK;
MODEL_SPRZETU;894;894;0200000000108;;Skrętka RJ 45 70m;Skrętka RJ 45 70m;NIE;;OK;
EGZEMPLARZ_SPRZETU;540;894;0000000000578;1;Skrętka RJ 45 70m;Skrętka RJ 45 70m;NIE;;OK;
EGZEMPLARZ_SPRZETU;541;894;0000000000588;2;Skrętka RJ 45 70m;Skrętka RJ 45 70m;NIE;;OK;
EGZEMPLARZ_SPRZETU;542;894;0000000000589;3;Skrętka RJ 45 70m;Skrętka RJ 45 70m;NIE;;OK;
MODEL_SPRZETU;895;895;0200000000112;;Skrętka RJ 45 75m Ethercon;Skrętka RJ 45 75m Ethercon;NIE;;OK;
EGZEMPLARZ_SPRZETU;548;895;0000000000582;1;Skrętka RJ 45 75m Ethercon;Skrętka RJ 45 75m Ethercon;NIE;;OK;
EGZEMPLARZ_SPRZETU;549;895;0000000000590;2;Skrętka RJ 45 75m Ethercon;Skrętka RJ 45 75m Ethercon;NIE;;OK;
EGZEMPLARZ_SPRZETU;550;895;0000000000591;3;Skrętka RJ 45 75m Ethercon;Skrętka RJ 45 75m Ethercon;NIE;;OK;
MODEL_SPRZETU;896;896;0000000002592;;SmallRig Wspornik Obiektywu BSL2681;SmallRig Wspornik Obiektywu BSL2681;NIE;;OK;
MODEL_SPRZETU;897;897;0000000002595;;Smallrig Rura 15cm;Smallrig Rura 15cm;NIE;;OK;
MODEL_SPRZETU;898;898;0000000002594;;Smallrig Rura 30cm;Smallrig Rura 30cm;NIE;;OK;
MODEL_SPRZETU;899;899;0200000000527;;Solix Infokiosk Energo Slim55;Solix Infokiosk Energo Slim55;NIE;;OK;
EGZEMPLARZ_SPRZETU;1969;899;0000000002653;1;Solix Info kiosk Energo Slim55;Solix Info kiosk Energo Slim55;NIE;;OK;
EGZEMPLARZ_SPRZETU;1970;899;0000000002654;2;Solix Info kiosk Energo Slim55;Solix Info kiosk Energo Slim55;NIE;;OK;
EGZEMPLARZ_SPRZETU;1971;899;0000000002655;3;Solix Info kiosk Energo Slim55;Solix Info kiosk Energo Slim55;NIE;;OK;
EGZEMPLARZ_SPRZETU;1972;899;0000000002656;4;Solix Info kiosk Energo Slim55;Solix Info kiosk Energo Slim55;NIE;;OK;
MODEL_SPRZETU;900;900;0200000000208;;Spliter HDMI 1:4;Spliter HDMI 1:4;NIE;;OK;
EGZEMPLARZ_SPRZETU;1108;900;0000000001104;1;Splitter HDMI 4K 1:4;Splitter HDMI 4K 1:4;NIE;;OK;
EGZEMPLARZ_SPRZETU;1109;900;0000000001117;1;Unitek Splitter HDMI 1:4;Unitek Splitter HDMI 1:4;NIE;;OK;
EGZEMPLARZ_SPRZETU;1110;900;0000000001119;1;Unitek Splitter HDMI 1:4 4K;Unitek Splitter HDMI 1:4 4K;NIE;;OK;
EGZEMPLARZ_SPRZETU;1111;900;0000000001122;1;Logilink Splitter HDMI 1:4 4K;Logilink Splitter HDMI 1:4 4K;NIE;;OK;
EGZEMPLARZ_SPRZETU;1112;900;0000000002350;1;PureTools Spliter HDMI 4K 1:4;PureTools Spliter HDMI 4K 1:4;NIE;;OK;
EGZEMPLARZ_SPRZETU;1113;900;0000000001113;10;Splitter HDMI 4K 1:4;Splitter HDMI 4K 1:4;NIE;;OK;
EGZEMPLARZ_SPRZETU;1114;900;0000000002359;10;PureTools Spliter HDMI 4K 1:4;PureTools Spliter HDMI 4K 1:4;NIE;;OK;
EGZEMPLARZ_SPRZETU;1115;900;0000000001114;11;Splitter HDMI 4K 1:4;Splitter HDMI 4K 1:4;NIE;;OK;
EGZEMPLARZ_SPRZETU;1116;900;0000000001115;12;Splitter HDMI 4K 1:4;Splitter HDMI 4K 1:4;NIE;;OK;
EGZEMPLARZ_SPRZETU;1117;900;0000000001116;13;Splitter HDMI 4K 1:4;Splitter HDMI 4K 1:4;NIE;;OK;
EGZEMPLARZ_SPRZETU;1118;900;0000000001130;14;Splitter HDMI 4K 1:4;Splitter HDMI 4K 1:4;NIE;;OK;
EGZEMPLARZ_SPRZETU;1119;900;0000000001105;2;Splitter HDMI 4K 1:4;Splitter HDMI 4K 1:4;NIE;;OK;
EGZEMPLARZ_SPRZETU;1120;900;0000000001118;2;Unitek Splitter HDMI 1:4;Unitek Splitter HDMI 1:4;NIE;;OK;
EGZEMPLARZ_SPRZETU;1121;900;0000000001120;2;Unitek Splitter HDMI 1:4 4K;Unitek Splitter HDMI 1:4 4K;NIE;;OK;
EGZEMPLARZ_SPRZETU;1122;900;0000000002351;2;PureTools Spliter HDMI 4K 1:4;PureTools Spliter HDMI 4K 1:4;NIE;;OK;
EGZEMPLARZ_SPRZETU;1123;900;0000000001106;3;Splitter HDMI 4K 1:4;Splitter HDMI 4K 1:4;NIE;;OK;
EGZEMPLARZ_SPRZETU;1124;900;0000000001121;3;Unitek Splitter HDMI 1:4 4K;Unitek Splitter HDMI 1:4 4K;NIE;;OK;
EGZEMPLARZ_SPRZETU;1125;900;0000000002352;3;PureTools Spliter HDMI 4K 1:4;PureTools Spliter HDMI 4K 1:4;NIE;;OK;
EGZEMPLARZ_SPRZETU;1126;900;0000000001107;4;Splitter HDMI 4K 1:4;Splitter HDMI 4K 1:4;NIE;;OK;
EGZEMPLARZ_SPRZETU;1127;900;0000000002353;4;PureTools Spliter HDMI 4K 1:4;PureTools Spliter HDMI 4K 1:4;NIE;;OK;
EGZEMPLARZ_SPRZETU;1128;900;0000000001108;5;Splitter HDMI 4K 1:4;Splitter HDMI 4K 1:4;NIE;;OK;
EGZEMPLARZ_SPRZETU;1129;900;0000000002354;5;PureTools Spliter HDMI 4K 1:4;PureTools Spliter HDMI 4K 1:4;NIE;;OK;
EGZEMPLARZ_SPRZETU;1130;900;0000000001109;6;Splitter HDMI 4K 1:4;Splitter HDMI 4K 1:4;NIE;;OK;
EGZEMPLARZ_SPRZETU;1131;900;0000000002355;6;PureTools Spliter HDMI 4K 1:4;PureTools Spliter HDMI 4K 1:4;NIE;;OK;
EGZEMPLARZ_SPRZETU;1132;900;0000000001110;7;Splitter HDMI 4K 1:4;Splitter HDMI 4K 1:4;NIE;;OK;
EGZEMPLARZ_SPRZETU;1133;900;0000000002356;7;PureTools Spliter HDMI 4K 1:4;PureTools Spliter HDMI 4K 1:4;NIE;;OK;
EGZEMPLARZ_SPRZETU;1134;900;0000000001111;8;Splitter HDMI 4K 1:4;Splitter HDMI 4K 1:4;NIE;;OK;
EGZEMPLARZ_SPRZETU;1135;900;0000000002357;8;PureTools Spliter HDMI 4K 1:4;PureTools Spliter HDMI 4K 1:4;NIE;;OK;
EGZEMPLARZ_SPRZETU;1136;900;0000000001112;9;Splitter HDMI 4K 1:4;Splitter HDMI 4K 1:4;NIE;;OK;
EGZEMPLARZ_SPRZETU;1137;900;0000000002358;9;PureTools Spliter HDMI 4K 1:4;PureTools Spliter HDMI 4K 1:4;NIE;;OK;
MODEL_SPRZETU;901;901;0200000000402;;Splitter Antenowy RF Venue DISTRO4;Splitter Antenowy RF Venue DISTRO4;NIE;;OK;
EGZEMPLARZ_SPRZETU;1644;901;0000000001666;1;Splitter Antenowy RF Venue DISTRO4;Splitter Antenowy RF Venue DISTRO4;NIE;;OK;
EGZEMPLARZ_SPRZETU;1645;901;0000000001680;2;Splitter Antenowy RF Venue DISTRO4;Splitter Antenowy RF Venue DISTRO4;NIE;;OK;
EGZEMPLARZ_SPRZETU;1646;901;0000000001694;3;Splitter Antenowy RF Venue DISTRO4;Splitter Antenowy RF Venue DISTRO4;NIE;;OK;
MODEL_SPRZETU;902;902;0200000000389;;Splitter Antenowy Sennheiser ASA 214;Splitter Antenowy Sennheiser ASA 214;NIE;;OK;
EGZEMPLARZ_SPRZETU;1486;902;0000000001601;1;Splitter Antenowy Sennheiser ASA 214;Splitter Antenowy Sennheiser ASA 214;NIE;;OK;
MODEL_SPRZETU;903;903;0200000000397;;Splitter Antenowy Shure 844 + SWB;Splitter Antenowy Shure 844 + SWB;NIE;;OK;
EGZEMPLARZ_SPRZETU;1587;903;0000000002712;2;Splitter Antenowy Shure 844 + SWB;Splitter Antenowy Shure 844 + SWB;NIE;;OK;
EGZEMPLARZ_SPRZETU;1588;903;0000000001637;3;Splitter Antenowy Shure 844 + SWB;Splitter Antenowy Shure 844 + SWB;NIE;;OK;
EGZEMPLARZ_SPRZETU;1589;903;0000000001652;4;Splitter Antenowy Shure 844 + SWB;Splitter Antenowy Shure 844 + SWB;NIE;;OK;
MODEL_SPRZETU;904;904;0200000000363;;Splitter Antenowy Shure UA844;Splitter Antenowy Shure UA844;NIE;;OK;
EGZEMPLARZ_SPRZETU;1452;904;0000000001549;1;Splitter Antenowy Shure UA844;Splitter Antenowy Shure UA844;NIE;;OK;
MODEL_SPRZETU;905;905;0200000000372;;Splitter Antenowy Shure UA844 + SWB;Splitter Antenowy Shure UA844 + SWB;NIE;;OK;
EGZEMPLARZ_SPRZETU;1461;905;0000000001565;2;Splitter Antenowy Shure UA844 PLUS SWB;Splitter Antenowy Shure UA844 PLUS SWB;NIE;;OK;
MODEL_SPRZETU;906;906;0200000000250;;Splitter DMX Showtec DB-1-4/RDM;Splitter DMX Showtec DB-1-4/RDM;NIE;;OK;
EGZEMPLARZ_SPRZETU;1255;906;0000000001232;1;Splitter DMX Showtec DB-1-4/RDM;Splitter DMX Showtec DB-1-4/RDM;NIE;;OK;
EGZEMPLARZ_SPRZETU;1256;906;0000000001233;2;Splitter DMX Showtec DB-1-4/RDM;Splitter DMX Showtec DB-1-4/RDM;NIE;;OK;
EGZEMPLARZ_SPRZETU;1257;906;0000000001234;3;Splitter DMX Showtec DB-1-4/RDM;Splitter DMX Showtec DB-1-4/RDM;NIE;;OK;
EGZEMPLARZ_SPRZETU;1258;906;0000000001235;4;Splitter DMX Showtec DB-1-4/RDM;Splitter DMX Showtec DB-1-4/RDM;NIE;;OK;
MODEL_SPRZETU;907;907;0200000000207;;Splitter HDMI 1:2;Splitter HDMI 1:2;NIE;;OK;
EGZEMPLARZ_SPRZETU;1060;907;0000000001076;1;Splitter HDMI FullHD 1:2;Splitter HDMI FullHD 1:2;NIE;;OK;
EGZEMPLARZ_SPRZETU;1061;907;0000000001093;1;Splitter HDMI 4K 1:2;Splitter HDMI 4K 1:2;NIE;;OK;
EGZEMPLARZ_SPRZETU;1062;907;0000000001085;10;Splitter HDMI FullHD 1:2;Splitter HDMI FullHD 1:2;NIE;;OK;
EGZEMPLARZ_SPRZETU;1063;907;0000000001103;10;Splitter HDMI 4K 1:2;Splitter HDMI 4K 1:2;NIE;;OK;
EGZEMPLARZ_SPRZETU;1064;907;0000000001086;11;Splitter HDMI FullHD 1:2;Splitter HDMI FullHD 1:2;NIE;;OK;
EGZEMPLARZ_SPRZETU;1065;907;0000000002342;11;Splitter HDMI 4K 1:2;Splitter HDMI 4K 1:2;NIE;;OK;
EGZEMPLARZ_SPRZETU;1066;907;0000000001087;12;Splitter HDMI FullHD 1:2;Splitter HDMI FullHD 1:2;NIE;;OK;
EGZEMPLARZ_SPRZETU;1067;907;0000000002343;12;Splitter HDMI 4K 1:2;Splitter HDMI 4K 1:2;NIE;;OK;
EGZEMPLARZ_SPRZETU;1068;907;0000000001088;13;Splitter HDMI FullHD 1:2;Splitter HDMI FullHD 1:2;NIE;;OK;
EGZEMPLARZ_SPRZETU;1069;907;0000000002344;13;Splitter HDMI 4K 1:2;Splitter HDMI 4K 1:2;NIE;;OK;
EGZEMPLARZ_SPRZETU;1070;907;0000000001089;14;Splitter HDMI FullHD 1:2;Splitter HDMI FullHD 1:2;NIE;;OK;
EGZEMPLARZ_SPRZETU;1071;907;0000000002345;14;Splitter HDMI 4K 1:2;Splitter HDMI 4K 1:2;NIE;;OK;
EGZEMPLARZ_SPRZETU;1072;907;0000000001090;15;Splitter HDMI FullHD 1:2;Splitter HDMI FullHD 1:2;NIE;;OK;
EGZEMPLARZ_SPRZETU;1073;907;0000000002346;15;Splitter HDMI 4K 1:2;Splitter HDMI 4K 1:2;NIE;;OK;
EGZEMPLARZ_SPRZETU;1074;907;0000000001091;16;Splitter HDMI FullHD 1:2;Splitter HDMI FullHD 1:2;NIE;;OK;
EGZEMPLARZ_SPRZETU;1075;907;0000000002347;16;Splitter HDMI 4K 1:2;Splitter HDMI 4K 1:2;NIE;;OK;
EGZEMPLARZ_SPRZETU;1076;907;0000000001092;17;Splitter HDMI FullHD 1:2;Splitter HDMI FullHD 1:2;NIE;;OK;
EGZEMPLARZ_SPRZETU;1077;907;0000000002348;17;Splitter HDMI 4K 1:2;Splitter HDMI 4K 1:2;NIE;;OK;
EGZEMPLARZ_SPRZETU;1078;907;0000000001131;18;Splitter HDMI FullHD 1:2;Splitter HDMI FullHD 1:2;NIE;;OK;
EGZEMPLARZ_SPRZETU;1079;907;0000000002349;18;Splitter HDMI 4K 1:2;Splitter HDMI 4K 1:2;NIE;;OK;
EGZEMPLARZ_SPRZETU;1080;907;0000000002330;19;Splitter HDMI 4K 1:2;Splitter HDMI 4K 1:2;NIE;;OK;
EGZEMPLARZ_SPRZETU;1081;907;0000000001077;2;Splitter HDMI FullHD 1:2;Splitter HDMI FullHD 1:2;NIE;;OK;
EGZEMPLARZ_SPRZETU;1082;907;0000000001094;2;Splitter HDMI 4K 1:2;Splitter HDMI 4K 1:2;NIE;;OK;
EGZEMPLARZ_SPRZETU;1083;907;0000000002331;20;Splitter HDMI 4K 1:2;Splitter HDMI 4K 1:2;NIE;;OK;
EGZEMPLARZ_SPRZETU;1084;907;0000000002332;21;Splitter HDMI 4K 1:2;Splitter HDMI 4K 1:2;NIE;;OK;
EGZEMPLARZ_SPRZETU;1085;907;0000000002333;22;Splitter HDMI 4K 1:2;Splitter HDMI 4K 1:2;NIE;;OK;
EGZEMPLARZ_SPRZETU;1086;907;0000000002334;23;Splitter HDMI 4K 1:2;Splitter HDMI 4K 1:2;NIE;;OK;
EGZEMPLARZ_SPRZETU;1087;907;0000000002335;24;Splitter HDMI 4K 1:2;Splitter HDMI 4K 1:2;NIE;;OK;
EGZEMPLARZ_SPRZETU;1088;907;0000000002336;25;Splitter HDMI 4K 1:2;Splitter HDMI 4K 1:2;NIE;;OK;
EGZEMPLARZ_SPRZETU;1089;907;0000000002337;26;Splitter HDMI 4K 1:2;Splitter HDMI 4K 1:2;NIE;;OK;
EGZEMPLARZ_SPRZETU;1090;907;0000000002338;27;Splitter HDMI 4K 1:2;Splitter HDMI 4K 1:2;NIE;;OK;
EGZEMPLARZ_SPRZETU;1091;907;0000000002339;28;Splitter HDMI 4K 1:2;Splitter HDMI 4K 1:2;NIE;;OK;
EGZEMPLARZ_SPRZETU;1092;907;0000000002340;29;Splitter HDMI 4K 1:2;Splitter HDMI 4K 1:2;NIE;;OK;
EGZEMPLARZ_SPRZETU;1093;907;0000000001078;3;Splitter HDMI FullHD 1:2;Splitter HDMI FullHD 1:2;NIE;;OK;
EGZEMPLARZ_SPRZETU;1094;907;0000000001095;3;Splitter HDMI 4K 1:2;Splitter HDMI 4K 1:2;NIE;;OK;
EGZEMPLARZ_SPRZETU;1095;907;0000000002341;30;Splitter HDMI 4K 1:2;Splitter HDMI 4K 1:2;NIE;;OK;
EGZEMPLARZ_SPRZETU;1096;907;0000000001079;4;Splitter HDMI FullHD 1:2;Splitter HDMI FullHD 1:2;NIE;;OK;
EGZEMPLARZ_SPRZETU;1097;907;0000000001096;4;Splitter HDMI 4K 1:2;Splitter HDMI 4K 1:2;NIE;;OK;
EGZEMPLARZ_SPRZETU;1098;907;0000000001080;5;Splitter HDMI FullHD 1:2;Splitter HDMI FullHD 1:2;NIE;;OK;
EGZEMPLARZ_SPRZETU;1099;907;0000000001097;5;Splitter HDMI 4K 1:2;Splitter HDMI 4K 1:2;NIE;;OK;
EGZEMPLARZ_SPRZETU;1100;907;0000000001081;6;Splitter HDMI FullHD 1:2;Splitter HDMI FullHD 1:2;NIE;;OK;
EGZEMPLARZ_SPRZETU;1101;907;0000000001098;6;Splitter HDMI 4K 1:2;Splitter HDMI 4K 1:2;NIE;;OK;
EGZEMPLARZ_SPRZETU;1102;907;0000000001082;7;Splitter HDMI FullHD 1:2;Splitter HDMI FullHD 1:2;NIE;;OK;
EGZEMPLARZ_SPRZETU;1103;907;0000000001100;7;Splitter HDMI 4K 1:2;Splitter HDMI 4K 1:2;NIE;;OK;
EGZEMPLARZ_SPRZETU;1104;907;0000000001083;8;Splitter HDMI FullHD 1:2;Splitter HDMI FullHD 1:2;NIE;;OK;
EGZEMPLARZ_SPRZETU;1105;907;0000000001101;8;Splitter HDMI 4K 1:2;Splitter HDMI 4K 1:2;NIE;;OK;
EGZEMPLARZ_SPRZETU;1106;907;0000000001084;9;Splitter HDMI FullHD 1:2;Splitter HDMI FullHD 1:2;NIE;;OK;
EGZEMPLARZ_SPRZETU;1107;907;0000000001102;9;Splitter HDMI 4K 1:2;Splitter HDMI 4K 1:2;NIE;;OK;
MODEL_SPRZETU;908;908;0200000000064;;Splitter SDI;Splitter SDI;NIE;;OK;
EGZEMPLARZ_SPRZETU;2758;908;0000000000289;1;Datavideo Splitter SDI VP-597;Datavideo Splitter SDI VP-597;NIE;;OK;
EGZEMPLARZ_SPRZETU;2759;908;0000000000290;2;Datavideo Splitter SDI VP-597;Datavideo Splitter SDI VP-597;NIE;;OK;
EGZEMPLARZ_SPRZETU;2760;908;0000000000291;3;Datavideo Splitter SDI VP-597;Datavideo Splitter SDI VP-597;NIE;;OK;
EGZEMPLARZ_SPRZETU;2761;908;0000000000292;4;Datavideo Splitter SDI VP-597;Datavideo Splitter SDI VP-597;NIE;;OK;
MODEL_SPRZETU;909;909;0200000000339;;Splitter VGA;Splitter VGA;NIE;;OK;
EGZEMPLARZ_SPRZETU;1384;909;0000000001476;1;Splitter VGA VP-400K;Splitter VGA VP-400K;NIE;;OK;
EGZEMPLARZ_SPRZETU;1385;909;0000000001490;1;Splitter VGA VP-242;Splitter VGA VP-242;NIE;;OK;
EGZEMPLARZ_SPRZETU;1386;909;0000000001494;1;Splitter VGA P/2 DA 4 PLUS;Splitter VGA P/2 DA 4 PLUS;NIE;;OK;
EGZEMPLARZ_SPRZETU;1387;909;0000000001484;2;Splitter VGA VP-400K;Splitter VGA VP-400K;NIE;;OK;
EGZEMPLARZ_SPRZETU;1388;909;0000000001491;2;Splitter VGA VP-242;Splitter VGA VP-242;NIE;;OK;
EGZEMPLARZ_SPRZETU;1389;909;0000000001495;2;Splitter VGA P/2 DA 4 PLUS;Splitter VGA P/2 DA 4 PLUS;NIE;;OK;
EGZEMPLARZ_SPRZETU;1390;909;0000000001485;3;Splitter VGA VP-400K;Splitter VGA VP-400K;NIE;;OK;
EGZEMPLARZ_SPRZETU;1391;909;0000000001492;3;Splitter VGA VP-242;Splitter VGA VP-242;NIE;;OK;
EGZEMPLARZ_SPRZETU;1392;909;0000000001486;4;Splitter VGA VP-400K;Splitter VGA VP-400K;NIE;;OK;
EGZEMPLARZ_SPRZETU;1393;909;0000000001493;4;Splitter VGA VP-242;Splitter VGA VP-242;NIE;;OK;
EGZEMPLARZ_SPRZETU;1394;909;0000000001487;5;Splitter VGA VP-400K;Splitter VGA VP-400K;NIE;;OK;
EGZEMPLARZ_SPRZETU;1395;909;0000000001488;6;Splitter VGA VP-400K;Splitter VGA VP-400K;NIE;;OK;
EGZEMPLARZ_SPRZETU;1396;909;0000000001489;7;Splitter VGA VP-400K;Splitter VGA VP-400K;NIE;;OK;
MODEL_SPRZETU;910;910;0200000000067;;Splittery DMX;Splittery DMX;NIE;;OK;
EGZEMPLARZ_SPRZETU;2769;910;0000000000300;1;Splitter DMX Cameo SB 8.3;Splitter DMX Cameo SB 8.3;NIE;;OK;
EGZEMPLARZ_SPRZETU;2770;910;0000000000301;2;Splitter DMX Cameo SB 8.3;Splitter DMX Cameo SB 8.3;NIE;;OK;
EGZEMPLARZ_SPRZETU;2771;910;0000000000302;3;Splitter DMX Cameo SB 8.3;Splitter DMX Cameo SB 8.3;NIE;;OK;
MODEL_SPRZETU;911;911;0200000000147;;Stagebox Allen & Heath AB168;Stagebox Allen & Heath AB168;NIE;;OK;
EGZEMPLARZ_SPRZETU;746;911;0000000000772;1;Stagebox Allen & Heath AB168;Stagebox Allen & Heath AB168;NIE;;OK;
MODEL_SPRZETU;912;912;0200000000148;;Stagebox Allen & Heath AR2412;Stagebox Allen & Heath AR2412;NIE;;OK;
EGZEMPLARZ_SPRZETU;747;912;0000000000773;1;Stagebox Allen & Heath AR2412;Stagebox Allen & Heath AR2412;NIE;;OK;
EGZEMPLARZ_SPRZETU;748;912;0000000000774;2;Stagebox Allen & Heath AR2412;Stagebox Allen & Heath AR2412;NIE;;OK;
MODEL_SPRZETU;913;913;0200000000190;;Stagebox Behringer S16;Stagebox Behringer S16;NIE;;OK;
EGZEMPLARZ_SPRZETU;999;913;0000000001029;1;Stagebox Behringer S16;Stagebox Behringer S16;NIE;;OK;
MODEL_SPRZETU;914;914;0200000000189;;Stagebox Midas DL16;Stagebox Midas DL16;NIE;;OK;
EGZEMPLARZ_SPRZETU;997;914;0000000001028;1;Stagebox Midas DL16;Stagebox Midas DL16;NIE;;OK;
MODEL_OPAKOWANIA;915;915;;;Stagebox Midas DL16 + Stagebox Behringer S16;Stagebox Midas DL16 + Stagebox Behringer S16;NIE;;OK;
MODEL_SPRZETU;916;916;0200000000239;;Stairville RJ45 DMX;Stairville RJ45 DMX;NIE;;OK;
EGZEMPLARZ_SPRZETU;1242;916;0000000001216;1;Stairville RJ45 DMX;Stairville RJ45 DMX;NIE;;OK;
MODEL_SPRZETU;917;917;0200000000426;;Statyw Manfrotto Magic Arm 143;Statyw Manfrotto Magic Arm 143;NIE;;OK;
EGZEMPLARZ_SPRZETU;1713;917;0000000001798;1;Statyw Manfrotto Magic Arm 143;Statyw Manfrotto Magic Arm 143;NIE;;OK;
MODEL_SPRZETU;918;918;0200000000057;;Statyw do kamery;Statyw do kamery;NIE;;OK;
EGZEMPLARZ_SPRZETU;2659;918;0000000001797;1;Statyw Benro A0180T;Statyw Benro A0180T;NIE;;OK;
EGZEMPLARZ_SPRZETU;2660;918;0000000000257;1;Statyw do kamery Manfrotto;Statyw do kamery Manfrotto;NIE;;OK;
EGZEMPLARZ_SPRZETU;2661;918;0000000002721;1;Statyw do kamery CAM GEAR;Statyw do kamery CAM GEAR;NIE;;OK;
EGZEMPLARZ_SPRZETU;2662;918;0000000000281;1;Statyw do kamery Sachtler ACE XL;Statyw do kamery Sachtler ACE XL;NIE;;OK;
EGZEMPLARZ_SPRZETU;2663;918;0000000000266;10;Statyw do kamery Manfrotto;Statyw do kamery Manfrotto;NIE;;OK;
EGZEMPLARZ_SPRZETU;2664;918;0000000000258;2;Statyw do kamery Manfrotto;Statyw do kamery Manfrotto;NIE;;OK;
EGZEMPLARZ_SPRZETU;2665;918;0000000002722;2;Statyw do kamery CAM GEAR;Statyw do kamery CAM GEAR;NIE;;OK;
EGZEMPLARZ_SPRZETU;2666;918;0000000000282;2;Statyw do kamery Sachtler ACE XL;Statyw do kamery Sachtler ACE XL;NIE;;OK;
EGZEMPLARZ_SPRZETU;2667;918;0000000000259;3;Statyw do kamery Manfrotto;Statyw do kamery Manfrotto;NIE;;OK;
EGZEMPLARZ_SPRZETU;2668;918;0000000000260;4;Statyw do kamery Manfrotto;Statyw do kamery Manfrotto;NIE;;OK;
EGZEMPLARZ_SPRZETU;2669;918;0000000000261;5;Statyw do kamery Manfrotto;Statyw do kamery Manfrotto;NIE;;OK;
EGZEMPLARZ_SPRZETU;2670;918;0000000000262;6;Statyw do kamery Manfrotto;Statyw do kamery Manfrotto;NIE;;OK;
EGZEMPLARZ_SPRZETU;2671;918;0000000000263;7;Statyw do kamery Manfrotto;Statyw do kamery Manfrotto;NIE;;OK;
EGZEMPLARZ_SPRZETU;2672;918;0000000000264;8;Statyw do kamery Manfrotto;Statyw do kamery Manfrotto;NIE;;OK;
EGZEMPLARZ_SPRZETU;2673;918;0000000000265;9;Statyw do kamery Manfrotto;Statyw do kamery Manfrotto;NIE;;OK;
MODEL_SPRZETU;919;919;0000000001309;;Statyw głośnikowy;Statyw głośnikowy;NIE;;OK;
MODEL_SPRZETU;920;920;0200000000040;;Statyw korbowy AdamHall 4m;Statyw korbowy AdamHall 4m;NIE;;OK;
EGZEMPLARZ_SPRZETU;1638;920;0000000000149;1;Statyw korbowy AdamHall 4m;Statyw korbowy AdamHall 4m;NIE;;OK;
EGZEMPLARZ_SPRZETU;1639;920;0000000000150;2;Statyw korbowy AdamHall 4m;Statyw korbowy AdamHall 4m;NIE;;OK;
EGZEMPLARZ_SPRZETU;1640;920;0000000000151;3;Statyw korbowy AdamHall 4m;Statyw korbowy AdamHall 4m;NIE;;OK;
EGZEMPLARZ_SPRZETU;1641;920;0000000000152;4;Statyw korbowy AdamHall 4m;Statyw korbowy AdamHall 4m;NIE;;OK;
EGZEMPLARZ_SPRZETU;1642;920;0000000000153;5;Statyw korbowy AdamHall 4m;Statyw korbowy AdamHall 4m;NIE;;OK;
EGZEMPLARZ_SPRZETU;1643;920;0000000000154;6;Statyw korbowy AdamHall 4m;Statyw korbowy AdamHall 4m;NIE;;OK;
MODEL_SPRZETU;921;921;0000000001311;;Statyw mikrofonowy niski;Statyw mikrofonowy niski;NIE;;OK;
MODEL_SPRZETU;922;922;0000000002326;;Statyw mikrofonowy stołowy;Statyw mikrofonowy stołowy;NIE;;OK;
MODEL_SPRZETU;923;923;0000000001310;;Statyw mikrofonowy wysoki;Statyw mikrofonowy wysoki;NIE;;OK;
MODEL_SPRZETU;924;924;0200000000423;;Statyw na monitorek BM Gravity;Statyw na monitorek BM Gravity;NIE;;OK;
EGZEMPLARZ_SPRZETU;1712;924;0000000001794;1;Statyw na monitorek BM Gravity;Statyw na monitorek BM Gravity;NIE;;OK;
MODEL_SPRZETU;925;925;0000000001215;;"Statyw podłogowy do monitora 43-55""";"Statyw podłogowy do monitora 43-55""";NIE;;OK;
MODEL_SPRZETU;926;926;0000000001560;;Stereo Tbar K&M;Stereo Tbar K&M;NIE;;OK;
MODEL_SPRZETU;927;927;0200000000575;;Sterowanie Lanc Zoom Varizoom VZRL100;Sterowanie Lanc Zoom Varizoom VZRL100;NIE;;OK;
EGZEMPLARZ_SPRZETU;2683;927;0000000003555;1;Sterowanie Lanc Zoom Varizoom VZRL100;Sterowanie Lanc Zoom Varizoom VZRL100;NIE;;OK;
EGZEMPLARZ_SPRZETU;2684;927;0000000003571;2;Sterowanie Lanc Zoom Varizoom VZRL100;Sterowanie Lanc Zoom Varizoom VZRL100;NIE;;OK;
MODEL_SPRZETU;928;928;0200000000065;;Sterownik DMX 192 CH;Sterownik DMX 192 CH;NIE;;OK;
EGZEMPLARZ_SPRZETU;2762;928;0000000000293;1;Sterownik oświetleniowy Eurolite 192 CH;Sterownik oświetleniowy Eurolite 192 CH;NIE;;OK;
EGZEMPLARZ_SPRZETU;2763;928;0000000000294;2;Sterownik oświetleniowy Eurolite 192 CH;Sterownik oświetleniowy Eurolite 192 CH;NIE;;OK;
MODEL_SPRZETU;929;929;0200000000066;;Sterownik DMX 6 CH;Sterownik DMX 6 CH;NIE;;OK;
EGZEMPLARZ_SPRZETU;2764;929;0000000000295;1;Sterownik oświetleniowy Light 4 Me 6 CH;Sterownik oświetleniowy Light 4 Me 6 CH;NIE;;OK;
EGZEMPLARZ_SPRZETU;2765;929;0000000000297;1;Sterownik oświetleniowy Elation SDC-6 V2;Sterownik oświetleniowy Elation SDC-6 V2;NIE;;OK;
EGZEMPLARZ_SPRZETU;2766;929;0000000000296;2;Sterownik oświetleniowy Light 4 Me 6 CH;Sterownik oświetleniowy Light 4 Me 6 CH;NIE;;OK;
EGZEMPLARZ_SPRZETU;2767;929;0000000000298;2;Sterownik oświetleniowy Elation SDC-6 V2;Sterownik oświetleniowy Elation SDC-6 V2;NIE;;OK;
EGZEMPLARZ_SPRZETU;2768;929;0000000000299;3;Sterownik oświetleniowy Elation SDC-6 V2;Sterownik oświetleniowy Elation SDC-6 V2;NIE;;OK;
MODEL_SPRZETU;930;930;0000000001312;;Stim statyw oświetleniowy;Stim statyw oświetleniowy;NIE;;OK;
MODEL_SPRZETU;931;931;0000000001222;;Stół biały;Stół biały;NIE;;OK;
MODEL_SPRZETU;932;932;0200000000351;;Switch 16 portów;Switch 16 portów;NIE;;OK;
EGZEMPLARZ_SPRZETU;1402;932;0000000001502;1;Switch TP Link TL-SG1016D(UN);Switch TP Link TL-SG1016D(UN);NIE;;OK;
MODEL_SPRZETU;933;933;0200000000097;;Switch 24 porty;Switch 24 porty;NIE;;OK;
EGZEMPLARZ_SPRZETU;2993;933;0000000002489;1;Switch TP Link SG3428 (24 porty + 4 PORTY SFP);Switch TP Link SG3428 (24 porty + 4 PORTY SFP);NIE;;OK;
EGZEMPLARZ_SPRZETU;2994;933;0000000000527;1;Switch TP Link TL-SG1024D 24 porty;Switch TP Link TL-SG1024D 24 porty;NIE;;OK;
EGZEMPLARZ_SPRZETU;2995;933;0000000001501;2;Switch TP Link TL-SG1024D 24 porty;Switch TP Link TL-SG1024D 24 porty;NIE;;OK;
EGZEMPLARZ_SPRZETU;2996;933;0000000002490;2;Switch TP Link SG3428 (24 porty + 4 PORTY SFP);Switch TP Link SG3428 (24 porty + 4 PORTY SFP);NIE;;OK;
MODEL_SPRZETU;934;934;0200000000048;;Switch 8 portów;Switch 8 portów;NIE;;OK;
EGZEMPLARZ_SPRZETU;1920;934;0000000001715;1;Switch NETGEAR GS108 8 portów;Switch NETGEAR GS108 8 portów;NIE;;OK;
EGZEMPLARZ_SPRZETU;1921;934;0000000000209;1;Switch TP Link TL-SG108E 8 portów;Switch TP Link TL-SG108E 8 portów;NIE;;OK;
EGZEMPLARZ_SPRZETU;1922;934;0000000000218;10;Switch TP Link TL-SG108E 8 portów;Switch TP Link TL-SG108E 8 portów;NIE;;OK;
EGZEMPLARZ_SPRZETU;1923;934;0000000000219;11;Switch TP Link TL-SG108E 8 portów;Switch TP Link TL-SG108E 8 portów;NIE;;OK;
EGZEMPLARZ_SPRZETU;1924;934;0000000000220;12;Switch TP Link TL-SG108E 8 portów;Switch TP Link TL-SG108E 8 portów;NIE;;OK;
EGZEMPLARZ_SPRZETU;1925;934;0000000000221;13;Switch TP Link TL-SG108E 8 portów;Switch TP Link TL-SG108E 8 portów;NIE;;OK;
EGZEMPLARZ_SPRZETU;1926;934;0000000000222;14;Switch TP Link TL-SG108E 8 portów;Switch TP Link TL-SG108E 8 portów;NIE;;OK;
EGZEMPLARZ_SPRZETU;1927;934;0000000000223;15;Switch TP Link TL-SG108E 8 portów;Switch TP Link TL-SG108E 8 portów;NIE;;OK;
EGZEMPLARZ_SPRZETU;1928;934;0000000000224;16;Switch TP Link TL-SG108E 8 portów;Switch TP Link TL-SG108E 8 portów;NIE;;OK;
EGZEMPLARZ_SPRZETU;1929;934;0000000000225;17;Switch TP Link TL-SG108E 8 portów;Switch TP Link TL-SG108E 8 portów;NIE;;OK;
EGZEMPLARZ_SPRZETU;1930;934;0000000000226;18;Switch TP Link TL-SG108E 8 portów;Switch TP Link TL-SG108E 8 portów;NIE;;OK;
EGZEMPLARZ_SPRZETU;1931;934;0000000000227;19;Switch TP Link TL-SG108E 8 portów;Switch TP Link TL-SG108E 8 portów;NIE;;OK;
EGZEMPLARZ_SPRZETU;1932;934;0000000001716;2;Switch NETGEAR GS108 8 portów;Switch NETGEAR GS108 8 portów;NIE;;OK;
EGZEMPLARZ_SPRZETU;1933;934;0000000000210;2;Switch TP Link TL-SG108E 8 portów;Switch TP Link TL-SG108E 8 portów;NIE;;OK;
EGZEMPLARZ_SPRZETU;1934;934;0000000000228;20;Switch TP Link TL-SG108E 8 portów;Switch TP Link TL-SG108E 8 portów;NIE;;OK;
EGZEMPLARZ_SPRZETU;1935;934;0000000001717;3;Switch NETGEAR GS108 8 portów;Switch NETGEAR GS108 8 portów;NIE;;OK;
EGZEMPLARZ_SPRZETU;1936;934;0000000000211;3;Switch TP Link TL-SG108E 8 portów;Switch TP Link TL-SG108E 8 portów;NIE;;OK;
EGZEMPLARZ_SPRZETU;1937;934;0000000001718;4;Switch NETGEAR GS108 8 portów;Switch NETGEAR GS108 8 portów;NIE;;OK;
EGZEMPLARZ_SPRZETU;1938;934;0000000000212;4;Switch TP Link TL-SG108E 8 portów;Switch TP Link TL-SG108E 8 portów;NIE;;OK;
EGZEMPLARZ_SPRZETU;1939;934;0000000001719;5;Switch NETGEAR GS108 8 portów;Switch NETGEAR GS108 8 portów;NIE;;OK;
EGZEMPLARZ_SPRZETU;1940;934;0000000000213;5;Switch TP Link TL-SG108E 8 portów;Switch TP Link TL-SG108E 8 portów;NIE;;OK;
EGZEMPLARZ_SPRZETU;1941;934;0000000001720;6;Switch NETGEAR GS108 8 portów;Switch NETGEAR GS108 8 portów;NIE;;OK;
EGZEMPLARZ_SPRZETU;1942;934;0000000000214;6;Switch TP Link TL-SG108E 8 portów;Switch TP Link TL-SG108E 8 portów;NIE;;OK;
EGZEMPLARZ_SPRZETU;1943;934;0000000000215;7;Switch TP Link TL-SG108E 8 portów;Switch TP Link TL-SG108E 8 portów;NIE;;OK;
EGZEMPLARZ_SPRZETU;1944;934;0000000000216;8;Switch TP Link TL-SG108E 8 portów;Switch TP Link TL-SG108E 8 portów;NIE;;OK;
EGZEMPLARZ_SPRZETU;1945;934;0000000000217;9;Switch TP Link TL-SG108E 8 portów;Switch TP Link TL-SG108E 8 portów;NIE;;OK;
MODEL_SPRZETU;935;935;0000000002515;;Słuchawki nauszne;Słuchawki nauszne;NIE;;OK;
MODEL_SPRZETU;936;936;0200000000305;;Słuchawki nauszne Sennheiser HD 300;Słuchawki nauszne Sennheiser HD 300;NIE;;OK;
EGZEMPLARZ_SPRZETU;1337;936;0000000001336;1;Słuchawki nauszne Sennheiser HD 300;Słuchawki nauszne Sennheiser HD 300;NIE;;OK;
EGZEMPLARZ_SPRZETU;1338;936;0000000001455;2;Słuchawki nauszne Sennheiser HD 300;Słuchawki nauszne Sennheiser HD 300;NIE;;OK;
EGZEMPLARZ_SPRZETU;1339;936;0000000001457;3;Słuchawki nauszne Sennheiser HD 300;Słuchawki nauszne Sennheiser HD 300;NIE;;OK;
EGZEMPLARZ_SPRZETU;1340;936;0000000001458;4;Słuchawki nauszne Sennheiser HD 300;Słuchawki nauszne Sennheiser HD 300;NIE;;OK;
MODEL_SPRZETU;937;937;0000000002491;;Słuchawki nauszne Sony MDR-ZX310;Słuchawki nauszne Sony MDR-ZX310;NIE;;OK;
MODEL_SPRZETU;938;938;0200000000303;;TP-Link Karta sieciowa Wi-Fi USB TL-WN722N;TP-Link Karta sieciowa Wi-Fi USB TL-WN722N;NIE;;OK;
EGZEMPLARZ_SPRZETU;1330;938;0000000001334;1;TP-Link Karta sieciowa Wi-Fi USB TL-WN722N;TP-Link Karta sieciowa Wi-Fi USB TL-WN722N;NIE;;OK;
EGZEMPLARZ_SPRZETU;1331;938;0000000001454;2;TP-Link Karta sieciowa Wi-Fi USB TL-WN722N;TP-Link Karta sieciowa Wi-Fi USB TL-WN722N;NIE;;OK;
EGZEMPLARZ_SPRZETU;1332;938;0000000001468;3;TP-Link Karta sieciowa Wi-Fi USB TL-WN722N;TP-Link Karta sieciowa Wi-Fi USB TL-WN722N;NIE;;OK;
EGZEMPLARZ_SPRZETU;1333;938;0000000001469;4;TP-Link Karta sieciowa Wi-Fi USB TL-WN722N;TP-Link Karta sieciowa Wi-Fi USB TL-WN722N;NIE;;OK;
EGZEMPLARZ_SPRZETU;1334;938;0000000002302;5;TP-Link Karta sieciowa Wi-Fi USB TL-WN722N;TP-Link Karta sieciowa Wi-Fi USB TL-WN722N;NIE;;OK;
EGZEMPLARZ_SPRZETU;1335;938;0000000002303;6;TP-Link Karta sieciowa Wi-Fi USB TL-WN722N;TP-Link Karta sieciowa Wi-Fi USB TL-WN722N;NIE;;OK;
EGZEMPLARZ_SPRZETU;1336;938;0000000002485;7;TP-Link Karta sieciowa Wi-Fi USB TL-WN722N;TP-Link Karta sieciowa Wi-Fi USB TL-WN722N;NIE;;OK;
MODEL_SPRZETU;939;939;0200000000192;;TV BOX Allwinner X96Q;TV BOX Allwinner X96Q;NIE;;OK;
EGZEMPLARZ_SPRZETU;1000;939;0000000001031;1;TV BOX Allwinner X96Q;TV BOX Allwinner X96Q;NIE;;OK;
EGZEMPLARZ_SPRZETU;1001;939;0000000001032;2;TV BOX Allwinner X96Q;TV BOX Allwinner X96Q;NIE;;OK;
MODEL_SPRZETU;940;940;0200000000187;;Turbosound iQ18B;Turbosound iQ18B;NIE;;OK;
EGZEMPLARZ_SPRZETU;993;940;0000000001024;1;Turbosound iQ18B;Turbosound iQ18B;NIE;;OK;
EGZEMPLARZ_SPRZETU;994;940;0000000001025;2;Turbosound iQ18B;Turbosound iQ18B;NIE;;OK;
MODEL_SPRZETU;941;941;0200000000119;;UPS BlueWalker 1.2kW;UPS BlueWalker 1.2kW;NIE;;OK;
EGZEMPLARZ_SPRZETU;580;941;0000000000621;1;UPS BlueWalker 1.2kW;UPS BlueWalker 1.2kW;NIE;;OK;
MODEL_SPRZETU;942;942;0200000000042;;UPS EAST 2.7kW;UPS EAST 2.7kW;NIE;;OK;
EGZEMPLARZ_SPRZETU;1696;942;0000000000156;1;UPS EAST 2.7kW;UPS EAST 2.7kW;NIE;;OK;
EGZEMPLARZ_SPRZETU;1697;942;0000000000157;2;UPS EAST 2.7kW;UPS EAST 2.7kW;NIE;;OK;
EGZEMPLARZ_SPRZETU;1698;942;0000000000158;3;UPS EAST 2.7kW;UPS EAST 2.7kW;NIE;;OK;
EGZEMPLARZ_SPRZETU;1699;942;0000000000159;4;UPS EAST 2.7kW;UPS EAST 2.7kW;NIE;;OK;
EGZEMPLARZ_SPRZETU;1700;942;0000000000160;5;UPS EAST 2.7kW;UPS EAST 2.7kW;NIE;;OK;
EGZEMPLARZ_SPRZETU;1701;942;0000000000161;6;UPS EAST 2.7kW;UPS EAST 2.7kW;NIE;;OK;
EGZEMPLARZ_SPRZETU;1702;942;0000000003586;7;UPS EAST 2.7kW;UPS EAST 2.7kW;NIE;;OK;
EGZEMPLARZ_SPRZETU;1703;942;0000000003587;8;UPS EAST 2.7kW;UPS EAST 2.7kW;NIE;;OK;
MODEL_SPRZETU;943;943;0000000001030;;Uchwyt L'Acoustics X-US1215 do głośników X12;Uchwyt L'Acoustics X-US1215 do głośników X12;NIE;;OK;
MODEL_SPRZETU;944;944;0000000001555;;Uchwyt mikrofonowy;Uchwyt mikrofonowy;NIE;;OK;
MODEL_OPAKOWANIA;945;945;;;W-DMX (zestaw 1);W-DMX (zestaw 1);NIE;;OK;
MODEL_OPAKOWANIA;946;946;;;W-DMX (zestaw 2);W-DMX (zestaw 2);NIE;;OK;
MODEL_OPAKOWANIA;947;947;;;Walizka z mikrofonami [1];Walizka z mikrofonami [1];NIE;;OK;
MODEL_SPRZETU;948;948;0000000001473;;Warmel Steelflex 1T 2 m;Warmel Steelflex 1T 2 m;NIE;;OK;
MODEL_SPRZETU;949;949;0200000000183;;Wciągarka TOR Industries 1T 6m;Wciągarka TOR Industries 1T 6m;NIE;;OK;
EGZEMPLARZ_SPRZETU;961;949;0000000000992;1;Wciągarka TOR Industries 1T 6m;Wciągarka TOR Industries 1T 6m;NIE;;OK;
EGZEMPLARZ_SPRZETU;962;949;0000000000993;2;Wciągarka TOR Industries 1T 6m;Wciągarka TOR Industries 1T 6m;NIE;;OK;
EGZEMPLARZ_SPRZETU;963;949;0000000000994;3;Wciągarka TOR Industries 1T 6m;Wciągarka TOR Industries 1T 6m;NIE;;OK;
EGZEMPLARZ_SPRZETU;964;949;0000000000995;4;Wciągarka TOR Industries 1T 6m;Wciągarka TOR Industries 1T 6m;NIE;;OK;
EGZEMPLARZ_SPRZETU;965;949;0000000000996;5;Wciągarka TOR Industries 1T 6m;Wciągarka TOR Industries 1T 6m;NIE;;OK;
EGZEMPLARZ_SPRZETU;966;949;0000000000997;6;Wciągarka TOR Industries 1T 6m;Wciągarka TOR Industries 1T 6m;NIE;;OK;
MODEL_SPRZETU;950;950;0200000000182;;Wciągarka TOR Industries 1T 9m;Wciągarka TOR Industries 1T 9m;NIE;;OK;
EGZEMPLARZ_SPRZETU;955;950;0000000000986;1;Wciągarka TOR Industries 1T 9m;Wciągarka TOR Industries 1T 9m;NIE;;OK;
EGZEMPLARZ_SPRZETU;956;950;0000000000987;2;Wciągarka TOR Industries 1T 9m;Wciągarka TOR Industries 1T 9m;NIE;;OK;
EGZEMPLARZ_SPRZETU;957;950;0000000000988;3;Wciągarka TOR Industries 1T 9m;Wciągarka TOR Industries 1T 9m;NIE;;OK;
EGZEMPLARZ_SPRZETU;958;950;0000000000989;4;Wciągarka TOR Industries 1T 9m;Wciągarka TOR Industries 1T 9m;NIE;;OK;
EGZEMPLARZ_SPRZETU;959;950;0000000000990;5;Wciągarka TOR Industries 1T 9m;Wciągarka TOR Industries 1T 9m;NIE;;OK;
EGZEMPLARZ_SPRZETU;960;950;0000000000991;6;Wciągarka TOR Industries 1T 9m;Wciągarka TOR Industries 1T 9m;NIE;;OK;
MODEL_OPAKOWANIA;951;951;0000000002652;;Western Cases Deska na kratownicę 30x30cm;Western Cases Deska na kratownicę 30x30cm;NIE;;OK;
MODEL_SPRZETU;952;952;0200000000197;;Wiertarko-wkrętarka Parkside z zestawem akcesoriów;Wiertarko-wkrętarka Parkside z zestawem akcesoriów;NIE;;OK;
EGZEMPLARZ_SPRZETU;1017;952;0000000001043;1;Wiertarko-wkrętarka Parkside z zestawem akcesoriów;Wiertarko-wkrętarka Parkside z zestawem akcesoriów;NIE;;OK;
EGZEMPLARZ_SPRZETU;1018;952;0000000001044;2;Wiertarko-wkrętarka Parkside z zestawem akcesoriów;Wiertarko-wkrętarka Parkside z zestawem akcesoriów;NIE;;OK;
EGZEMPLARZ_SPRZETU;1019;952;0000000001045;3;Wiertarko-wkrętarka Parkside z zestawem akcesoriów;Wiertarko-wkrętarka Parkside z zestawem akcesoriów;NIE;;OK;
EGZEMPLARZ_SPRZETU;1020;952;0000000001046;4;Wiertarko-wkrętarka Parkside z zestawem akcesoriów;Wiertarko-wkrętarka Parkside z zestawem akcesoriów;NIE;;OK;
MODEL_SPRZETU;953;953;0200000000605;;Wkrętak akumulatorowy Bosch GO 2.0;Wkrętak akumulatorowy Bosch GO 2.0;NIE;;OK;
EGZEMPLARZ_SPRZETU;2718;953;0000000003610;1;Wkrętak akumulatorowy Bosch GO 2.0;Wkrętak akumulatorowy Bosch GO 2.0;NIE;;OK;
MODEL_SPRZETU;954;954;0200000000199;;Wkrętarka Makita DDF453;Wkrętarka Makita DDF453;NIE;;OK;
EGZEMPLARZ_SPRZETU;1022;954;0000000001048;1;Wkrętarka Makita DDF453;Wkrętarka Makita DDF453;NIE;;OK;
MODEL_SPRZETU;955;955;0200000000198;;Wkrętarka Milwaukee M12;Wkrętarka Milwaukee M12;NIE;;OK;
EGZEMPLARZ_SPRZETU;1021;955;0000000001047;1;Wkrętarka Milwaukee M12;Wkrętarka Milwaukee M12;NIE;;OK;
MODEL_SPRZETU;956;956;0000000002313;;Wkładka zaciskająca Alustage SCD-24;Wkładka zaciskająca Alustage SCD-24;NIE;;OK;
MODEL_SPRZETU;957;957;0000000002310;;Worek na łańcuch do wciągarek;Worek na łańcuch do wciągarek;NIE;;OK;
MODEL_SPRZETU;958;958;0200000000203;;Wzmacniacz słuchawkowy LD SYSTEMS HPA 4 + 4x słuchawki nauszne;Wzmacniacz słuchawkowy LD SYSTEMS HPA 4 + 4x słuchawki nauszne;NIE;;OK;
EGZEMPLARZ_SPRZETU;1038;958;0000000001053;1;Wzmacniacz słuchawkowy LD SYSTEMS HPA 4 + 4x słuchawki nauszne;Wzmacniacz słuchawkowy LD SYSTEMS HPA 4 + 4x słuchawki nauszne;NIE;;OK;
MODEL_SPRZETU;959;959;0200000000202;;Wzmacniacz słuchawkowy SM Pro Audio XPH 4;Wzmacniacz słuchawkowy SM Pro Audio XPH 4;NIE;;OK;
EGZEMPLARZ_SPRZETU;1037;959;0000000001052;1;Wzmacniacz słuchawkowy SM Pro Audio XPH 4;Wzmacniacz słuchawkowy SM Pro Audio XPH 4;NIE;;OK;
MODEL_SPRZETU;960;960;0200000000166;;X-Dot Brighter Wash IP;X-Dot Brighter Wash IP;NIE;;OK;
EGZEMPLARZ_SPRZETU;892;960;0000000000916;1;X-Dot Brighter Wash IP;X-Dot Brighter Wash IP;NIE;;OK;
EGZEMPLARZ_SPRZETU;893;960;0000000000917;2;X-Dot Brighter Wash IP;X-Dot Brighter Wash IP;NIE;;OK;
EGZEMPLARZ_SPRZETU;894;960;0000000000918;3;X-Dot Brighter Wash IP;X-Dot Brighter Wash IP;NIE;;OK;
EGZEMPLARZ_SPRZETU;895;960;0000000000919;4;X-Dot Brighter Wash IP;X-Dot Brighter Wash IP;NIE;;OK;
EGZEMPLARZ_SPRZETU;896;960;0000000000920;5;X-Dot Brighter Wash IP;X-Dot Brighter Wash IP;NIE;;OK;
EGZEMPLARZ_SPRZETU;897;960;0000000000921;6;X-Dot Brighter Wash IP;X-Dot Brighter Wash IP;NIE;;OK;
MODEL_SPRZETU;961;961;0200000000053;;Yellobrik LYNX SPG 1708 generator genlock;Yellobrik LYNX SPG 1708 generator genlock;NIE;;OK;
EGZEMPLARZ_SPRZETU;1977;961;0000000000249;1;Yellobrik LYNX SPG 1708 generator genlock;Yellobrik LYNX SPG 1708 generator genlock;NIE;;OK;
MODEL_OPAKOWANIA;962;962;;;ZESTAW MIKROFONÓW INSTRUMENTALNYCH [2];ZESTAW MIKROFONÓW INSTRUMENTALNYCH [2];NIE;;OK;
MODEL_SPRZETU;963;963;0200000000583;;Zasilacz kamery fx6;Zasilacz kamery fx6;NIE;;OK;
EGZEMPLARZ_SPRZETU;2705;963;0000000003565;1;Zasilacz kamery;Zasilacz kamery;NIE;;OK;
EGZEMPLARZ_SPRZETU;2706;963;0000000003580;2;Zasilacz kamery FX6;Zasilacz kamery FX6;NIE;;OK;
MODEL_SPRZETU;964;964;0000000001305;;Zastawki komplet (3szt);Zastawki komplet (3szt);NIE;;OK;
MODEL_SPRZETU;965;965;0000000000622;;Zastrzał nóg Alustage 1,0m z klamrami;Zastrzał nóg Alustage 1,0m z klamrami;NIE;;OK;
MODEL_SPRZETU;966;966;0000000002747;;Zastrzał nóg Alustage 2,0m z klamrami;Zastrzał nóg Alustage 2,0m z klamrami;NIE;;OK;
MODEL_SPRZETU;967;967;0000000001475;;Zawiesie pasowe 2T 6 m;Zawiesie pasowe 2T 6 m;NIE;;OK;
MODEL_SPRZETU;968;968;0000000001483;;Zawiesie stalowe 1T 2 m;Zawiesie stalowe 1T 2 m;NIE;;OK;
MODEL_SPRZETU;969;969;0200000000422;;Zestaw słuchawkowy Intercom Vokkero;Zestaw słuchawkowy Intercom Vokkero;NIE;;OK;
EGZEMPLARZ_SPRZETU;1704;969;0000000001786;1;Zestaw słuchawkowy Intercom Vokkero;Zestaw słuchawkowy Intercom Vokkero;NIE;;OK;
EGZEMPLARZ_SPRZETU;1705;969;0000000001787;2;Zestaw słuchawkowy Intercom Vokkero;Zestaw słuchawkowy Intercom Vokkero;NIE;;OK;
EGZEMPLARZ_SPRZETU;1706;969;0000000001788;3;Zestaw słuchawkowy Intercom Vokkero;Zestaw słuchawkowy Intercom Vokkero;NIE;;OK;
EGZEMPLARZ_SPRZETU;1707;969;0000000001789;4;Zestaw słuchawkowy Intercom Vokkero;Zestaw słuchawkowy Intercom Vokkero;NIE;;OK;
EGZEMPLARZ_SPRZETU;1708;969;0000000001790;5;Zestaw słuchawkowy Intercom Vokkero;Zestaw słuchawkowy Intercom Vokkero;NIE;;OK;
EGZEMPLARZ_SPRZETU;1709;969;0000000001791;6;Zestaw słuchawkowy Intercom Vokkero;Zestaw słuchawkowy Intercom Vokkero;NIE;;OK;
EGZEMPLARZ_SPRZETU;1710;969;0000000001792;7;Zestaw słuchawkowy Intercom Vokkero;Zestaw słuchawkowy Intercom Vokkero;NIE;;OK;
EGZEMPLARZ_SPRZETU;1711;969;0000000001793;8;Zestaw słuchawkowy Intercom Vokkero;Zestaw słuchawkowy Intercom Vokkero;NIE;;OK;
MODEL_SPRZETU;970;970;0200000000463;;iPad (9th);iPad (9th);NIE;;OK;
EGZEMPLARZ_SPRZETU;1869;970;0000000002525;10;iPad (9th);iPad (9th);NIE;;OK;
EGZEMPLARZ_SPRZETU;1870;970;0000000002526;11;iPad (9th);iPad (9th);NIE;;OK;
EGZEMPLARZ_SPRZETU;1871;970;0000000002519;4;iPad (9th);iPad (9th);NIE;;OK;
EGZEMPLARZ_SPRZETU;1872;970;0000000002520;5;iPad (9th);iPad (9th);NIE;;OK;
EGZEMPLARZ_SPRZETU;1873;970;0000000002521;6;iPad (9th);iPad (9th);NIE;;OK;
EGZEMPLARZ_SPRZETU;1874;970;0000000002522;7;iPad (9th);iPad (9th);NIE;;OK;
EGZEMPLARZ_SPRZETU;1875;970;0000000002523;8;iPad (9th);iPad (9th);NIE;;OK;
EGZEMPLARZ_SPRZETU;1876;970;0000000002524;9;iPad (9th);iPad (9th);NIE;;OK;
MODEL_SPRZETU;971;971;0200000000081;;konwerter światłowodowy Novastar CVT10-M;konwerter światłowodowy Novastar CVT10-M;NIE;;OK;
EGZEMPLARZ_SPRZETU;2805;971;0000000000333;1;konwerter światłowodowy Novastar CVT10-M;konwerter światłowodowy Novastar CVT10-M;NIE;;OK;
EGZEMPLARZ_SPRZETU;2806;971;0000000000334;2;konwerter światłowodowy Novastar CVT10-M;konwerter światłowodowy Novastar CVT10-M;NIE;;OK;
EGZEMPLARZ_SPRZETU;2807;971;0000000000335;3;konwerter światłowodowy Novastar CVT10-M;konwerter światłowodowy Novastar CVT10-M;NIE;;OK;
EGZEMPLARZ_SPRZETU;2808;971;0000000000336;4;konwerter światłowodowy Novastar CVT10-M;konwerter światłowodowy Novastar CVT10-M;NIE;;OK;
MODEL_SPRZETU;972;972;0200000000082;;konwerter światłowodowy Novastar CVT4K-M;konwerter światłowodowy Novastar CVT4K-M;NIE;;OK;
EGZEMPLARZ_SPRZETU;2809;972;0000000000337;1;konwerter światłowodowy Novastar CVT4K-M;konwerter światłowodowy Novastar CVT4K-M;NIE;;OK;
EGZEMPLARZ_SPRZETU;2810;972;0000000000338;2;konwerter światłowodowy Novastar CVT4K-M;konwerter światłowodowy Novastar CVT4K-M;NIE;;OK;
EGZEMPLARZ_SPRZETU;2811;972;0000000000339;3;konwerter światłowodowy Novastar CVT4K-M;konwerter światłowodowy Novastar CVT4K-M;NIE;;OK;
EGZEMPLARZ_SPRZETU;2812;972;0000000000340;4;konwerter światłowodowy Novastar CVT4K-M;konwerter światłowodowy Novastar CVT4K-M;NIE;;OK;
MODEL_SPRZETU;973;973;0200000000230;;mikrofon pojemnościowy Austrian Audio CC8;mikrofon pojemnościowy Austrian Audio CC8;NIE;;OK;
EGZEMPLARZ_SPRZETU;1224;973;0000000001195;1;mikrofon pojemnościowy Austrian Audio CC8;mikrofon pojemnościowy Austrian Audio CC8;NIE;;OK;
EGZEMPLARZ_SPRZETU;1225;973;0000000001196;2;mikrofon pojemnościowy Austrian Audio CC8;mikrofon pojemnościowy Austrian Audio CC8;NIE;;OK;
EGZEMPLARZ_SPRZETU;1226;973;0000000001197;3;mikrofon pojemnościowy Austrian Audio CC8;mikrofon pojemnościowy Austrian Audio CC8;NIE;;OK;
EGZEMPLARZ_SPRZETU;1227;973;0000000001198;4;mikrofon pojemnościowy Austrian Audio CC8;mikrofon pojemnościowy Austrian Audio CC8;NIE;;OK;
MODEL_SPRZETU;974;974;0200000000563;;nadajnik DMX;nadajnik DMX;NIE;;OK;
EGZEMPLARZ_SPRZETU;1993;974;0000000002741;1;W-DMX Orb TX;W-DMX Orb TX;NIE;;OK;
EGZEMPLARZ_SPRZETU;1994;974;0000000002744;2;W-DMX Orb TX;W-DMX Orb TX;NIE;;OK;
MODEL_SPRZETU;975;975;0200000000564;;odbiornik DMX;odbiornik DMX;NIE;;OK;
EGZEMPLARZ_SPRZETU;1995;975;0000000002742;1;W-DMX Orb RX;W-DMX Orb RX;NIE;;OK;
EGZEMPLARZ_SPRZETU;1996;975;0000000002743;2;W-DMX Orb RX;W-DMX Orb RX;NIE;;OK;
EGZEMPLARZ_SPRZETU;1997;975;0000000002745;3;W-DMX Orb RX;W-DMX Orb RX;NIE;;OK;
EGZEMPLARZ_SPRZETU;1998;975;0000000002746;4;W-DMX Orb RX;W-DMX Orb RX;NIE;;OK;
MODEL_SPRZETU;976;976;0200000000582;;podpórka obiektywu SmallRig BSL2681;podpórka obiektywu SmallRig BSL2681;NIE;;OK;
EGZEMPLARZ_SPRZETU;2703;976;0000000003564;1;podpórka obiektywu SmallRig BSL2681;podpórka obiektywu SmallRig BSL2681;NIE;;OK;
EGZEMPLARZ_SPRZETU;2704;976;0000000003579;2;podpórka obiektywu SmallRig BSL2681;podpórka obiektywu SmallRig BSL2681;NIE;;OK;
MODEL_SPRZETU;977;977;0000000001498;;przejściówka DP - HDMI;przejściówka DP - HDMI;NIE;;OK;
MODEL_SPRZETU;978;978;0200000000591;;roadwork sztyca kolumnowa;roadwork sztyca kolumnowa;NIE;;OK;
EGZEMPLARZ_SPRZETU;2710;978;0000000003589;1;roadwork sztyca kolumnowa;roadwork sztyca kolumnowa;NIE;;OK;
EGZEMPLARZ_SPRZETU;2711;978;0000000003590;2;roadwork sztyca kolumnowa;roadwork sztyca kolumnowa;NIE;;OK;
MODEL_SPRZETU;979;979;0200000000560;;xiaomi TV BOX S;xiaomi TV BOX S;NIE;;OK;
EGZEMPLARZ_SPRZETU;1981;979;0000000002723;1;xiaomi TV BOX S;xiaomi TV BOX S;NIE;;OK;
EGZEMPLARZ_SPRZETU;1982;979;0000000002732;10;xiaomi TV BOX S;xiaomi TV BOX S;NIE;;OK;
EGZEMPLARZ_SPRZETU;1983;979;0000000002724;2;xiaomi TV BOX S;xiaomi TV BOX S;NIE;;OK;
EGZEMPLARZ_SPRZETU;1984;979;0000000002725;3;xiaomi TV BOX S;xiaomi TV BOX S;NIE;;OK;
EGZEMPLARZ_SPRZETU;1985;979;0000000002726;4;xiaomi TV BOX S;xiaomi TV BOX S;NIE;;OK;
EGZEMPLARZ_SPRZETU;1986;979;0000000002727;5;xiaomi TV BOX S;xiaomi TV BOX S;NIE;;OK;
EGZEMPLARZ_SPRZETU;1987;979;0000000002728;6;xiaomi TV BOX S;xiaomi TV BOX S;NIE;;OK;
EGZEMPLARZ_SPRZETU;1988;979;0000000002729;7;xiaomi TV BOX S;xiaomi TV BOX S;NIE;;OK;
EGZEMPLARZ_SPRZETU;1989;979;0000000002730;8;xiaomi TV BOX S;xiaomi TV BOX S;NIE;;OK;
EGZEMPLARZ_SPRZETU;1990;979;0000000002731;9;xiaomi TV BOX S;xiaomi TV BOX S;NIE;;OK;
MODEL_SPRZETU;980;980;0000000001556;;Ładowarka Everactive NC1600;Ładowarka Everactive NC1600;NIE;;OK;
MODEL_SPRZETU;981;981;0000000001737;;Ładowarka Motorola WPLN4137br;Ładowarka Motorola WPLN4137br;NIE;;OK;
MODEL_SPRZETU;982;982;0200000000393;;Ładowarka Sennheiser CHG-2;Ładowarka Sennheiser CHG-2;NIE;;OK;
EGZEMPLARZ_SPRZETU;1543;982;0000000001619;1;Ładowarka Sennheiser CHG-2;Ładowarka Sennheiser CHG-2;NIE;;OK;
EGZEMPLARZ_SPRZETU;1544;982;0000000001620;2;Ładowarka Sennheiser CHG-2;Ładowarka Sennheiser CHG-2;NIE;;OK;
MODEL_SPRZETU;983;983;0200000000577;;Ładowarka na dwie baterie SWIT S-3602U;Ładowarka na dwie baterie SWIT S-3602U;NIE;;OK;
EGZEMPLARZ_SPRZETU;2689;983;0000000003558;1;Ładowarka na dwie baterie SWIT S-3602U;Ładowarka na dwie baterie SWIT S-3602U;NIE;;OK;
EGZEMPLARZ_SPRZETU;2690;983;0000000003574;2;Ładowarka na dwie baterie SWIT S-3602U;Ładowarka na dwie baterie SWIT S-3602U;NIE;;OK;
MODEL_SPRZETU;984;984;0000000001221;;Ławka biała;Ławka biała;NIE;;OK;
MODEL_SPRZETU;985;985;0200000000116;;Światłowód 150m;Światłowód 150m;NIE;;OK;
EGZEMPLARZ_SPRZETU;568;985;0000000000609;1;Światłowód 150m;Światłowód 150m;NIE;;OK;
EGZEMPLARZ_SPRZETU;569;985;0000000000610;2;Światłowód 150m;Światłowód 150m;NIE;;OK;
EGZEMPLARZ_SPRZETU;570;985;0000000000611;3;Światłowód 150m;Światłowód 150m;NIE;;OK;
EGZEMPLARZ_SPRZETU;571;985;0000000000612;4;Światłowód 150m;Światłowód 150m;NIE;;OK;
EGZEMPLARZ_SPRZETU;572;985;0000000000613;5;Światłowód 150m;Światłowód 150m;NIE;;OK;
EGZEMPLARZ_SPRZETU;573;985;0000000000614;6;Światłowód 150m;Światłowód 150m;NIE;;OK;
EGZEMPLARZ_SPRZETU;574;985;0000000000615;7;Światłowód 150m;Światłowód 150m;NIE;;OK;
MODEL_SPRZETU;986;986;0200000000084;;Światłowód MPO 12 100m na bębnie;Światłowód MPO 12 100m na bębnie;NIE;;OK;
EGZEMPLARZ_SPRZETU;2817;986;0000000000345;1;Światłowód MPO 12 100m;Światłowód MPO 12 100m;NIE;;OK;
EGZEMPLARZ_SPRZETU;2818;986;0000000000346;2;Światłowód MPO 12 100m;Światłowód MPO 12 100m;NIE;;OK;
EGZEMPLARZ_SPRZETU;2819;986;0000000000347;3;Światłowód MPO 12 100m;Światłowód MPO 12 100m;NIE;;OK;
EGZEMPLARZ_SPRZETU;2820;986;0000000000348;4;Światłowód MPO 12 100m;Światłowód MPO 12 100m;NIE;;OK;
EGZEMPLARZ_SPRZETU;2821;986;0000000001425;5;Światłowód MPO 12 100m;Światłowód MPO 12 100m;NIE;;OK;
EGZEMPLARZ_SPRZETU;2822;986;0000000001426;6;Światłowód MPO 12 100m;Światłowód MPO 12 100m;NIE;;OK;
MODEL_SPRZETU;987;987;0200000000083;;Światłowód MPO 12 200m na bębnie;Światłowód MPO 12 200m na bębnie;NIE;;OK;
EGZEMPLARZ_SPRZETU;2813;987;0000000000341;1;Światłowód MPO 12 200m;Światłowód MPO 12 200m;NIE;;OK;
EGZEMPLARZ_SPRZETU;2814;987;0000000000342;2;Światłowód MPO 12 200m;Światłowód MPO 12 200m;NIE;;OK;
EGZEMPLARZ_SPRZETU;2815;987;0000000000343;3;Światłowód MPO 12 200m;Światłowód MPO 12 200m;NIE;;OK;
EGZEMPLARZ_SPRZETU;2816;987;0000000000344;4;Światłowód MPO 12 200m;Światłowód MPO 12 200m;NIE;;OK;